[18Jun2026 00:28:01.782] [main/INFO] [cpw.mods.modlauncher.Launcher/MODLAUNCHER]: ModLauncher running: args [--launchTarget, forgeclientuserdev, --version, MOD_DEV, --assetIndex, 5, --assetsDir, C:\Users\user\.gradle\caches\forge_gradle\assets, --gameDir, ., --fml.forgeVersion, 47.4.10, --fml.mcVersion, 1.20.1, --fml.forgeGroup, net.minecraftforge, --fml.mcpVersion, 20230612.114412]
[18Jun2026 00:28:01.788] [main/INFO] [cpw.mods.modlauncher.Launcher/MODLAUNCHER]: ModLauncher 10.0.10+10.0.10+main.22f00f84 starting: java version 17.0.19 by Eclipse Adoptium; OS Windows 11 arch amd64 version 10.0
[18Jun2026 00:28:01.838] [main/DEBUG] [cpw.mods.modlauncher.LaunchServiceHandler/MODLAUNCHER]: Found launch services [fmlclientdev,forgeclient,minecraft,forgegametestserverdev,fmlserveruserdev,fmlclient,fmldatauserdev,forgeserverdev,forgeserveruserdev,forgeclientdev,forgeclientuserdev,forgeserver,forgedatadev,fmlserver,fmlclientuserdev,fmlserverdev,forgedatauserdev,testharness,forgegametestserveruserdev]
[18Jun2026 00:28:01.855] [main/DEBUG] [cpw.mods.modlauncher.NameMappingServiceHandler/MODLAUNCHER]: Found naming services : [srgtomcp]
[18Jun2026 00:28:01.871] [main/DEBUG] [cpw.mods.modlauncher.LaunchPluginHandler/MODLAUNCHER]: Found launch plugins: [mixin,eventbus,slf4jfixer,object_holder_definalize,runtime_enum_extender,capability_token_subclass,accesstransformer,runtimedistcleaner]
[18Jun2026 00:28:01.884] [main/DEBUG] [cpw.mods.modlauncher.TransformationServicesHandler/MODLAUNCHER]: Discovering transformation services
[18Jun2026 00:28:01.889] [main/DEBUG] [net.minecraftforge.fml.loading.FMLPaths/CORE]: Path GAMEDIR is C:\Users\user\IdeaProjects\Mana_Sub_Zero\run
[18Jun2026 00:28:01.890] [main/DEBUG] [net.minecraftforge.fml.loading.FMLPaths/CORE]: Path MODSDIR is C:\Users\user\IdeaProjects\Mana_Sub_Zero\run\mods
[18Jun2026 00:28:01.890] [main/DEBUG] [net.minecraftforge.fml.loading.FMLPaths/CORE]: Path CONFIGDIR is C:\Users\user\IdeaProjects\Mana_Sub_Zero\run\config
[18Jun2026 00:28:01.891] [main/DEBUG] [net.minecraftforge.fml.loading.FMLPaths/CORE]: Path FMLCONFIG is C:\Users\user\IdeaProjects\Mana_Sub_Zero\run\config\fml.toml
[18Jun2026 00:28:01.933] [main/DEBUG] [cpw.mods.modlauncher.TransformationServicesHandler/MODLAUNCHER]: Found additional transformation services from discovery services: 
[18Jun2026 00:28:01.938] [main/INFO] [net.minecraftforge.fml.loading.ImmediateWindowHandler/]: Loading ImmediateWindowProvider fmlearlywindow
[18Jun2026 00:28:02.007] [main/INFO] [EARLYDISPLAY/]: Trying GL version 4.6
[18Jun2026 00:28:02.484] [main/INFO] [EARLYDISPLAY/]: Requested GL version 4.6 got version 4.6
[18Jun2026 00:28:02.525] [main/DEBUG] [cpw.mods.modlauncher.TransformationServicesHandler/MODLAUNCHER]: Found transformer services : [mixin,fml]
[18Jun2026 00:28:02.525] [main/DEBUG] [cpw.mods.modlauncher.TransformationServicesHandler/MODLAUNCHER]: Transformation services loading
[18Jun2026 00:28:02.525] [main/DEBUG] [cpw.mods.modlauncher.TransformationServiceDecorator/MODLAUNCHER]: Loading service mixin
[18Jun2026 00:28:02.525] [main/DEBUG] [cpw.mods.modlauncher.TransformationServiceDecorator/MODLAUNCHER]: Loaded service mixin
[18Jun2026 00:28:02.526] [main/DEBUG] [cpw.mods.modlauncher.TransformationServiceDecorator/MODLAUNCHER]: Loading service fml
[18Jun2026 00:28:02.527] [main/DEBUG] [net.minecraftforge.fml.loading.LauncherVersion/CORE]: Found FMLLauncher version 1.0
[18Jun2026 00:28:02.527] [main/DEBUG] [net.minecraftforge.fml.loading.FMLLoader/CORE]: FML 1.0 loading
[18Jun2026 00:28:02.528] [main/DEBUG] [net.minecraftforge.fml.loading.FMLLoader/CORE]: FML found ModLauncher version : 10.0.10+10.0.10+main.22f00f84
[18Jun2026 00:28:02.528] [main/DEBUG] [net.minecraftforge.fml.loading.FMLLoader/CORE]: Requesting CoreMods to not apply the fix for ASMAPI.findFirstInstructionBefore by default
[18Jun2026 00:28:02.528] [main/DEBUG] [net.minecraftforge.fml.loading.FMLLoader/CORE]: FML found AccessTransformer version : 8.0.4+66+master.c09db6d7
[18Jun2026 00:28:02.529] [main/DEBUG] [net.minecraftforge.fml.loading.FMLLoader/CORE]: FML found EventBus version : 6.0.5+6.0.5+master.eb8e549b
[18Jun2026 00:28:02.529] [main/DEBUG] [net.minecraftforge.fml.loading.FMLLoader/CORE]: Found Runtime Dist Cleaner
[18Jun2026 00:28:02.531] [main/DEBUG] [net.minecraftforge.coremod.CoreModEngine/]: CoreMods will preserve legacy behavior of ASMAPI.findFirstInstructionBefore for backwards-compatibility
[18Jun2026 00:28:02.532] [main/DEBUG] [net.minecraftforge.fml.loading.FMLLoader/CORE]: FML found CoreMod version : 5.2.4
[18Jun2026 00:28:02.532] [main/DEBUG] [net.minecraftforge.fml.loading.FMLLoader/CORE]: Found ForgeSPI package implementation version 7.0.1+7.0.1+master.d2b38bf6
[18Jun2026 00:28:02.533] [main/DEBUG] [net.minecraftforge.fml.loading.FMLLoader/CORE]: Found ForgeSPI package specification 5
[18Jun2026 00:28:02.533] [main/DEBUG] [cpw.mods.modlauncher.TransformationServiceDecorator/MODLAUNCHER]: Loaded service fml
[18Jun2026 00:28:02.534] [main/DEBUG] [cpw.mods.modlauncher.TransformationServicesHandler/MODLAUNCHER]: Configuring option handling for services
[18Jun2026 00:28:02.537] [main/DEBUG] [cpw.mods.modlauncher.TransformationServicesHandler/MODLAUNCHER]: Transformation services initializing
[18Jun2026 00:28:02.538] [main/DEBUG] [cpw.mods.modlauncher.TransformationServiceDecorator/MODLAUNCHER]: Initializing transformation service mixin
[18Jun2026 00:28:02.551] [main/DEBUG] [mixin/]: MixinService [ModLauncher] was successfully booted in cpw.mods.cl.ModuleClassLoader@5e82df6a
[18Jun2026 00:28:02.565] [main/INFO] [mixin/]: SpongePowered MIXIN Subsystem Version=0.8.5 Source=union:/C:/Users/user/.gradle/caches/modules-2/files-2.1/org.spongepowered/mixin/0.8.5/9d1c0c3a304ae6697ecd477218fa61b850bf57fc/mixin-0.8.5.jar%23132!/ Service=ModLauncher Env=CLIENT
[18Jun2026 00:28:02.569] [main/DEBUG] [mixin/]: Initialising Mixin Platform Manager
[18Jun2026 00:28:02.570] [main/DEBUG] [mixin/]: Adding mixin platform agents for container ModLauncher Root Container(ModLauncher:4f56a0a2)
[18Jun2026 00:28:02.571] [main/DEBUG] [mixin/]: Instancing new MixinPlatformAgentMinecraftForge for ModLauncher Root Container(ModLauncher:4f56a0a2)
[18Jun2026 00:28:02.571] [main/DEBUG] [mixin/]: MixinPlatformAgentMinecraftForge rejected container ModLauncher Root Container(ModLauncher:4f56a0a2)
[18Jun2026 00:28:02.572] [main/DEBUG] [mixin/]: Instancing new MixinPlatformAgentDefault for ModLauncher Root Container(ModLauncher:4f56a0a2)
[18Jun2026 00:28:02.572] [main/DEBUG] [mixin/]: MixinPlatformAgentDefault accepted container ModLauncher Root Container(ModLauncher:4f56a0a2)
[18Jun2026 00:28:02.574] [main/DEBUG] [cpw.mods.modlauncher.TransformationServiceDecorator/MODLAUNCHER]: Initialized transformation service mixin
[18Jun2026 00:28:02.574] [main/DEBUG] [cpw.mods.modlauncher.TransformationServiceDecorator/MODLAUNCHER]: Initializing transformation service fml
[18Jun2026 00:28:02.575] [main/DEBUG] [net.minecraftforge.fml.loading.FMLServiceProvider/CORE]: Setting up basic FML game directories
[18Jun2026 00:28:02.575] [main/DEBUG] [net.minecraftforge.fml.loading.FMLPaths/CORE]: Path GAMEDIR is C:\Users\user\IdeaProjects\Mana_Sub_Zero\run
[18Jun2026 00:28:02.575] [main/DEBUG] [net.minecraftforge.fml.loading.FMLPaths/CORE]: Path MODSDIR is C:\Users\user\IdeaProjects\Mana_Sub_Zero\run\mods
[18Jun2026 00:28:02.576] [main/DEBUG] [net.minecraftforge.fml.loading.FMLPaths/CORE]: Path CONFIGDIR is C:\Users\user\IdeaProjects\Mana_Sub_Zero\run\config
[18Jun2026 00:28:02.576] [main/DEBUG] [net.minecraftforge.fml.loading.FMLPaths/CORE]: Path FMLCONFIG is C:\Users\user\IdeaProjects\Mana_Sub_Zero\run\config\fml.toml
[18Jun2026 00:28:02.576] [main/DEBUG] [net.minecraftforge.fml.loading.FMLServiceProvider/CORE]: Loading configuration
[18Jun2026 00:28:02.578] [main/DEBUG] [net.minecraftforge.fml.loading.FMLServiceProvider/CORE]: Preparing ModFile
[18Jun2026 00:28:02.580] [main/DEBUG] [net.minecraftforge.fml.loading.FMLServiceProvider/CORE]: Preparing launch handler
[18Jun2026 00:28:02.581] [main/DEBUG] [net.minecraftforge.fml.loading.FMLLoader/CORE]: Using forgeclientuserdev as launch service
[18Jun2026 00:28:02.591] [main/DEBUG] [net.minecraftforge.fml.loading.FMLLoader/CORE]: Received command line version data  : VersionInfo[forgeVersion=47.4.10, mcVersion=1.20.1, mcpVersion=20230612.114412, forgeGroup=net.minecraftforge]
[18Jun2026 00:28:02.592] [main/DEBUG] [cpw.mods.modlauncher.TransformationServiceDecorator/MODLAUNCHER]: Initialized transformation service fml
[18Jun2026 00:28:02.592] [main/DEBUG] [cpw.mods.modlauncher.NameMappingServiceHandler/MODLAUNCHER]: Current naming domain is 'mcp'
[18Jun2026 00:28:02.593] [main/DEBUG] [cpw.mods.modlauncher.NameMappingServiceHandler/MODLAUNCHER]: Identified name mapping providers {srg=srgtomcp:1234}
[18Jun2026 00:28:02.593] [main/DEBUG] [cpw.mods.modlauncher.TransformationServicesHandler/MODLAUNCHER]: Transformation services begin scanning
[18Jun2026 00:28:02.593] [main/DEBUG] [cpw.mods.modlauncher.TransformationServiceDecorator/MODLAUNCHER]: Beginning scan trigger - transformation service mixin
[18Jun2026 00:28:02.594] [main/DEBUG] [cpw.mods.modlauncher.TransformationServiceDecorator/MODLAUNCHER]: End scan trigger - transformation service mixin
[18Jun2026 00:28:02.594] [main/DEBUG] [cpw.mods.modlauncher.TransformationServiceDecorator/MODLAUNCHER]: Beginning scan trigger - transformation service fml
[18Jun2026 00:28:02.594] [main/DEBUG] [net.minecraftforge.fml.loading.FMLServiceProvider/CORE]: Initiating mod scan
[18Jun2026 00:28:02.602] [main/DEBUG] [net.minecraftforge.fml.loading.moddiscovery.ModListHandler/CORE]: Found mod coordinates from lists: []
[18Jun2026 00:28:02.604] [main/DEBUG] [net.minecraftforge.fml.loading.moddiscovery.ModDiscoverer/CORE]: Found Mod Locators : (mods folder:null),(maven libs:null),(exploded directory:null),(minecraft:null),(userdev classpath:null)
[18Jun2026 00:28:02.605] [main/DEBUG] [net.minecraftforge.fml.loading.moddiscovery.ModDiscoverer/CORE]: Found Dependency Locators : (JarInJar:null)
[18Jun2026 00:28:02.607] [pool-2-thread-1/INFO] [EARLYDISPLAY/]: GL info: NVIDIA GeForce RTX 5070 Laptop GPU/PCIe/SSE2 GL version 4.6.0 NVIDIA 576.76, NVIDIA Corporation
[18Jun2026 00:28:02.611] [main/DEBUG] [net.minecraftforge.fml.loading.targets.CommonLaunchHandler/CORE]: Got mod coordinates mana_sub_zero%%C:/Users/user/IdeaProjects/Mana_Sub_Zero\build\resources\main;mana_sub_zero%%C:/Users/user/IdeaProjects/Mana_Sub_Zero\build\classes\java\main from env
[18Jun2026 00:28:02.612] [main/DEBUG] [net.minecraftforge.fml.loading.targets.CommonLaunchHandler/CORE]: Found supplied mod coordinates [{mana_sub_zero=[C:\Users\user\IdeaProjects\Mana_Sub_Zero\build\resources\main, C:\Users\user\IdeaProjects\Mana_Sub_Zero\build\classes\java\main]}]
[18Jun2026 00:28:02.826] [main/DEBUG] [net.minecraftforge.fml.loading.moddiscovery.ModFileInfo/LOADING]: Found valid mod file forge-1.20.1-47.4.10_mapped_official_1.20.1-recomp.jar with {minecraft} mods - versions {1.20.1}
[18Jun2026 00:28:02.831] [main/DEBUG] [net.minecraftforge.fml.loading.moddiscovery.ModFileParser/LOADING]: Considering mod file candidate C:\Users\user\.gradle\caches\modules-2\files-2.1\net.minecraftforge\javafmllanguage\1.20.1-47.4.10\ccc533c7dd67e0983217197d7549c8b49e7ab453\javafmllanguage-1.20.1-47.4.10.jar
[18Jun2026 00:28:02.831] [main/WARN] [net.minecraftforge.fml.loading.moddiscovery.ModFileParser/LOADING]: Mod file C:\Users\user\.gradle\caches\modules-2\files-2.1\net.minecraftforge\javafmllanguage\1.20.1-47.4.10\ccc533c7dd67e0983217197d7549c8b49e7ab453\javafmllanguage-1.20.1-47.4.10.jar is missing mods.toml file
[18Jun2026 00:28:02.835] [main/DEBUG] [net.minecraftforge.fml.loading.moddiscovery.ModFileParser/LOADING]: Considering mod file candidate C:\Users\user\.gradle\caches\modules-2\files-2.1\net.minecraftforge\lowcodelanguage\1.20.1-47.4.10\e9a2879fe3612ea34b9728ec2633304a1e67d480\lowcodelanguage-1.20.1-47.4.10.jar
[18Jun2026 00:28:02.835] [main/WARN] [net.minecraftforge.fml.loading.moddiscovery.ModFileParser/LOADING]: Mod file C:\Users\user\.gradle\caches\modules-2\files-2.1\net.minecraftforge\lowcodelanguage\1.20.1-47.4.10\e9a2879fe3612ea34b9728ec2633304a1e67d480\lowcodelanguage-1.20.1-47.4.10.jar is missing mods.toml file
[18Jun2026 00:28:02.839] [main/DEBUG] [net.minecraftforge.fml.loading.moddiscovery.ModFileParser/LOADING]: Considering mod file candidate C:\Users\user\.gradle\caches\modules-2\files-2.1\net.minecraftforge\mclanguage\1.20.1-47.4.10\ec5cefbbc65c67302b8fac317010faab85fa14b9\mclanguage-1.20.1-47.4.10.jar
[18Jun2026 00:28:02.840] [main/WARN] [net.minecraftforge.fml.loading.moddiscovery.ModFileParser/LOADING]: Mod file C:\Users\user\.gradle\caches\modules-2\files-2.1\net.minecraftforge\mclanguage\1.20.1-47.4.10\ec5cefbbc65c67302b8fac317010faab85fa14b9\mclanguage-1.20.1-47.4.10.jar is missing mods.toml file
[18Jun2026 00:28:02.843] [main/DEBUG] [net.minecraftforge.fml.loading.moddiscovery.ModFileParser/LOADING]: Considering mod file candidate C:\Users\user\.gradle\caches\modules-2\files-2.1\net.minecraftforge\fmlcore\1.20.1-47.4.10\94dae566be650566ea9115a1414ab76bfcf5a804\fmlcore-1.20.1-47.4.10.jar
[18Jun2026 00:28:02.844] [main/WARN] [net.minecraftforge.fml.loading.moddiscovery.ModFileParser/LOADING]: Mod file C:\Users\user\.gradle\caches\modules-2\files-2.1\net.minecraftforge\fmlcore\1.20.1-47.4.10\94dae566be650566ea9115a1414ab76bfcf5a804\fmlcore-1.20.1-47.4.10.jar is missing mods.toml file
[18Jun2026 00:28:02.849] [main/DEBUG] [net.minecraftforge.fml.loading.moddiscovery.ModFileParser/LOADING]: Considering mod file candidate C:\Users\user\IdeaProjects\Mana_Sub_Zero\build\resources\main
[18Jun2026 00:28:02.857] [main/DEBUG] [net.minecraftforge.fml.loading.moddiscovery.ModFileInfo/LOADING]: Found valid mod file main with {mana_sub_zero} mods - versions {1.0.0}
[18Jun2026 00:28:02.860] [main/DEBUG] [net.minecraftforge.fml.loading.moddiscovery.ModFileParser/LOADING]: Considering mod file candidate /
[18Jun2026 00:28:02.863] [main/DEBUG] [net.minecraftforge.fml.loading.moddiscovery.ModFileInfo/LOADING]: Found valid mod file  with {forge} mods - versions {47.4.10}
[18Jun2026 00:28:02.879] [main/DEBUG] [net.minecraftforge.fml.loading.moddiscovery.ModFileParser/LOADING]: Considering mod file candidate C:\Users\user\.gradle\caches\forge_gradle\deobf_dependencies\software\bernie\geckolib\geckolib-forge-1.20.1\4.8_mapped_official_1.20.1\geckolib-forge-1.20.1-4.8_mapped_official_1.20.1.jar
[18Jun2026 00:28:02.880] [main/DEBUG] [net.minecraftforge.fml.loading.moddiscovery.ModFileInfo/LOADING]: Found valid mod file geckolib-forge-1.20.1-4.8_mapped_official_1.20.1.jar with {geckolib} mods - versions {4.8}
[18Jun2026 00:28:02.883] [main/DEBUG] [net.minecraftforge.fml.loading.moddiscovery.ModFileParser/LOADING]: Considering mod file candidate C:\Users\user\.gradle\caches\forge_gradle\deobf_dependencies\top\theillusivec4\curios\curios-forge\5.4.7+1.20.1_mapped_official_1.20.1\curios-forge-5.4.7+1.20.1_mapped_official_1.20.1.jar
[18Jun2026 00:28:02.887] [main/DEBUG] [net.minecraftforge.fml.loading.moddiscovery.ModFileInfo/LOADING]: Found valid mod file curios-forge-5.4.7+1.20.1_mapped_official_1.20.1.jar with {curios} mods - versions {5.4.7+1.20.1}
[18Jun2026 00:28:02.891] [main/DEBUG] [net.minecraftforge.fml.loading.moddiscovery.ModFileParser/LOADING]: Considering mod file candidate C:\Users\user\.gradle\caches\forge_gradle\deobf_dependencies\dev\kosmx\player-anim\player-animation-lib-forge\1.0.2-rc1+1.20_mapped_official_1.20.1\player-animation-lib-forge-1.0.2-rc1+1.20_mapped_official_1.20.1.jar
[18Jun2026 00:28:02.892] [main/DEBUG] [net.minecraftforge.fml.loading.moddiscovery.ModFileInfo/LOADING]: Found valid mod file player-animation-lib-forge-1.0.2-rc1+1.20_mapped_official_1.20.1.jar with {playeranimator} mods - versions {1.0.2-rc1+1.20}
[18Jun2026 00:28:02.894] [main/DEBUG] [net.minecraftforge.fml.loading.moddiscovery.ModFileParser/LOADING]: Considering mod file candidate C:\Users\user\.gradle\caches\forge_gradle\deobf_dependencies\curse\maven\azurelib-817423\7922572_mapped_official_1.20.1\azurelib-817423-7922572_mapped_official_1.20.1.jar
[18Jun2026 00:28:02.896] [main/DEBUG] [net.minecraftforge.fml.loading.moddiscovery.ModFileInfo/LOADING]: Found valid mod file azurelib-817423-7922572_mapped_official_1.20.1.jar with {azurelib} mods - versions {3.1.7}
[18Jun2026 00:28:02.898] [main/DEBUG] [net.minecraftforge.fml.loading.moddiscovery.ModFileParser/LOADING]: Considering mod file candidate C:\Users\user\.gradle\caches\forge_gradle\deobf_dependencies\curse\maven\jei-238222\7920915_mapped_official_1.20.1\jei-238222-7920915_mapped_official_1.20.1.jar
[18Jun2026 00:28:02.899] [main/DEBUG] [net.minecraftforge.fml.loading.moddiscovery.ModFileInfo/LOADING]: Found valid mod file jei-238222-7920915_mapped_official_1.20.1.jar with {jei} mods - versions {15.20.0.130}
[18Jun2026 00:28:02.901] [main/DEBUG] [net.minecraftforge.fml.loading.moddiscovery.ModFileParser/LOADING]: Considering mod file candidate C:\Users\user\.gradle\caches\forge_gradle\deobf_dependencies\curse\maven\placebo-283644\6274231_mapped_official_1.20.1\placebo-283644-6274231_mapped_official_1.20.1.jar
[18Jun2026 00:28:02.902] [main/DEBUG] [net.minecraftforge.fml.loading.moddiscovery.ModFileInfo/LOADING]: Found valid mod file placebo-283644-6274231_mapped_official_1.20.1.jar with {placebo} mods - versions {8.6.3}
[18Jun2026 00:28:02.905] [main/DEBUG] [net.minecraftforge.fml.loading.moddiscovery.ModFileParser/LOADING]: Considering mod file candidate C:\Users\user\.gradle\caches\forge_gradle\deobf_dependencies\curse\maven\aquamirae-536254\7985699_mapped_official_1.20.1\aquamirae-536254-7985699_mapped_official_1.20.1.jar
[18Jun2026 00:28:02.906] [main/DEBUG] [net.minecraftforge.fml.loading.moddiscovery.ModFileInfo/LOADING]: Found valid mod file aquamirae-536254-7985699_mapped_official_1.20.1.jar with {aquamirae} mods - versions {6.4.0}
[18Jun2026 00:28:02.908] [main/DEBUG] [net.minecraftforge.fml.loading.moddiscovery.ModFileParser/LOADING]: Considering mod file candidate C:\Users\user\.gradle\caches\forge_gradle\deobf_dependencies\curse\maven\obscure-api-638417\7171906_mapped_official_1.20.1\obscure-api-638417-7171906_mapped_official_1.20.1.jar
[18Jun2026 00:28:02.909] [main/DEBUG] [net.minecraftforge.fml.loading.moddiscovery.ModFileInfo/LOADING]: Found valid mod file obscure-api-638417-7171906_mapped_official_1.20.1.jar with {obscure_api} mods - versions {18}
[18Jun2026 00:28:02.911] [main/DEBUG] [net.minecraftforge.fml.loading.moddiscovery.ModFileParser/LOADING]: Considering mod file candidate C:\Users\user\.gradle\caches\modules-2\files-2.1\io.github.llamalad7\mixinextras-forge\0.4.1\5c35573a7b76103724799ca1174a69699b8a9aec\mixinextras-forge-0.4.1.jar
[18Jun2026 00:28:02.912] [main/DEBUG] [net.minecraftforge.fml.loading.moddiscovery.ModFileInfo/LOADING]: Found valid mod file mixinextras-forge-0.4.1.jar with {mixinextras} mods - versions {0.4.1}
[18Jun2026 00:28:02.916] [main/DEBUG] [net.minecraftforge.fml.loading.moddiscovery.ModFileParser/LOADING]: Considering mod file candidate C:\Users\user\.gradle\caches\forge_gradle\deobf_dependencies\io\redspace\irons_spellbooks\1.20.1-3.15.0_mapped_official_1.20.1\irons_spellbooks-1.20.1-3.15.0_mapped_official_1.20.1.jar
[18Jun2026 00:28:02.917] [main/DEBUG] [net.minecraftforge.fml.loading.moddiscovery.ModFileInfo/LOADING]: Found valid mod file irons_spellbooks-1.20.1-3.15.0_mapped_official_1.20.1.jar with {irons_spellbooks} mods - versions {1.20.1-3.15.0}
[18Jun2026 00:28:02.919] [main/DEBUG] [net.minecraftforge.fml.loading.moddiscovery.ModFileParser/LOADING]: Considering mod file candidate C:\Users\user\.gradle\caches\forge_gradle\deobf_dependencies\curse\maven\jade-324717\6855440_mapped_official_1.20.1\jade-324717-6855440_mapped_official_1.20.1.jar
[18Jun2026 00:28:02.919] [main/DEBUG] [net.minecraftforge.fml.loading.moddiscovery.ModFileInfo/LOADING]: Found valid mod file jade-324717-6855440_mapped_official_1.20.1.jar with {jade} mods - versions {11.13.2+forge}
[18Jun2026 00:28:02.922] [main/DEBUG] [net.minecraftforge.fml.loading.moddiscovery.ModFileParser/LOADING]: Considering mod file candidate C:\Users\user\.gradle\caches\forge_gradle\deobf_dependencies\curse\maven\ydms-mobhealthbar-mod-559894\4818965_mapped_official_1.20.1\ydms-mobhealthbar-mod-559894-4818965_mapped_official_1.20.1.jar
[18Jun2026 00:28:02.923] [main/DEBUG] [net.minecraftforge.fml.loading.moddiscovery.ModFileInfo/LOADING]: Found valid mod file ydms-mobhealthbar-mod-559894-4818965_mapped_official_1.20.1.jar with {mobhealthbar} mods - versions {2.3.0}
[18Jun2026 00:28:02.925] [main/DEBUG] [net.minecraftforge.fml.loading.moddiscovery.ModFileParser/LOADING]: Considering mod file candidate C:\Users\user\.gradle\caches\forge_gradle\deobf_dependencies\curse\maven\selene-499980\7664875_mapped_official_1.20.1\selene-499980-7664875_mapped_official_1.20.1.jar
[18Jun2026 00:28:02.926] [main/DEBUG] [net.minecraftforge.fml.loading.moddiscovery.ModFileInfo/LOADING]: Found valid mod file selene-499980-7664875_mapped_official_1.20.1.jar with {moonlight} mods - versions {1.20-2.16.28}
[18Jun2026 00:28:02.928] [main/DEBUG] [net.minecraftforge.fml.loading.moddiscovery.ModFileParser/LOADING]: Considering mod file candidate C:\Users\user\.gradle\caches\forge_gradle\deobf_dependencies\curse\maven\mmmmmmmmmmmm-225738\6860192_mapped_official_1.20.1\mmmmmmmmmmmm-225738-6860192_mapped_official_1.20.1.jar
[18Jun2026 00:28:02.928] [main/DEBUG] [net.minecraftforge.fml.loading.moddiscovery.ModFileInfo/LOADING]: Found valid mod file mmmmmmmmmmmm-225738-6860192_mapped_official_1.20.1.jar with {dummmmmmy} mods - versions {1.20-2.0.9}
[18Jun2026 00:28:02.930] [main/DEBUG] [net.minecraftforge.fml.loading.moddiscovery.ModFileParser/LOADING]: Considering mod file candidate C:\Users\user\.gradle\caches\forge_gradle\deobf_dependencies\curse\maven\cloth-config-348521\5729105_mapped_official_1.20.1\cloth-config-348521-5729105_mapped_official_1.20.1.jar
[18Jun2026 00:28:02.931] [main/DEBUG] [net.minecraftforge.fml.loading.moddiscovery.ModFileInfo/LOADING]: Found valid mod file cloth-config-348521-5729105_mapped_official_1.20.1.jar with {cloth_config} mods - versions {11.1.136}
[18Jun2026 00:28:02.933] [main/DEBUG] [net.minecraftforge.fml.loading.moddiscovery.ModFileParser/LOADING]: Considering mod file candidate C:\Users\user\.gradle\caches\forge_gradle\deobf_dependencies\curse\maven\better-combat-by-daedelus-639842\5625757_mapped_official_1.20.1\better-combat-by-daedelus-639842-5625757_mapped_official_1.20.1.jar
[18Jun2026 00:28:02.934] [main/DEBUG] [net.minecraftforge.fml.loading.moddiscovery.ModFileInfo/LOADING]: Found valid mod file better-combat-by-daedelus-639842-5625757_mapped_official_1.20.1.jar with {bettercombat} mods - versions {1.8.6+1.20.1}
[18Jun2026 00:28:02.936] [main/DEBUG] [net.minecraftforge.fml.loading.moddiscovery.ModFileParser/LOADING]: Considering mod file candidate C:\Users\user\.gradle\caches\forge_gradle\deobf_dependencies\curse\maven\configured-457570\5180900_mapped_official_1.20.1\configured-457570-5180900_mapped_official_1.20.1.jar
[18Jun2026 00:28:02.938] [main/DEBUG] [net.minecraftforge.fml.loading.moddiscovery.ModFileInfo/LOADING]: Found valid mod file configured-457570-5180900_mapped_official_1.20.1.jar with {configured} mods - versions {2.2.3}
[18Jun2026 00:28:02.940] [main/DEBUG] [net.minecraftforge.fml.loading.moddiscovery.ModFileParser/LOADING]: Considering mod file candidate C:\Users\user\.gradle\caches\forge_gradle\deobf_dependencies\software\bernie\geckolib\geckolib-forge-1.20.1\4.8_mapped_official_1.20.1\geckolib-forge-1.20.1-4.8_mapped_official_1.20.1.jar
[18Jun2026 00:28:02.941] [main/DEBUG] [net.minecraftforge.fml.loading.moddiscovery.ModFileInfo/LOADING]: Found valid mod file geckolib-forge-1.20.1-4.8_mapped_official_1.20.1.jar with {geckolib} mods - versions {4.8}
[18Jun2026 00:28:02.948] [main/DEBUG] [net.minecraftforge.fml.loading.moddiscovery.ModFileParser/LOADING]: Considering mod file candidate C:\Users\user\.gradle\caches\forge_gradle\deobf_dependencies\top\theillusivec4\curios\curios-forge\5.4.7+1.20.1_mapped_official_1.20.1\curios-forge-5.4.7+1.20.1_mapped_official_1.20.1.jar
[18Jun2026 00:28:02.948] [main/DEBUG] [net.minecraftforge.fml.loading.moddiscovery.ModFileInfo/LOADING]: Found valid mod file curios-forge-5.4.7+1.20.1_mapped_official_1.20.1.jar with {curios} mods - versions {5.4.7+1.20.1}
[18Jun2026 00:28:02.950] [main/DEBUG] [net.minecraftforge.fml.loading.moddiscovery.ModFileParser/LOADING]: Considering mod file candidate C:\Users\user\.gradle\caches\forge_gradle\deobf_dependencies\dev\kosmx\player-anim\player-animation-lib-forge\1.0.2-rc1+1.20_mapped_official_1.20.1\player-animation-lib-forge-1.0.2-rc1+1.20_mapped_official_1.20.1.jar
[18Jun2026 00:28:02.951] [main/DEBUG] [net.minecraftforge.fml.loading.moddiscovery.ModFileInfo/LOADING]: Found valid mod file player-animation-lib-forge-1.0.2-rc1+1.20_mapped_official_1.20.1.jar with {playeranimator} mods - versions {1.0.2-rc1+1.20}
[18Jun2026 00:28:02.953] [main/DEBUG] [net.minecraftforge.fml.loading.moddiscovery.ModFileParser/LOADING]: Considering mod file candidate C:\Users\user\.gradle\caches\forge_gradle\deobf_dependencies\curse\maven\azurelib-817423\7922572_mapped_official_1.20.1\azurelib-817423-7922572_mapped_official_1.20.1.jar
[18Jun2026 00:28:02.954] [main/DEBUG] [net.minecraftforge.fml.loading.moddiscovery.ModFileInfo/LOADING]: Found valid mod file azurelib-817423-7922572_mapped_official_1.20.1.jar with {azurelib} mods - versions {3.1.7}
[18Jun2026 00:28:02.956] [main/DEBUG] [net.minecraftforge.fml.loading.moddiscovery.ModFileParser/LOADING]: Considering mod file candidate C:\Users\user\.gradle\caches\forge_gradle\deobf_dependencies\curse\maven\jei-238222\7920915_mapped_official_1.20.1\jei-238222-7920915_mapped_official_1.20.1.jar
[18Jun2026 00:28:02.957] [main/DEBUG] [net.minecraftforge.fml.loading.moddiscovery.ModFileInfo/LOADING]: Found valid mod file jei-238222-7920915_mapped_official_1.20.1.jar with {jei} mods - versions {15.20.0.130}
[18Jun2026 00:28:02.959] [main/DEBUG] [net.minecraftforge.fml.loading.moddiscovery.ModFileParser/LOADING]: Considering mod file candidate C:\Users\user\.gradle\caches\forge_gradle\deobf_dependencies\curse\maven\placebo-283644\6274231_mapped_official_1.20.1\placebo-283644-6274231_mapped_official_1.20.1.jar
[18Jun2026 00:28:02.959] [main/DEBUG] [net.minecraftforge.fml.loading.moddiscovery.ModFileInfo/LOADING]: Found valid mod file placebo-283644-6274231_mapped_official_1.20.1.jar with {placebo} mods - versions {8.6.3}
[18Jun2026 00:28:02.961] [main/DEBUG] [net.minecraftforge.fml.loading.moddiscovery.ModFileParser/LOADING]: Considering mod file candidate C:\Users\user\.gradle\caches\forge_gradle\deobf_dependencies\curse\maven\aquamirae-536254\7985699_mapped_official_1.20.1\aquamirae-536254-7985699_mapped_official_1.20.1.jar
[18Jun2026 00:28:02.962] [main/DEBUG] [net.minecraftforge.fml.loading.moddiscovery.ModFileInfo/LOADING]: Found valid mod file aquamirae-536254-7985699_mapped_official_1.20.1.jar with {aquamirae} mods - versions {6.4.0}
[18Jun2026 00:28:02.964] [main/DEBUG] [net.minecraftforge.fml.loading.moddiscovery.ModFileParser/LOADING]: Considering mod file candidate C:\Users\user\.gradle\caches\forge_gradle\deobf_dependencies\curse\maven\obscure-api-638417\7171906_mapped_official_1.20.1\obscure-api-638417-7171906_mapped_official_1.20.1.jar
[18Jun2026 00:28:02.965] [main/DEBUG] [net.minecraftforge.fml.loading.moddiscovery.ModFileInfo/LOADING]: Found valid mod file obscure-api-638417-7171906_mapped_official_1.20.1.jar with {obscure_api} mods - versions {18}
[18Jun2026 00:28:02.966] [main/DEBUG] [net.minecraftforge.fml.loading.moddiscovery.ModFileParser/LOADING]: Considering mod file candidate C:\Users\user\.gradle\caches\modules-2\files-2.1\io.github.llamalad7\mixinextras-forge\0.4.1\5c35573a7b76103724799ca1174a69699b8a9aec\mixinextras-forge-0.4.1.jar
[18Jun2026 00:28:02.967] [main/DEBUG] [net.minecraftforge.fml.loading.moddiscovery.ModFileInfo/LOADING]: Found valid mod file mixinextras-forge-0.4.1.jar with {mixinextras} mods - versions {0.4.1}
[18Jun2026 00:28:02.970] [main/DEBUG] [net.minecraftforge.fml.loading.moddiscovery.ModFileParser/LOADING]: Considering mod file candidate C:\Users\user\.gradle\caches\forge_gradle\deobf_dependencies\io\redspace\irons_spellbooks\1.20.1-3.15.0_mapped_official_1.20.1\irons_spellbooks-1.20.1-3.15.0_mapped_official_1.20.1.jar
[18Jun2026 00:28:02.971] [main/DEBUG] [net.minecraftforge.fml.loading.moddiscovery.ModFileInfo/LOADING]: Found valid mod file irons_spellbooks-1.20.1-3.15.0_mapped_official_1.20.1.jar with {irons_spellbooks} mods - versions {1.20.1-3.15.0}
[18Jun2026 00:28:02.973] [main/DEBUG] [net.minecraftforge.fml.loading.moddiscovery.ModFileParser/LOADING]: Considering mod file candidate C:\Users\user\.gradle\caches\forge_gradle\deobf_dependencies\curse\maven\jade-324717\6855440_mapped_official_1.20.1\jade-324717-6855440_mapped_official_1.20.1.jar
[18Jun2026 00:28:02.974] [main/DEBUG] [net.minecraftforge.fml.loading.moddiscovery.ModFileInfo/LOADING]: Found valid mod file jade-324717-6855440_mapped_official_1.20.1.jar with {jade} mods - versions {11.13.2+forge}
[18Jun2026 00:28:02.976] [main/DEBUG] [net.minecraftforge.fml.loading.moddiscovery.ModFileParser/LOADING]: Considering mod file candidate C:\Users\user\.gradle\caches\forge_gradle\deobf_dependencies\curse\maven\ydms-mobhealthbar-mod-559894\4818965_mapped_official_1.20.1\ydms-mobhealthbar-mod-559894-4818965_mapped_official_1.20.1.jar
[18Jun2026 00:28:02.976] [main/DEBUG] [net.minecraftforge.fml.loading.moddiscovery.ModFileInfo/LOADING]: Found valid mod file ydms-mobhealthbar-mod-559894-4818965_mapped_official_1.20.1.jar with {mobhealthbar} mods - versions {2.3.0}
[18Jun2026 00:28:02.978] [main/DEBUG] [net.minecraftforge.fml.loading.moddiscovery.ModFileParser/LOADING]: Considering mod file candidate C:\Users\user\.gradle\caches\forge_gradle\deobf_dependencies\curse\maven\selene-499980\7664875_mapped_official_1.20.1\selene-499980-7664875_mapped_official_1.20.1.jar
[18Jun2026 00:28:02.978] [main/DEBUG] [net.minecraftforge.fml.loading.moddiscovery.ModFileInfo/LOADING]: Found valid mod file selene-499980-7664875_mapped_official_1.20.1.jar with {moonlight} mods - versions {1.20-2.16.28}
[18Jun2026 00:28:02.980] [main/DEBUG] [net.minecraftforge.fml.loading.moddiscovery.ModFileParser/LOADING]: Considering mod file candidate C:\Users\user\.gradle\caches\forge_gradle\deobf_dependencies\curse\maven\mmmmmmmmmmmm-225738\6860192_mapped_official_1.20.1\mmmmmmmmmmmm-225738-6860192_mapped_official_1.20.1.jar
[18Jun2026 00:28:02.981] [main/DEBUG] [net.minecraftforge.fml.loading.moddiscovery.ModFileInfo/LOADING]: Found valid mod file mmmmmmmmmmmm-225738-6860192_mapped_official_1.20.1.jar with {dummmmmmy} mods - versions {1.20-2.0.9}
[18Jun2026 00:28:02.982] [main/DEBUG] [net.minecraftforge.fml.loading.moddiscovery.ModFileParser/LOADING]: Considering mod file candidate C:\Users\user\.gradle\caches\forge_gradle\deobf_dependencies\curse\maven\cloth-config-348521\5729105_mapped_official_1.20.1\cloth-config-348521-5729105_mapped_official_1.20.1.jar
[18Jun2026 00:28:02.983] [main/DEBUG] [net.minecraftforge.fml.loading.moddiscovery.ModFileInfo/LOADING]: Found valid mod file cloth-config-348521-5729105_mapped_official_1.20.1.jar with {cloth_config} mods - versions {11.1.136}
[18Jun2026 00:28:02.985] [main/DEBUG] [net.minecraftforge.fml.loading.moddiscovery.ModFileParser/LOADING]: Considering mod file candidate C:\Users\user\.gradle\caches\forge_gradle\deobf_dependencies\curse\maven\better-combat-by-daedelus-639842\5625757_mapped_official_1.20.1\better-combat-by-daedelus-639842-5625757_mapped_official_1.20.1.jar
[18Jun2026 00:28:02.985] [main/DEBUG] [net.minecraftforge.fml.loading.moddiscovery.ModFileInfo/LOADING]: Found valid mod file better-combat-by-daedelus-639842-5625757_mapped_official_1.20.1.jar with {bettercombat} mods - versions {1.8.6+1.20.1}
[18Jun2026 00:28:02.987] [main/DEBUG] [net.minecraftforge.fml.loading.moddiscovery.ModFileParser/LOADING]: Considering mod file candidate C:\Users\user\.gradle\caches\forge_gradle\deobf_dependencies\curse\maven\configured-457570\5180900_mapped_official_1.20.1\configured-457570-5180900_mapped_official_1.20.1.jar
[18Jun2026 00:28:02.988] [main/DEBUG] [net.minecraftforge.fml.loading.moddiscovery.ModFileInfo/LOADING]: Found valid mod file configured-457570-5180900_mapped_official_1.20.1.jar with {configured} mods - versions {2.2.3}
[18Jun2026 00:28:02.992] [main/DEBUG] [net.minecraftforge.fml.loading.UniqueModListBuilder/]: Found 2 mods for first modid configured, selecting most recent based on version data
[18Jun2026 00:28:02.993] [main/DEBUG] [net.minecraftforge.fml.loading.UniqueModListBuilder/]: Selected file configured-457570-5180900_mapped_official_1.20.1.jar for modid configured with version 2.2.3
[18Jun2026 00:28:02.993] [main/DEBUG] [net.minecraftforge.fml.loading.UniqueModListBuilder/]: Found 2 mods for first modid irons_spellbooks, selecting most recent based on version data
[18Jun2026 00:28:02.993] [main/DEBUG] [net.minecraftforge.fml.loading.UniqueModListBuilder/]: Selected file irons_spellbooks-1.20.1-3.15.0_mapped_official_1.20.1.jar for modid irons_spellbooks with version 1.20.1-3.15.0
[18Jun2026 00:28:02.993] [main/DEBUG] [net.minecraftforge.fml.loading.UniqueModListBuilder/]: Found 2 mods for first modid mixinextras, selecting most recent based on version data
[18Jun2026 00:28:02.993] [main/DEBUG] [net.minecraftforge.fml.loading.UniqueModListBuilder/]: Selected file mixinextras-forge-0.4.1.jar for modid mixinextras with version 0.4.1
[18Jun2026 00:28:02.993] [main/DEBUG] [net.minecraftforge.fml.loading.UniqueModListBuilder/]: Found 2 mods for first modid moonlight, selecting most recent based on version data
[18Jun2026 00:28:02.993] [main/DEBUG] [net.minecraftforge.fml.loading.UniqueModListBuilder/]: Selected file selene-499980-7664875_mapped_official_1.20.1.jar for modid moonlight with version 1.20-2.16.28
[18Jun2026 00:28:02.993] [main/DEBUG] [net.minecraftforge.fml.loading.UniqueModListBuilder/]: Found 2 mods for first modid bettercombat, selecting most recent based on version data
[18Jun2026 00:28:02.993] [main/DEBUG] [net.minecraftforge.fml.loading.UniqueModListBuilder/]: Selected file better-combat-by-daedelus-639842-5625757_mapped_official_1.20.1.jar for modid bettercombat with version 1.8.6+1.20.1
[18Jun2026 00:28:02.993] [main/DEBUG] [net.minecraftforge.fml.loading.UniqueModListBuilder/]: Found 2 mods for first modid jade, selecting most recent based on version data
[18Jun2026 00:28:02.993] [main/DEBUG] [net.minecraftforge.fml.loading.UniqueModListBuilder/]: Selected file jade-324717-6855440_mapped_official_1.20.1.jar for modid jade with version 11.13.2+forge
[18Jun2026 00:28:02.994] [main/DEBUG] [net.minecraftforge.fml.loading.UniqueModListBuilder/]: Found 2 mods for first modid geckolib, selecting most recent based on version data
[18Jun2026 00:28:02.994] [main/DEBUG] [net.minecraftforge.fml.loading.UniqueModListBuilder/]: Selected file geckolib-forge-1.20.1-4.8_mapped_official_1.20.1.jar for modid geckolib with version 4.8
[18Jun2026 00:28:02.994] [main/DEBUG] [net.minecraftforge.fml.loading.UniqueModListBuilder/]: Found 2 mods for first modid playeranimator, selecting most recent based on version data
[18Jun2026 00:28:02.994] [main/DEBUG] [net.minecraftforge.fml.loading.UniqueModListBuilder/]: Selected file player-animation-lib-forge-1.0.2-rc1+1.20_mapped_official_1.20.1.jar for modid playeranimator with version 1.0.2-rc1+1.20
[18Jun2026 00:28:02.994] [main/DEBUG] [net.minecraftforge.fml.loading.UniqueModListBuilder/]: Found 2 mods for first modid jei, selecting most recent based on version data
[18Jun2026 00:28:02.994] [main/DEBUG] [net.minecraftforge.fml.loading.UniqueModListBuilder/]: Selected file jei-238222-7920915_mapped_official_1.20.1.jar for modid jei with version 15.20.0.130
[18Jun2026 00:28:02.994] [main/DEBUG] [net.minecraftforge.fml.loading.UniqueModListBuilder/]: Found 2 mods for first modid azurelib, selecting most recent based on version data
[18Jun2026 00:28:02.994] [main/DEBUG] [net.minecraftforge.fml.loading.UniqueModListBuilder/]: Selected file azurelib-817423-7922572_mapped_official_1.20.1.jar for modid azurelib with version 3.1.7
[18Jun2026 00:28:02.994] [main/DEBUG] [net.minecraftforge.fml.loading.UniqueModListBuilder/]: Found 2 mods for first modid cloth_config, selecting most recent based on version data
[18Jun2026 00:28:02.994] [main/DEBUG] [net.minecraftforge.fml.loading.UniqueModListBuilder/]: Selected file cloth-config-348521-5729105_mapped_official_1.20.1.jar for modid cloth_config with version 11.1.136
[18Jun2026 00:28:02.994] [main/DEBUG] [net.minecraftforge.fml.loading.UniqueModListBuilder/]: Found 2 mods for first modid obscure_api, selecting most recent based on version data
[18Jun2026 00:28:02.994] [main/DEBUG] [net.minecraftforge.fml.loading.UniqueModListBuilder/]: Selected file obscure-api-638417-7171906_mapped_official_1.20.1.jar for modid obscure_api with version 18
[18Jun2026 00:28:02.994] [main/DEBUG] [net.minecraftforge.fml.loading.UniqueModListBuilder/]: Found 2 mods for first modid dummmmmmy, selecting most recent based on version data
[18Jun2026 00:28:02.995] [main/DEBUG] [net.minecraftforge.fml.loading.UniqueModListBuilder/]: Selected file mmmmmmmmmmmm-225738-6860192_mapped_official_1.20.1.jar for modid dummmmmmy with version 1.20-2.0.9
[18Jun2026 00:28:02.995] [main/DEBUG] [net.minecraftforge.fml.loading.UniqueModListBuilder/]: Found 2 mods for first modid curios, selecting most recent based on version data
[18Jun2026 00:28:02.995] [main/DEBUG] [net.minecraftforge.fml.loading.UniqueModListBuilder/]: Selected file curios-forge-5.4.7+1.20.1_mapped_official_1.20.1.jar for modid curios with version 5.4.7+1.20.1
[18Jun2026 00:28:02.995] [main/DEBUG] [net.minecraftforge.fml.loading.UniqueModListBuilder/]: Found 2 mods for first modid aquamirae, selecting most recent based on version data
[18Jun2026 00:28:02.995] [main/DEBUG] [net.minecraftforge.fml.loading.UniqueModListBuilder/]: Selected file aquamirae-536254-7985699_mapped_official_1.20.1.jar for modid aquamirae with version 6.4.0
[18Jun2026 00:28:02.995] [main/DEBUG] [net.minecraftforge.fml.loading.UniqueModListBuilder/]: Found 2 mods for first modid mobhealthbar, selecting most recent based on version data
[18Jun2026 00:28:02.995] [main/DEBUG] [net.minecraftforge.fml.loading.UniqueModListBuilder/]: Selected file ydms-mobhealthbar-mod-559894-4818965_mapped_official_1.20.1.jar for modid mobhealthbar with version 2.3.0
[18Jun2026 00:28:02.995] [main/DEBUG] [net.minecraftforge.fml.loading.UniqueModListBuilder/]: Found 2 mods for first modid placebo, selecting most recent based on version data
[18Jun2026 00:28:02.995] [main/DEBUG] [net.minecraftforge.fml.loading.UniqueModListBuilder/]: Selected file placebo-283644-6274231_mapped_official_1.20.1.jar for modid placebo with version 8.6.3
[18Jun2026 00:28:03.002] [main/DEBUG] [net.minecraftforge.fml.loading.moddiscovery.AbstractJarFileDependencyLocator/]: Failed to load resource META-INF\jarjar\metadata.json from configured-457570-5180900_mapped_official_1.20.1.jar, it does not contain dependency information.
[18Jun2026 00:28:03.002] [main/DEBUG] [net.minecraftforge.fml.loading.moddiscovery.AbstractJarFileDependencyLocator/]: Failed to load resource META-INF\jarjar\metadata.json from irons_spellbooks-1.20.1-3.15.0_mapped_official_1.20.1.jar, it does not contain dependency information.
[18Jun2026 00:28:03.002] [main/DEBUG] [net.minecraftforge.fml.loading.moddiscovery.AbstractJarFileDependencyLocator/]: Failed to load resource META-INF\jarjar\metadata.json from forge-1.20.1-47.4.10_mapped_official_1.20.1-recomp.jar, it does not contain dependency information.
[18Jun2026 00:28:03.002] [main/DEBUG] [net.minecraftforge.fml.loading.moddiscovery.AbstractJarFileDependencyLocator/]: Failed to load resource META-INF\jarjar\metadata.json from jade-324717-6855440_mapped_official_1.20.1.jar, it does not contain dependency information.
[18Jun2026 00:28:03.002] [main/DEBUG] [net.minecraftforge.fml.loading.moddiscovery.AbstractJarFileDependencyLocator/]: Failed to load resource META-INF\jarjar\metadata.json from player-animation-lib-forge-1.0.2-rc1+1.20_mapped_official_1.20.1.jar, it does not contain dependency information.
[18Jun2026 00:28:03.002] [main/DEBUG] [net.minecraftforge.fml.loading.moddiscovery.AbstractJarFileDependencyLocator/]: Failed to load resource META-INF\jarjar\metadata.json from jei-238222-7920915_mapped_official_1.20.1.jar, it does not contain dependency information.
[18Jun2026 00:28:03.003] [main/DEBUG] [net.minecraftforge.fml.loading.moddiscovery.AbstractJarFileDependencyLocator/]: Failed to load resource META-INF\jarjar\metadata.json from cloth-config-348521-5729105_mapped_official_1.20.1.jar, it does not contain dependency information.
[18Jun2026 00:28:03.003] [main/DEBUG] [net.minecraftforge.fml.loading.moddiscovery.AbstractJarFileDependencyLocator/]: Failed to load resource META-INF\jarjar\metadata.json from , it does not contain dependency information.
[18Jun2026 00:28:03.003] [main/DEBUG] [net.minecraftforge.fml.loading.moddiscovery.AbstractJarFileDependencyLocator/]: Failed to load resource META-INF\jarjar\metadata.json from curios-forge-5.4.7+1.20.1_mapped_official_1.20.1.jar, it does not contain dependency information.
[18Jun2026 00:28:03.003] [main/DEBUG] [net.minecraftforge.fml.loading.moddiscovery.AbstractJarFileDependencyLocator/]: Failed to load resource META-INF\jarjar\metadata.json from main, it does not contain dependency information.
[18Jun2026 00:28:03.003] [main/DEBUG] [net.minecraftforge.fml.loading.moddiscovery.AbstractJarFileDependencyLocator/]: Failed to load resource META-INF\jarjar\metadata.json from ydms-mobhealthbar-mod-559894-4818965_mapped_official_1.20.1.jar, it does not contain dependency information.
[18Jun2026 00:28:03.003] [main/DEBUG] [net.minecraftforge.fml.loading.moddiscovery.AbstractJarFileDependencyLocator/]: Failed to load resource META-INF\jarjar\metadata.json from placebo-283644-6274231_mapped_official_1.20.1.jar, it does not contain dependency information.
[18Jun2026 00:28:03.003] [main/DEBUG] [net.minecraftforge.fml.loading.moddiscovery.AbstractJarFileDependencyLocator/]: Failed to load resource META-INF\jarjar\metadata.json from mclanguage-1.20.1-47.4.10.jar, it does not contain dependency information.
[18Jun2026 00:28:03.004] [main/DEBUG] [net.minecraftforge.fml.loading.moddiscovery.AbstractJarFileDependencyLocator/]: Failed to load resource META-INF\jarjar\metadata.json from javafmllanguage-1.20.1-47.4.10.jar, it does not contain dependency information.
[18Jun2026 00:28:03.004] [main/DEBUG] [net.minecraftforge.fml.loading.moddiscovery.AbstractJarFileDependencyLocator/]: Failed to load resource META-INF\jarjar\metadata.json from fmlcore-1.20.1-47.4.10.jar, it does not contain dependency information.
[18Jun2026 00:28:03.004] [main/DEBUG] [net.minecraftforge.fml.loading.moddiscovery.AbstractJarFileDependencyLocator/]: Failed to load resource META-INF\jarjar\metadata.json from lowcodelanguage-1.20.1-47.4.10.jar, it does not contain dependency information.
[18Jun2026 00:28:03.055] [main/DEBUG] [net.minecraftforge.fml.loading.moddiscovery.ModFileParser/LOADING]: Considering mod file candidate 
[18Jun2026 00:28:03.055] [main/DEBUG] [net.minecraftforge.fml.loading.moddiscovery.ModFileInfo/LOADING]: Found valid mod file mixinextras-forge-0.4.1.jar with {mixinextras} mods - versions {0.4.1}
[18Jun2026 00:28:03.057] [main/DEBUG] [net.minecraftforge.fml.loading.moddiscovery.ModFileParser/LOADING]: Considering mod file candidate 
[18Jun2026 00:28:03.057] [main/DEBUG] [net.minecraftforge.fml.loading.moddiscovery.ModFileInfo/LOADING]: Found valid mod file mixinextras-forge-0.2.1-beta.2.jar with {mixinextras} mods - versions {0.2.1-beta.2}
[18Jun2026 00:28:03.059] [main/DEBUG] [net.minecraftforge.fml.loading.moddiscovery.ModFileParser/LOADING]: Considering mod file candidate 
[18Jun2026 00:28:03.060] [main/DEBUG] [net.minecraftforge.fml.loading.moddiscovery.ModFileInfo/LOADING]: Found valid mod file mixinextras-forge-0.3.6.jar with {mixinextras} mods - versions {0.3.6}
[18Jun2026 00:28:03.061] [main/DEBUG] [net.minecraftforge.fml.loading.moddiscovery.ModFileParser/LOADING]: Considering mod file candidate 
[18Jun2026 00:28:03.061] [main/DEBUG] [net.minecraftforge.fml.loading.moddiscovery.ModFileInfo/LOADING]: Found valid mod file mixinsquared-forge-0.1.1.jar with {mixinsquared} mods - versions {0.1.1}
[18Jun2026 00:28:03.076] [main/DEBUG] [net.minecraftforge.fml.loading.moddiscovery.ModFileParser/LOADING]: Considering mod file candidate 
[18Jun2026 00:28:03.076] [main/DEBUG] [net.minecraftforge.fml.loading.moddiscovery.ModFileInfo/LOADING]: Found valid mod file mixinextras-forge-0.2.0.jar with {mixinextras} mods - versions {0.2.0}
[18Jun2026 00:28:03.108] [main/DEBUG] [net.minecraftforge.fml.loading.moddiscovery.AbstractJarFileDependencyLocator/]: Failed to load resource META-INF\jarjar\metadata.json from mclib-20.jar, it does not contain dependency information.
[18Jun2026 00:28:03.108] [main/DEBUG] [net.minecraftforge.fml.loading.moddiscovery.AbstractJarFileDependencyLocator/]: Failed to load resource META-INF\jarjar\metadata.json from MixinExtras-0.4.1.jar, it does not contain dependency information.
[18Jun2026 00:28:03.125] [main/DEBUG] [net.minecraftforge.fml.loading.moddiscovery.AbstractJarFileDependencyLocator/]: Failed to load resource META-INF\jarjar\metadata.json from MixinExtras-0.4.1.jar, it does not contain dependency information.
[18Jun2026 00:28:03.125] [main/DEBUG] [net.minecraftforge.fml.loading.moddiscovery.AbstractJarFileDependencyLocator/]: Failed to load resource META-INF\jarjar\metadata.json from MixinExtras-0.2.1-beta.2.jar, it does not contain dependency information.
[18Jun2026 00:28:03.125] [main/DEBUG] [net.minecraftforge.fml.loading.moddiscovery.AbstractJarFileDependencyLocator/]: Failed to load resource META-INF\jarjar\metadata.json from MixinExtras-0.3.6.jar, it does not contain dependency information.
[18Jun2026 00:28:03.125] [main/DEBUG] [net.minecraftforge.fml.loading.moddiscovery.AbstractJarFileDependencyLocator/]: Failed to load resource META-INF\jarjar\metadata.json from MixinSquared-0.1.1.jar, it does not contain dependency information.
[18Jun2026 00:28:03.126] [main/DEBUG] [net.minecraftforge.fml.loading.moddiscovery.AbstractJarFileDependencyLocator/]: Failed to load resource META-INF\jarjar\metadata.json from MixinExtras-0.5.0.jar, it does not contain dependency information.
[18Jun2026 00:28:03.126] [main/DEBUG] [net.minecraftforge.fml.loading.moddiscovery.AbstractJarFileDependencyLocator/]: Failed to load resource META-INF\jarjar\metadata.json from MixinExtras-0.2.0.jar, it does not contain dependency information.
[18Jun2026 00:28:03.126] [main/DEBUG] [net.minecraftforge.fml.loading.moddiscovery.AbstractJarFileDependencyLocator/]: Failed to load resource META-INF\jarjar\metadata.json from MixinExtras-0.5.0.jar, it does not contain dependency information.
[18Jun2026 00:28:03.160] [main/DEBUG] [net.minecraftforge.fml.loading.moddiscovery.ModFileParser/LOADING]: Considering mod file candidate 
[18Jun2026 00:28:03.161] [main/DEBUG] [net.minecraftforge.fml.loading.moddiscovery.ModFileInfo/LOADING]: Found valid mod file mixinsquared-forge-0.1.1.jar with {mixinsquared} mods - versions {0.1.1}
[18Jun2026 00:28:03.165] [main/INFO] [net.minecraftforge.fml.loading.moddiscovery.JarInJarDependencyLocator/]: Found 5 dependencies adding them to mods collection
[18Jun2026 00:28:03.166] [main/DEBUG] [net.minecraftforge.fml.loading.UniqueModListBuilder/]: Found 2 mods for first modid mixinextras, selecting most recent based on version data
[18Jun2026 00:28:03.166] [main/DEBUG] [net.minecraftforge.fml.loading.UniqueModListBuilder/]: Selected file mixinextras-forge-0.5.0.jar for modid mixinextras with version 0.5.0
[18Jun2026 00:28:03.167] [main/DEBUG] [net.minecraftforge.fml.loading.moddiscovery.ModFileInfo/LOADING]: Found valid mod file forge-1.20.1-47.4.10_mapped_official_1.20.1-recomp.jar with {minecraft} mods - versions {1.20.1}
[18Jun2026 00:28:03.170] [main/DEBUG] [net.minecraftforge.fml.loading.moddiscovery.ModFile/LOADING]: Loading mod file C:\Users\user\.gradle\caches\forge_gradle\minecraft_user_repo\net\minecraftforge\forge\1.20.1-47.4.10_mapped_official_1.20.1\forge-1.20.1-47.4.10_mapped_official_1.20.1-recomp.jar with languages [LanguageSpec[languageName=minecraft, acceptedVersions=1]]
[18Jun2026 00:28:03.171] [main/DEBUG] [net.minecraftforge.fml.loading.moddiscovery.ModFileParser/LOADING]: Considering mod file candidate C:\Users\user\.gradle\caches\forge_gradle\deobf_dependencies\io\redspace\irons_spellbooks\1.20.1-3.15.0_mapped_official_1.20.1\irons_spellbooks-1.20.1-3.15.0_mapped_official_1.20.1.jar
[18Jun2026 00:28:03.172] [main/DEBUG] [net.minecraftforge.fml.loading.moddiscovery.ModFileInfo/LOADING]: Found valid mod file irons_spellbooks-1.20.1-3.15.0_mapped_official_1.20.1.jar with {irons_spellbooks} mods - versions {1.20.1-3.15.0}
[18Jun2026 00:28:03.172] [main/DEBUG] [net.minecraftforge.fml.loading.moddiscovery.ModFile/LOADING]: Loading mod file C:\Users\user\.gradle\caches\forge_gradle\deobf_dependencies\io\redspace\irons_spellbooks\1.20.1-3.15.0_mapped_official_1.20.1\irons_spellbooks-1.20.1-3.15.0_mapped_official_1.20.1.jar with languages [LanguageSpec[languageName=javafml, acceptedVersions=[47,)]]
[18Jun2026 00:28:03.172] [main/DEBUG] [net.minecraftforge.fml.loading.moddiscovery.ModFileParser/LOADING]: Considering mod file candidate C:\Users\user\.gradle\caches\forge_gradle\deobf_dependencies\curse\maven\configured-457570\5180900_mapped_official_1.20.1\configured-457570-5180900_mapped_official_1.20.1.jar
[18Jun2026 00:28:03.172] [main/DEBUG] [net.minecraftforge.fml.loading.moddiscovery.ModFileInfo/LOADING]: Found valid mod file configured-457570-5180900_mapped_official_1.20.1.jar with {configured} mods - versions {2.2.3}
[18Jun2026 00:28:03.172] [main/DEBUG] [net.minecraftforge.fml.loading.moddiscovery.ModFile/LOADING]: Loading mod file C:\Users\user\.gradle\caches\forge_gradle\deobf_dependencies\curse\maven\configured-457570\5180900_mapped_official_1.20.1\configured-457570-5180900_mapped_official_1.20.1.jar with languages [LanguageSpec[languageName=javafml, acceptedVersions=[39,)]]
[18Jun2026 00:28:03.172] [main/DEBUG] [net.minecraftforge.fml.loading.moddiscovery.ModFileParser/LOADING]: Considering mod file candidate C:\Users\user\.gradle\caches\forge_gradle\deobf_dependencies\curse\maven\selene-499980\7664875_mapped_official_1.20.1\selene-499980-7664875_mapped_official_1.20.1.jar
[18Jun2026 00:28:03.173] [main/DEBUG] [net.minecraftforge.fml.loading.moddiscovery.ModFileInfo/LOADING]: Found valid mod file selene-499980-7664875_mapped_official_1.20.1.jar with {moonlight} mods - versions {1.20-2.16.28}
[18Jun2026 00:28:03.173] [main/DEBUG] [net.minecraftforge.fml.loading.moddiscovery.ModFile/LOADING]: Loading mod file C:\Users\user\.gradle\caches\forge_gradle\deobf_dependencies\curse\maven\selene-499980\7664875_mapped_official_1.20.1\selene-499980-7664875_mapped_official_1.20.1.jar with languages [LanguageSpec[languageName=javafml, acceptedVersions=[40,)]]
[18Jun2026 00:28:03.173] [main/DEBUG] [net.minecraftforge.fml.loading.moddiscovery.ModFileParser/LOADING]: Considering mod file candidate C:\Users\user\.gradle\caches\forge_gradle\deobf_dependencies\curse\maven\better-combat-by-daedelus-639842\5625757_mapped_official_1.20.1\better-combat-by-daedelus-639842-5625757_mapped_official_1.20.1.jar
[18Jun2026 00:28:03.173] [main/DEBUG] [net.minecraftforge.fml.loading.moddiscovery.ModFileInfo/LOADING]: Found valid mod file better-combat-by-daedelus-639842-5625757_mapped_official_1.20.1.jar with {bettercombat} mods - versions {1.8.6+1.20.1}
[18Jun2026 00:28:03.174] [main/DEBUG] [net.minecraftforge.fml.loading.moddiscovery.ModFile/LOADING]: Loading mod file C:\Users\user\.gradle\caches\forge_gradle\deobf_dependencies\curse\maven\better-combat-by-daedelus-639842\5625757_mapped_official_1.20.1\better-combat-by-daedelus-639842-5625757_mapped_official_1.20.1.jar with languages [LanguageSpec[languageName=javafml, acceptedVersions=[39,)]]
[18Jun2026 00:28:03.174] [main/DEBUG] [net.minecraftforge.fml.loading.moddiscovery.ModFileParser/LOADING]: Considering mod file candidate C:\Users\user\.gradle\caches\forge_gradle\deobf_dependencies\curse\maven\jade-324717\6855440_mapped_official_1.20.1\jade-324717-6855440_mapped_official_1.20.1.jar
[18Jun2026 00:28:03.174] [main/DEBUG] [net.minecraftforge.fml.loading.moddiscovery.ModFileInfo/LOADING]: Found valid mod file jade-324717-6855440_mapped_official_1.20.1.jar with {jade} mods - versions {11.13.2+forge}
[18Jun2026 00:28:03.174] [main/DEBUG] [net.minecraftforge.fml.loading.moddiscovery.ModFile/LOADING]: Loading mod file C:\Users\user\.gradle\caches\forge_gradle\deobf_dependencies\curse\maven\jade-324717\6855440_mapped_official_1.20.1\jade-324717-6855440_mapped_official_1.20.1.jar with languages [LanguageSpec[languageName=javafml, acceptedVersions=[46,)]]
[18Jun2026 00:28:03.174] [main/DEBUG] [net.minecraftforge.fml.loading.moddiscovery.ModFileParser/LOADING]: Considering mod file candidate C:\Users\user\.gradle\caches\forge_gradle\deobf_dependencies\software\bernie\geckolib\geckolib-forge-1.20.1\4.8_mapped_official_1.20.1\geckolib-forge-1.20.1-4.8_mapped_official_1.20.1.jar
[18Jun2026 00:28:03.175] [main/DEBUG] [net.minecraftforge.fml.loading.moddiscovery.ModFileInfo/LOADING]: Found valid mod file geckolib-forge-1.20.1-4.8_mapped_official_1.20.1.jar with {geckolib} mods - versions {4.8}
[18Jun2026 00:28:03.175] [main/DEBUG] [net.minecraftforge.fml.loading.moddiscovery.ModFile/LOADING]: Loading mod file C:\Users\user\.gradle\caches\forge_gradle\deobf_dependencies\software\bernie\geckolib\geckolib-forge-1.20.1\4.8_mapped_official_1.20.1\geckolib-forge-1.20.1-4.8_mapped_official_1.20.1.jar with languages [LanguageSpec[languageName=javafml, acceptedVersions=[47,)]]
[18Jun2026 00:28:03.175] [main/DEBUG] [net.minecraftforge.fml.loading.moddiscovery.ModFileParser/LOADING]: Considering mod file candidate C:\Users\user\.gradle\caches\forge_gradle\deobf_dependencies\dev\kosmx\player-anim\player-animation-lib-forge\1.0.2-rc1+1.20_mapped_official_1.20.1\player-animation-lib-forge-1.0.2-rc1+1.20_mapped_official_1.20.1.jar
[18Jun2026 00:28:03.175] [main/DEBUG] [net.minecraftforge.fml.loading.moddiscovery.ModFileInfo/LOADING]: Found valid mod file player-animation-lib-forge-1.0.2-rc1+1.20_mapped_official_1.20.1.jar with {playeranimator} mods - versions {1.0.2-rc1+1.20}
[18Jun2026 00:28:03.175] [main/DEBUG] [net.minecraftforge.fml.loading.moddiscovery.ModFile/LOADING]: Loading mod file C:\Users\user\.gradle\caches\forge_gradle\deobf_dependencies\dev\kosmx\player-anim\player-animation-lib-forge\1.0.2-rc1+1.20_mapped_official_1.20.1\player-animation-lib-forge-1.0.2-rc1+1.20_mapped_official_1.20.1.jar with languages [LanguageSpec[languageName=javafml, acceptedVersions=[46.0.0,)]]
[18Jun2026 00:28:03.176] [main/DEBUG] [net.minecraftforge.fml.loading.moddiscovery.ModFileParser/LOADING]: Considering mod file candidate C:\Users\user\.gradle\caches\forge_gradle\deobf_dependencies\curse\maven\jei-238222\7920915_mapped_official_1.20.1\jei-238222-7920915_mapped_official_1.20.1.jar
[18Jun2026 00:28:03.176] [main/DEBUG] [net.minecraftforge.fml.loading.moddiscovery.ModFileInfo/LOADING]: Found valid mod file jei-238222-7920915_mapped_official_1.20.1.jar with {jei} mods - versions {15.20.0.130}
[18Jun2026 00:28:03.176] [main/DEBUG] [net.minecraftforge.fml.loading.moddiscovery.ModFile/LOADING]: Loading mod file C:\Users\user\.gradle\caches\forge_gradle\deobf_dependencies\curse\maven\jei-238222\7920915_mapped_official_1.20.1\jei-238222-7920915_mapped_official_1.20.1.jar with languages [LanguageSpec[languageName=javafml, acceptedVersions=[47,)]]
[18Jun2026 00:28:03.176] [main/DEBUG] [net.minecraftforge.fml.loading.moddiscovery.ModFileParser/LOADING]: Considering mod file candidate C:\Users\user\.gradle\caches\forge_gradle\deobf_dependencies\curse\maven\azurelib-817423\7922572_mapped_official_1.20.1\azurelib-817423-7922572_mapped_official_1.20.1.jar
[18Jun2026 00:28:03.177] [main/DEBUG] [net.minecraftforge.fml.loading.moddiscovery.ModFileInfo/LOADING]: Found valid mod file azurelib-817423-7922572_mapped_official_1.20.1.jar with {azurelib} mods - versions {3.1.7}
[18Jun2026 00:28:03.177] [main/DEBUG] [net.minecraftforge.fml.loading.moddiscovery.ModFile/LOADING]: Loading mod file C:\Users\user\.gradle\caches\forge_gradle\deobf_dependencies\curse\maven\azurelib-817423\7922572_mapped_official_1.20.1\azurelib-817423-7922572_mapped_official_1.20.1.jar with languages [LanguageSpec[languageName=javafml, acceptedVersions=[47,)]]
[18Jun2026 00:28:03.177] [main/DEBUG] [net.minecraftforge.fml.loading.moddiscovery.ModFileParser/LOADING]: Considering mod file candidate C:\Users\user\.gradle\caches\forge_gradle\deobf_dependencies\curse\maven\cloth-config-348521\5729105_mapped_official_1.20.1\cloth-config-348521-5729105_mapped_official_1.20.1.jar
[18Jun2026 00:28:03.177] [main/DEBUG] [net.minecraftforge.fml.loading.moddiscovery.ModFileInfo/LOADING]: Found valid mod file cloth-config-348521-5729105_mapped_official_1.20.1.jar with {cloth_config} mods - versions {11.1.136}
[18Jun2026 00:28:03.177] [main/DEBUG] [net.minecraftforge.fml.loading.moddiscovery.ModFile/LOADING]: Loading mod file C:\Users\user\.gradle\caches\forge_gradle\deobf_dependencies\curse\maven\cloth-config-348521\5729105_mapped_official_1.20.1\cloth-config-348521-5729105_mapped_official_1.20.1.jar with languages [LanguageSpec[languageName=javafml, acceptedVersions=[34,)]]
[18Jun2026 00:28:03.177] [main/DEBUG] [net.minecraftforge.fml.loading.moddiscovery.ModFileParser/LOADING]: Considering mod file candidate /
[18Jun2026 00:28:03.177] [main/DEBUG] [net.minecraftforge.fml.loading.moddiscovery.ModFileInfo/LOADING]: Found valid mod file  with {forge} mods - versions {47.4.10}
[18Jun2026 00:28:03.178] [main/DEBUG] [net.minecraftforge.fml.loading.moddiscovery.ModFile/LOADING]: Loading mod file / with languages [LanguageSpec[languageName=javafml, acceptedVersions=[24,]]]
[18Jun2026 00:28:03.179] [main/DEBUG] [net.minecraftforge.fml.loading.moddiscovery.ModFileParser/LOADING]: Found coremod field_to_method with Javascript path coremods/field_to_method.js
[18Jun2026 00:28:03.179] [main/DEBUG] [net.minecraftforge.fml.loading.moddiscovery.ModFileParser/LOADING]: Found coremod field_to_instanceof with Javascript path coremods/field_to_instanceof.js
[18Jun2026 00:28:03.179] [main/DEBUG] [net.minecraftforge.fml.loading.moddiscovery.ModFileParser/LOADING]: Found coremod add_bouncer_method with Javascript path coremods/add_bouncer_method.js
[18Jun2026 00:28:03.179] [main/DEBUG] [net.minecraftforge.fml.loading.moddiscovery.ModFileParser/LOADING]: Found coremod method_redirector with Javascript path coremods/method_redirector.js
[18Jun2026 00:28:03.180] [main/DEBUG] [net.minecraftforge.fml.loading.moddiscovery.ModFile/LOADING]: Found coremod coremods/field_to_method.js
[18Jun2026 00:28:03.180] [main/DEBUG] [net.minecraftforge.fml.loading.moddiscovery.ModFile/LOADING]: Found coremod coremods/field_to_instanceof.js
[18Jun2026 00:28:03.180] [main/DEBUG] [net.minecraftforge.fml.loading.moddiscovery.ModFile/LOADING]: Found coremod coremods/add_bouncer_method.js
[18Jun2026 00:28:03.180] [main/DEBUG] [net.minecraftforge.fml.loading.moddiscovery.ModFile/LOADING]: Found coremod coremods/method_redirector.js
[18Jun2026 00:28:03.180] [main/DEBUG] [net.minecraftforge.fml.loading.moddiscovery.ModFileParser/LOADING]: Considering mod file candidate C:\Users\user\.gradle\caches\forge_gradle\deobf_dependencies\curse\maven\obscure-api-638417\7171906_mapped_official_1.20.1\obscure-api-638417-7171906_mapped_official_1.20.1.jar
[18Jun2026 00:28:03.180] [main/DEBUG] [net.minecraftforge.fml.loading.moddiscovery.ModFileInfo/LOADING]: Found valid mod file obscure-api-638417-7171906_mapped_official_1.20.1.jar with {obscure_api} mods - versions {18}
[18Jun2026 00:28:03.180] [main/DEBUG] [net.minecraftforge.fml.loading.moddiscovery.ModFile/LOADING]: Loading mod file C:\Users\user\.gradle\caches\forge_gradle\deobf_dependencies\curse\maven\obscure-api-638417\7171906_mapped_official_1.20.1\obscure-api-638417-7171906_mapped_official_1.20.1.jar with languages [LanguageSpec[languageName=javafml, acceptedVersions=[47,)]]
[18Jun2026 00:28:03.180] [main/DEBUG] [net.minecraftforge.fml.loading.moddiscovery.ModFileParser/LOADING]: Considering mod file candidate C:\Users\user\.gradle\caches\forge_gradle\deobf_dependencies\curse\maven\mmmmmmmmmmmm-225738\6860192_mapped_official_1.20.1\mmmmmmmmmmmm-225738-6860192_mapped_official_1.20.1.jar
[18Jun2026 00:28:03.181] [main/DEBUG] [net.minecraftforge.fml.loading.moddiscovery.ModFileInfo/LOADING]: Found valid mod file mmmmmmmmmmmm-225738-6860192_mapped_official_1.20.1.jar with {dummmmmmy} mods - versions {1.20-2.0.9}
[18Jun2026 00:28:03.181] [main/DEBUG] [net.minecraftforge.fml.loading.moddiscovery.ModFile/LOADING]: Loading mod file C:\Users\user\.gradle\caches\forge_gradle\deobf_dependencies\curse\maven\mmmmmmmmmmmm-225738\6860192_mapped_official_1.20.1\mmmmmmmmmmmm-225738-6860192_mapped_official_1.20.1.jar with languages [LanguageSpec[languageName=javafml, acceptedVersions=[40,)]]
[18Jun2026 00:28:03.181] [main/DEBUG] [net.minecraftforge.fml.loading.moddiscovery.ModFileParser/LOADING]: Considering mod file candidate C:\Users\user\.gradle\caches\forge_gradle\deobf_dependencies\top\theillusivec4\curios\curios-forge\5.4.7+1.20.1_mapped_official_1.20.1\curios-forge-5.4.7+1.20.1_mapped_official_1.20.1.jar
[18Jun2026 00:28:03.181] [main/DEBUG] [net.minecraftforge.fml.loading.moddiscovery.ModFileInfo/LOADING]: Found valid mod file curios-forge-5.4.7+1.20.1_mapped_official_1.20.1.jar with {curios} mods - versions {5.4.7+1.20.1}
[18Jun2026 00:28:03.181] [main/DEBUG] [net.minecraftforge.fml.loading.moddiscovery.ModFile/LOADING]: Loading mod file C:\Users\user\.gradle\caches\forge_gradle\deobf_dependencies\top\theillusivec4\curios\curios-forge\5.4.7+1.20.1_mapped_official_1.20.1\curios-forge-5.4.7+1.20.1_mapped_official_1.20.1.jar with languages [LanguageSpec[languageName=javafml, acceptedVersions=[41,)]]
[18Jun2026 00:28:03.182] [main/DEBUG] [net.minecraftforge.fml.loading.moddiscovery.ModFileParser/LOADING]: Considering mod file candidate C:\Users\user\IdeaProjects\Mana_Sub_Zero\build\resources\main
[18Jun2026 00:28:03.183] [main/DEBUG] [net.minecraftforge.fml.loading.moddiscovery.ModFileInfo/LOADING]: Found valid mod file main with {mana_sub_zero} mods - versions {1.0.0}
[18Jun2026 00:28:03.183] [main/DEBUG] [net.minecraftforge.fml.loading.moddiscovery.ModFile/LOADING]: Loading mod file C:\Users\user\IdeaProjects\Mana_Sub_Zero\build\resources\main with languages [LanguageSpec[languageName=javafml, acceptedVersions=[47,)]]
[18Jun2026 00:28:03.183] [main/DEBUG] [net.minecraftforge.fml.loading.moddiscovery.ModFileParser/LOADING]: Considering mod file candidate C:\Users\user\.gradle\caches\forge_gradle\deobf_dependencies\curse\maven\aquamirae-536254\7985699_mapped_official_1.20.1\aquamirae-536254-7985699_mapped_official_1.20.1.jar
[18Jun2026 00:28:03.183] [main/DEBUG] [net.minecraftforge.fml.loading.moddiscovery.ModFileInfo/LOADING]: Found valid mod file aquamirae-536254-7985699_mapped_official_1.20.1.jar with {aquamirae} mods - versions {6.4.0}
[18Jun2026 00:28:03.183] [main/DEBUG] [net.minecraftforge.fml.loading.moddiscovery.ModFile/LOADING]: Loading mod file C:\Users\user\.gradle\caches\forge_gradle\deobf_dependencies\curse\maven\aquamirae-536254\7985699_mapped_official_1.20.1\aquamirae-536254-7985699_mapped_official_1.20.1.jar with languages [LanguageSpec[languageName=javafml, acceptedVersions=[47,)]]
[18Jun2026 00:28:03.184] [main/DEBUG] [net.minecraftforge.fml.loading.moddiscovery.ModFileParser/LOADING]: Considering mod file candidate C:\Users\user\.gradle\caches\forge_gradle\deobf_dependencies\curse\maven\placebo-283644\6274231_mapped_official_1.20.1\placebo-283644-6274231_mapped_official_1.20.1.jar
[18Jun2026 00:28:03.184] [main/DEBUG] [net.minecraftforge.fml.loading.moddiscovery.ModFileInfo/LOADING]: Found valid mod file placebo-283644-6274231_mapped_official_1.20.1.jar with {placebo} mods - versions {8.6.3}
[18Jun2026 00:28:03.184] [main/DEBUG] [net.minecraftforge.fml.loading.moddiscovery.ModFile/LOADING]: Loading mod file C:\Users\user\.gradle\caches\forge_gradle\deobf_dependencies\curse\maven\placebo-283644\6274231_mapped_official_1.20.1\placebo-283644-6274231_mapped_official_1.20.1.jar with languages [LanguageSpec[languageName=javafml, acceptedVersions=[32,)]]
[18Jun2026 00:28:03.184] [main/DEBUG] [net.minecraftforge.fml.loading.moddiscovery.ModFileParser/LOADING]: Found coremod placebo_get_ench_level_event with Javascript path coremods/get_ench_level_event.js
[18Jun2026 00:28:03.184] [main/DEBUG] [net.minecraftforge.fml.loading.moddiscovery.ModFileParser/LOADING]: Found coremod placebo_get_ench_level_event_specific with Javascript path coremods/get_ench_level_event_specific.js
[18Jun2026 00:28:03.184] [main/DEBUG] [net.minecraftforge.fml.loading.moddiscovery.ModFile/LOADING]: Found coremod coremods/get_ench_level_event.js
[18Jun2026 00:28:03.185] [main/DEBUG] [net.minecraftforge.fml.loading.moddiscovery.ModFile/LOADING]: Found coremod coremods/get_ench_level_event_specific.js
[18Jun2026 00:28:03.185] [main/DEBUG] [net.minecraftforge.fml.loading.moddiscovery.ModFileParser/LOADING]: Considering mod file candidate C:\Users\user\.gradle\caches\forge_gradle\deobf_dependencies\curse\maven\ydms-mobhealthbar-mod-559894\4818965_mapped_official_1.20.1\ydms-mobhealthbar-mod-559894-4818965_mapped_official_1.20.1.jar
[18Jun2026 00:28:03.185] [main/DEBUG] [net.minecraftforge.fml.loading.moddiscovery.ModFileInfo/LOADING]: Found valid mod file ydms-mobhealthbar-mod-559894-4818965_mapped_official_1.20.1.jar with {mobhealthbar} mods - versions {2.3.0}
[18Jun2026 00:28:03.185] [main/DEBUG] [net.minecraftforge.fml.loading.moddiscovery.ModFile/LOADING]: Loading mod file C:\Users\user\.gradle\caches\forge_gradle\deobf_dependencies\curse\maven\ydms-mobhealthbar-mod-559894\4818965_mapped_official_1.20.1\ydms-mobhealthbar-mod-559894-4818965_mapped_official_1.20.1.jar with languages [LanguageSpec[languageName=javafml, acceptedVersions=[33,)]]
[18Jun2026 00:28:03.186] [main/DEBUG] [net.minecraftforge.fml.loading.moddiscovery.ModFile/LOADING]: Loading mod file  with languages []
[18Jun2026 00:28:03.186] [main/DEBUG] [net.minecraftforge.fml.loading.moddiscovery.ModFile/LOADING]: Loading mod file  with languages []
[18Jun2026 00:28:03.186] [main/DEBUG] [net.minecraftforge.fml.loading.moddiscovery.ModFileParser/LOADING]: Considering mod file candidate 
[18Jun2026 00:28:03.186] [main/DEBUG] [net.minecraftforge.fml.loading.moddiscovery.ModFileInfo/LOADING]: Found valid mod file mixinsquared-forge-0.1.1.jar with {mixinsquared} mods - versions {0.1.1}
[18Jun2026 00:28:03.187] [main/DEBUG] [net.minecraftforge.fml.loading.moddiscovery.ModFile/LOADING]: Loading mod file  with languages [LanguageSpec[languageName=javafml, acceptedVersions=*]]
[18Jun2026 00:28:03.187] [main/DEBUG] [net.minecraftforge.fml.loading.moddiscovery.ModFile/LOADING]: Loading mod file  with languages []
[18Jun2026 00:28:03.187] [main/DEBUG] [net.minecraftforge.fml.loading.moddiscovery.ModFile/LOADING]: Loading mod file  with languages []
[18Jun2026 00:28:03.187] [main/DEBUG] [net.minecraftforge.fml.loading.moddiscovery.ModFile/LOADING]: Loading mod file  with languages []
[18Jun2026 00:28:03.187] [main/DEBUG] [net.minecraftforge.fml.loading.moddiscovery.ModFile/LOADING]: Loading mod file  with languages []
[18Jun2026 00:28:03.187] [main/DEBUG] [net.minecraftforge.fml.loading.moddiscovery.ModFileParser/LOADING]: Considering mod file candidate 
[18Jun2026 00:28:03.188] [main/DEBUG] [net.minecraftforge.fml.loading.moddiscovery.ModFileInfo/LOADING]: Found valid mod file mixinsquared-forge-0.1.1.jar with {mixinsquared} mods - versions {0.1.1}
[18Jun2026 00:28:03.188] [main/DEBUG] [net.minecraftforge.fml.loading.moddiscovery.ModFile/LOADING]: Loading mod file  with languages [LanguageSpec[languageName=javafml, acceptedVersions=*]]
[18Jun2026 00:28:03.188] [main/DEBUG] [net.minecraftforge.fml.loading.moddiscovery.ModFile/LOADING]: Loading mod file  with languages []
[18Jun2026 00:28:03.188] [main/DEBUG] [net.minecraftforge.fml.loading.moddiscovery.ModFile/LOADING]: Loading mod file  with languages []
[18Jun2026 00:28:03.189] [main/DEBUG] [cpw.mods.modlauncher.TransformationServiceDecorator/MODLAUNCHER]: End scan trigger - transformation service fml
[18Jun2026 00:28:03.200] [main/DEBUG] [net.minecraftforge.fml.loading.LanguageLoadingProvider/CORE]: Found 3 language providers
[18Jun2026 00:28:03.201] [main/DEBUG] [net.minecraftforge.fml.loading.LanguageLoadingProvider/CORE]: Found language provider minecraft, version 1.0
[18Jun2026 00:28:03.202] [main/DEBUG] [net.minecraftforge.fml.loading.LanguageLoadingProvider/CORE]: Found language provider lowcodefml, version 47
[18Jun2026 00:28:03.202] [main/DEBUG] [net.minecraftforge.fml.loading.LanguageLoadingProvider/CORE]: Found language provider javafml, version 47
[18Jun2026 00:28:03.205] [main/DEBUG] [net.minecraftforge.fml.loading.UniqueModListBuilder/]: Found 2 mods for first modid mclib, selecting most recent based on version data
[18Jun2026 00:28:03.205] [main/DEBUG] [net.minecraftforge.fml.loading.UniqueModListBuilder/]: Selected file mclib-20.jar for modid mclib with version 0.0NONE
[18Jun2026 00:28:03.206] [main/DEBUG] [net.minecraftforge.fml.loading.UniqueModListBuilder/]: Found 2 mods for first modid mixinextras, selecting most recent based on version data
[18Jun2026 00:28:03.206] [main/DEBUG] [net.minecraftforge.fml.loading.UniqueModListBuilder/]: Selected file mixinextras-forge-0.5.0.jar for modid mixinextras with version 0.5.0
[18Jun2026 00:28:03.206] [main/DEBUG] [net.minecraftforge.fml.loading.UniqueModListBuilder/]: Found 2 mods for first modid mixinsquared, selecting most recent based on version data
[18Jun2026 00:28:03.206] [main/DEBUG] [net.minecraftforge.fml.loading.UniqueModListBuilder/]: Selected file mixinsquared-forge-0.1.1.jar for modid mixinsquared with version 0.1.1
[18Jun2026 00:28:03.206] [main/DEBUG] [net.minecraftforge.fml.loading.UniqueModListBuilder/]: Found 2 mods for first modid MixinExtras, selecting most recent based on version data
[18Jun2026 00:28:03.206] [main/DEBUG] [net.minecraftforge.fml.loading.UniqueModListBuilder/]: Selected file MixinExtras-0.5.0.jar for modid MixinExtras with version 0.5.0
[18Jun2026 00:28:03.206] [main/DEBUG] [net.minecraftforge.fml.loading.UniqueModListBuilder/]: Found 2 mods for first modid MixinSquared, selecting most recent based on version data
[18Jun2026 00:28:03.206] [main/DEBUG] [net.minecraftforge.fml.loading.UniqueModListBuilder/]: Selected file MixinSquared-0.1.1.jar for modid MixinSquared with version 0.0NONE
[18Jun2026 00:28:03.207] [main/DEBUG] [net.minecraftforge.fml.loading.ModSorter/]: Configured system mods: [minecraft, forge]
[18Jun2026 00:28:03.207] [main/DEBUG] [net.minecraftforge.fml.loading.ModSorter/]: Found system mod: minecraft
[18Jun2026 00:28:03.207] [main/DEBUG] [net.minecraftforge.fml.loading.ModSorter/]: Found system mod: forge
[18Jun2026 00:28:03.209] [main/DEBUG] [net.minecraftforge.fml.loading.ModSorter/LOADING]: Found 40 mod requirements (37 mandatory, 3 optional)
[18Jun2026 00:28:03.210] [main/DEBUG] [net.minecraftforge.fml.loading.ModSorter/LOADING]: Found 0 mod requirements missing (0 mandatory, 0 optional)
[18Jun2026 00:28:03.553] [main/DEBUG] [net.minecraftforge.fml.loading.MCPNamingService/CORE]: Loaded 33222 method mappings from methods.csv
[18Jun2026 00:28:03.576] [main/DEBUG] [net.minecraftforge.fml.loading.MCPNamingService/CORE]: Loaded 31003 field mappings from fields.csv
[18Jun2026 00:28:03.625] [main/DEBUG] [cpw.mods.modlauncher.TransformationServicesHandler/MODLAUNCHER]: Transformation services loading transformers
[18Jun2026 00:28:03.625] [main/DEBUG] [cpw.mods.modlauncher.TransformationServiceDecorator/MODLAUNCHER]: Initializing transformers for transformation service mixin
[18Jun2026 00:28:03.626] [main/DEBUG] [cpw.mods.modlauncher.TransformationServiceDecorator/MODLAUNCHER]: Initialized transformers for transformation service mixin
[18Jun2026 00:28:03.626] [main/DEBUG] [cpw.mods.modlauncher.TransformationServiceDecorator/MODLAUNCHER]: Initializing transformers for transformation service fml
[18Jun2026 00:28:03.626] [main/DEBUG] [net.minecraftforge.fml.loading.FMLServiceProvider/CORE]: Loading coremod transformers
[18Jun2026 00:28:03.626] [main/DEBUG] [net.minecraftforge.coremod.CoreModEngine/COREMOD]: Loading CoreMod from coremods/field_to_method.js
[18Jun2026 00:28:03.806] [main/DEBUG] [net.minecraftforge.coremod.CoreModEngine/COREMOD]: CoreMod loaded successfully
[18Jun2026 00:28:03.806] [main/DEBUG] [net.minecraftforge.coremod.CoreModEngine/COREMOD]: Loading CoreMod from coremods/field_to_instanceof.js
[18Jun2026 00:28:03.873] [main/DEBUG] [net.minecraftforge.coremod.CoreModEngine/COREMOD]: CoreMod loaded successfully
[18Jun2026 00:28:03.874] [main/DEBUG] [net.minecraftforge.coremod.CoreModEngine/COREMOD]: Loading CoreMod from coremods/add_bouncer_method.js
[18Jun2026 00:28:03.903] [main/DEBUG] [net.minecraftforge.coremod.CoreModEngine/COREMOD]: CoreMod loaded successfully
[18Jun2026 00:28:03.903] [main/DEBUG] [net.minecraftforge.coremod.CoreModEngine/COREMOD]: Loading CoreMod from coremods/method_redirector.js
[18Jun2026 00:28:03.948] [main/DEBUG] [net.minecraftforge.coremod.CoreModEngine/COREMOD]: CoreMod loaded successfully
[18Jun2026 00:28:03.948] [main/DEBUG] [net.minecraftforge.coremod.CoreModEngine/COREMOD]: Loading CoreMod from coremods/get_ench_level_event.js
[18Jun2026 00:28:03.954] [main/DEBUG] [net.minecraftforge.coremod.CoreModEngine/COREMOD]: CoreMod loaded successfully
[18Jun2026 00:28:03.954] [main/DEBUG] [net.minecraftforge.coremod.CoreModEngine/COREMOD]: Loading CoreMod from coremods/get_ench_level_event_specific.js
[18Jun2026 00:28:03.959] [main/DEBUG] [net.minecraftforge.coremod.CoreModEngine/COREMOD]: CoreMod loaded successfully
[18Jun2026 00:28:03.970] [main/DEBUG] [cpw.mods.modlauncher.TransformStore/MODLAUNCHER]: Adding transformer net.minecraftforge.coremod.transformer.CoreModClassTransformer@58a2d9f9 to Target : CLASS {Lnet/minecraft/world/level/biome/Biome;} {} {V}
[18Jun2026 00:28:03.972] [main/DEBUG] [cpw.mods.modlauncher.TransformStore/MODLAUNCHER]: Adding transformer net.minecraftforge.coremod.transformer.CoreModClassTransformer@67b355c8 to Target : CLASS {Lnet/minecraft/world/level/levelgen/structure/Structure;} {} {V}
[18Jun2026 00:28:03.972] [main/DEBUG] [cpw.mods.modlauncher.TransformStore/MODLAUNCHER]: Adding transformer net.minecraftforge.coremod.transformer.CoreModClassTransformer@388623ad to Target : CLASS {Lnet/minecraft/world/effect/MobEffectInstance;} {} {V}
[18Jun2026 00:28:03.972] [main/DEBUG] [cpw.mods.modlauncher.TransformStore/MODLAUNCHER]: Adding transformer net.minecraftforge.coremod.transformer.CoreModClassTransformer@91f565d to Target : CLASS {Lnet/minecraft/world/level/block/LiquidBlock;} {} {V}
[18Jun2026 00:28:03.972] [main/DEBUG] [cpw.mods.modlauncher.TransformStore/MODLAUNCHER]: Adding transformer net.minecraftforge.coremod.transformer.CoreModClassTransformer@46e3559f to Target : CLASS {Lnet/minecraft/world/item/BucketItem;} {} {V}
[18Jun2026 00:28:03.972] [main/DEBUG] [cpw.mods.modlauncher.TransformStore/MODLAUNCHER]: Adding transformer net.minecraftforge.coremod.transformer.CoreModClassTransformer@3b83459e to Target : CLASS {Lnet/minecraft/world/level/block/StairBlock;} {} {V}
[18Jun2026 00:28:03.972] [main/DEBUG] [cpw.mods.modlauncher.TransformStore/MODLAUNCHER]: Adding transformer net.minecraftforge.coremod.transformer.CoreModClassTransformer@32118208 to Target : CLASS {Lnet/minecraft/world/level/block/FlowerPotBlock;} {} {V}
[18Jun2026 00:28:03.972] [main/DEBUG] [cpw.mods.modlauncher.TransformStore/MODLAUNCHER]: Adding transformer net.minecraftforge.coremod.transformer.CoreModClassTransformer@414f87a9 to Target : CLASS {Lnet/minecraft/world/item/ItemStack;} {} {V}
[18Jun2026 00:28:03.972] [main/DEBUG] [cpw.mods.modlauncher.TransformStore/MODLAUNCHER]: Adding transformer net.minecraftforge.coremod.transformer.CoreModClassTransformer@1ddc6db2 to Target : CLASS {Lnet/minecraft/network/play/client/CClientSettingsPacket;} {} {V}
[18Jun2026 00:28:03.972] [main/DEBUG] [cpw.mods.modlauncher.TransformStore/MODLAUNCHER]: Adding transformer net.minecraftforge.coremod.transformer.CoreModClassTransformer@3cd26422 to Target : CLASS {Lnet/minecraft/server/commands/SummonCommand;} {} {V}
[18Jun2026 00:28:03.972] [main/DEBUG] [cpw.mods.modlauncher.TransformStore/MODLAUNCHER]: Adding transformer net.minecraftforge.coremod.transformer.CoreModClassTransformer@3cd26422 to Target : CLASS {Lnet/minecraft/world/entity/animal/frog/Tadpole;} {} {V}
[18Jun2026 00:28:03.972] [main/DEBUG] [cpw.mods.modlauncher.TransformStore/MODLAUNCHER]: Adding transformer net.minecraftforge.coremod.transformer.CoreModClassTransformer@3cd26422 to Target : CLASS {Lnet/minecraft/world/entity/monster/Zombie;} {} {V}
[18Jun2026 00:28:03.973] [main/DEBUG] [cpw.mods.modlauncher.TransformStore/MODLAUNCHER]: Adding transformer net.minecraftforge.coremod.transformer.CoreModClassTransformer@3cd26422 to Target : CLASS {Lnet/minecraft/world/level/levelgen/structure/structures/OceanRuinPieces$OceanRuinPiece;} {} {V}
[18Jun2026 00:28:03.973] [main/DEBUG] [cpw.mods.modlauncher.TransformStore/MODLAUNCHER]: Adding transformer net.minecraftforge.coremod.transformer.CoreModClassTransformer@3cd26422 to Target : CLASS {Lnet/minecraft/world/entity/animal/horse/SkeletonTrapGoal;} {} {V}
[18Jun2026 00:28:03.973] [main/DEBUG] [cpw.mods.modlauncher.TransformStore/MODLAUNCHER]: Adding transformer net.minecraftforge.coremod.transformer.CoreModClassTransformer@3cd26422 to Target : CLASS {Lnet/minecraft/world/entity/npc/CatSpawner;} {} {V}
[18Jun2026 00:28:03.973] [main/DEBUG] [cpw.mods.modlauncher.TransformStore/MODLAUNCHER]: Adding transformer net.minecraftforge.coremod.transformer.CoreModClassTransformer@3cd26422 to Target : CLASS {Lnet/minecraft/world/level/levelgen/PatrolSpawner;} {} {V}
[18Jun2026 00:28:03.973] [main/DEBUG] [cpw.mods.modlauncher.TransformStore/MODLAUNCHER]: Adding transformer net.minecraftforge.coremod.transformer.CoreModClassTransformer@3cd26422 to Target : CLASS {Lnet/minecraft/world/level/levelgen/structure/templatesystem/StructureTemplate;} {} {V}
[18Jun2026 00:28:03.973] [main/DEBUG] [cpw.mods.modlauncher.TransformStore/MODLAUNCHER]: Adding transformer net.minecraftforge.coremod.transformer.CoreModClassTransformer@3cd26422 to Target : CLASS {Lnet/minecraft/world/level/levelgen/structure/structures/SwampHutPiece;} {} {V}
[18Jun2026 00:28:03.973] [main/DEBUG] [cpw.mods.modlauncher.TransformStore/MODLAUNCHER]: Adding transformer net.minecraftforge.coremod.transformer.CoreModClassTransformer@3cd26422 to Target : CLASS {Lnet/minecraft/world/entity/ai/village/VillageSiege;} {} {V}
[18Jun2026 00:28:03.973] [main/DEBUG] [cpw.mods.modlauncher.TransformStore/MODLAUNCHER]: Adding transformer net.minecraftforge.coremod.transformer.CoreModClassTransformer@3cd26422 to Target : CLASS {Lnet/minecraft/world/entity/monster/Strider;} {} {V}
[18Jun2026 00:28:03.973] [main/DEBUG] [cpw.mods.modlauncher.TransformStore/MODLAUNCHER]: Adding transformer net.minecraftforge.coremod.transformer.CoreModClassTransformer@3cd26422 to Target : CLASS {Lnet/minecraft/world/entity/monster/Spider;} {} {V}
[18Jun2026 00:28:03.973] [main/DEBUG] [cpw.mods.modlauncher.TransformStore/MODLAUNCHER]: Adding transformer net.minecraftforge.coremod.transformer.CoreModClassTransformer@3cd26422 to Target : CLASS {Lnet/minecraft/world/level/NaturalSpawner;} {} {V}
[18Jun2026 00:28:03.973] [main/DEBUG] [cpw.mods.modlauncher.TransformStore/MODLAUNCHER]: Adding transformer net.minecraftforge.coremod.transformer.CoreModClassTransformer@3cd26422 to Target : CLASS {Lnet/minecraft/world/entity/EntityType;} {} {V}
[18Jun2026 00:28:03.973] [main/DEBUG] [cpw.mods.modlauncher.TransformStore/MODLAUNCHER]: Adding transformer net.minecraftforge.coremod.transformer.CoreModClassTransformer@3cd26422 to Target : CLASS {Lnet/minecraft/world/entity/raid/Raid;} {} {V}
[18Jun2026 00:28:03.973] [main/DEBUG] [cpw.mods.modlauncher.TransformStore/MODLAUNCHER]: Adding transformer net.minecraftforge.coremod.transformer.CoreModClassTransformer@3cd26422 to Target : CLASS {Lnet/minecraft/world/level/levelgen/structure/structures/OceanMonumentPieces$OceanMonumentPiece;} {} {V}
[18Jun2026 00:28:03.973] [main/DEBUG] [cpw.mods.modlauncher.TransformStore/MODLAUNCHER]: Adding transformer net.minecraftforge.coremod.transformer.CoreModClassTransformer@3cd26422 to Target : CLASS {Lnet/minecraft/world/level/levelgen/PhantomSpawner;} {} {V}
[18Jun2026 00:28:03.974] [main/DEBUG] [cpw.mods.modlauncher.TransformStore/MODLAUNCHER]: Adding transformer net.minecraftforge.coremod.transformer.CoreModClassTransformer@3cd26422 to Target : CLASS {Lnet/minecraft/world/entity/monster/Evoker$EvokerSummonSpellGoal;} {} {V}
[18Jun2026 00:28:03.974] [main/DEBUG] [cpw.mods.modlauncher.TransformStore/MODLAUNCHER]: Adding transformer net.minecraftforge.coremod.transformer.CoreModClassTransformer@3cd26422 to Target : CLASS {Lnet/minecraft/server/commands/RaidCommand;} {} {V}
[18Jun2026 00:28:03.974] [main/DEBUG] [cpw.mods.modlauncher.TransformStore/MODLAUNCHER]: Adding transformer net.minecraftforge.coremod.transformer.CoreModClassTransformer@3cd26422 to Target : CLASS {Lnet/minecraft/world/entity/npc/Villager;} {} {V}
[18Jun2026 00:28:03.974] [main/DEBUG] [cpw.mods.modlauncher.TransformStore/MODLAUNCHER]: Adding transformer net.minecraftforge.coremod.transformer.CoreModClassTransformer@3cd26422 to Target : CLASS {Lnet/minecraft/world/level/levelgen/structure/structures/WoodlandMansionPieces$WoodlandMansionPiece;} {} {V}
[18Jun2026 00:28:03.974] [main/DEBUG] [cpw.mods.modlauncher.TransformStore/MODLAUNCHER]: Adding transformer net.minecraftforge.coremod.transformer.CoreModClassTransformer@3cd26422 to Target : CLASS {Lnet/minecraft/world/entity/monster/ZombieVillager;} {} {V}
[18Jun2026 00:28:03.974] [main/DEBUG] [cpw.mods.modlauncher.TransformStore/MODLAUNCHER]: Adding transformer net.minecraftforge.coremod.transformer.CoreModMethodTransformer@3fa21d49 to Target : METHOD {Lnet/minecraftforge/common/extensions/IForgeItemStack;} {getAllEnchantments} {()Ljava/util/Map;}
[18Jun2026 00:28:03.974] [main/DEBUG] [cpw.mods.modlauncher.TransformStore/MODLAUNCHER]: Adding transformer net.minecraftforge.coremod.transformer.CoreModMethodTransformer@416d56f2 to Target : METHOD {Lnet/minecraftforge/common/extensions/IForgeItemStack;} {getEnchantmentLevel} {(Lnet/minecraft/world/item/enchantment/Enchantment;)I}
[18Jun2026 00:28:03.974] [main/DEBUG] [cpw.mods.modlauncher.TransformationServiceDecorator/MODLAUNCHER]: Initialized transformers for transformation service fml
[18Jun2026 00:28:04.409] [main/DEBUG] [mixin/]: Processing prepare() for PlatformAgent[MixinPlatformAgentDefault:ModLauncher Root Container(ModLauncher:4f56a0a2)]
[18Jun2026 00:28:04.410] [main/DEBUG] [mixin/]: Processing launch tasks for PlatformAgent[MixinPlatformAgentDefault:ModLauncher Root Container(ModLauncher:4f56a0a2)]
[18Jun2026 00:28:04.410] [main/DEBUG] [mixin/]: Adding mixin platform agents for container SecureJarResource(configured)
[18Jun2026 00:28:04.410] [main/DEBUG] [mixin/]: Instancing new MixinPlatformAgentMinecraftForge for SecureJarResource(configured)
[18Jun2026 00:28:04.410] [main/DEBUG] [mixin/]: MixinPlatformAgentMinecraftForge rejected container SecureJarResource(configured)
[18Jun2026 00:28:04.410] [main/DEBUG] [mixin/]: Instancing new MixinPlatformAgentDefault for SecureJarResource(configured)
[18Jun2026 00:28:04.410] [main/DEBUG] [mixin/]: MixinPlatformAgentDefault accepted container SecureJarResource(configured)
[18Jun2026 00:28:04.410] [main/DEBUG] [mixin/]: Processing prepare() for PlatformAgent[MixinPlatformAgentDefault:SecureJarResource(configured)]
[18Jun2026 00:28:04.410] [main/DEBUG] [mixin/]: Registering mixin config: configured.common.mixins.json
[18Jun2026 00:28:04.421] [main/DEBUG] [mixin/]: Compatibility level JAVA_17 specified by configured.common.mixins.json is higher than the maximum level supported by this version of mixin (JAVA_13).
[18Jun2026 00:28:04.424] [main/INFO] [mixin/]: Compatibility level set to JAVA_17
[18Jun2026 00:28:04.424] [main/DEBUG] [mixin/]: Adding mixin platform agents for container SecureJarResource(minecraft)
[18Jun2026 00:28:04.424] [main/DEBUG] [mixin/]: Instancing new MixinPlatformAgentMinecraftForge for SecureJarResource(minecraft)
[18Jun2026 00:28:04.425] [main/DEBUG] [mixin/]: MixinPlatformAgentMinecraftForge rejected container SecureJarResource(minecraft)
[18Jun2026 00:28:04.425] [main/DEBUG] [mixin/]: Instancing new MixinPlatformAgentDefault for SecureJarResource(minecraft)
[18Jun2026 00:28:04.425] [main/DEBUG] [mixin/]: MixinPlatformAgentDefault accepted container SecureJarResource(minecraft)
[18Jun2026 00:28:04.425] [main/DEBUG] [mixin/]: Processing prepare() for PlatformAgent[MixinPlatformAgentDefault:SecureJarResource(minecraft)]
[18Jun2026 00:28:04.425] [main/DEBUG] [mixin/]: Adding mixin platform agents for container SecureJarResource(moonlight)
[18Jun2026 00:28:04.425] [main/DEBUG] [mixin/]: Instancing new MixinPlatformAgentMinecraftForge for SecureJarResource(moonlight)
[18Jun2026 00:28:04.425] [main/DEBUG] [mixin/]: MixinPlatformAgentMinecraftForge rejected container SecureJarResource(moonlight)
[18Jun2026 00:28:04.425] [main/DEBUG] [mixin/]: Instancing new MixinPlatformAgentDefault for SecureJarResource(moonlight)
[18Jun2026 00:28:04.425] [main/DEBUG] [mixin/]: MixinPlatformAgentDefault accepted container SecureJarResource(moonlight)
[18Jun2026 00:28:04.425] [main/DEBUG] [mixin/]: Processing prepare() for PlatformAgent[MixinPlatformAgentDefault:SecureJarResource(moonlight)]
[18Jun2026 00:28:04.425] [main/DEBUG] [mixin/]: Registering mixin config: moonlight-common.mixins.json
[18Jun2026 00:28:04.427] [main/DEBUG] [mixin/]: Registering mixin config: moonlight.mixins.json
[18Jun2026 00:28:04.429] [main/DEBUG] [mixin/]: Adding mixin platform agents for container SecureJarResource(mixinsquared)
[18Jun2026 00:28:04.429] [main/DEBUG] [mixin/]: Instancing new MixinPlatformAgentMinecraftForge for SecureJarResource(mixinsquared)
[18Jun2026 00:28:04.429] [main/DEBUG] [mixin/]: MixinPlatformAgentMinecraftForge rejected container SecureJarResource(mixinsquared)
[18Jun2026 00:28:04.429] [main/DEBUG] [mixin/]: Instancing new MixinPlatformAgentDefault for SecureJarResource(mixinsquared)
[18Jun2026 00:28:04.429] [main/DEBUG] [mixin/]: MixinPlatformAgentDefault accepted container SecureJarResource(mixinsquared)
[18Jun2026 00:28:04.429] [main/DEBUG] [mixin/]: Processing prepare() for PlatformAgent[MixinPlatformAgentDefault:SecureJarResource(mixinsquared)]
[18Jun2026 00:28:04.429] [main/DEBUG] [mixin/]: Registering mixin config: mixinsquared.init.mixins.json
[18Jun2026 00:28:04.431] [main/DEBUG] [mixin/]: Adding mixin platform agents for container SecureJarResource(jade)
[18Jun2026 00:28:04.431] [main/DEBUG] [mixin/]: Instancing new MixinPlatformAgentMinecraftForge for SecureJarResource(jade)
[18Jun2026 00:28:04.431] [main/DEBUG] [mixin/]: MixinPlatformAgentMinecraftForge rejected container SecureJarResource(jade)
[18Jun2026 00:28:04.431] [main/DEBUG] [mixin/]: Instancing new MixinPlatformAgentDefault for SecureJarResource(jade)
[18Jun2026 00:28:04.431] [main/DEBUG] [mixin/]: MixinPlatformAgentDefault accepted container SecureJarResource(jade)
[18Jun2026 00:28:04.431] [main/DEBUG] [mixin/]: Processing prepare() for PlatformAgent[MixinPlatformAgentDefault:SecureJarResource(jade)]
[18Jun2026 00:28:04.431] [main/DEBUG] [mixin/]: Registering mixin config: jade.mixins.json
[18Jun2026 00:28:04.433] [main/DEBUG] [mixin/]: Compatibility level JAVA_16 specified by jade.mixins.json is higher than the maximum level supported by this version of mixin (JAVA_13).
[18Jun2026 00:28:04.433] [main/DEBUG] [mixin/]: Adding mixin platform agents for container SecureJarResource(geckolib)
[18Jun2026 00:28:04.433] [main/DEBUG] [mixin/]: Instancing new MixinPlatformAgentMinecraftForge for SecureJarResource(geckolib)
[18Jun2026 00:28:04.433] [main/DEBUG] [mixin/]: MixinPlatformAgentMinecraftForge rejected container SecureJarResource(geckolib)
[18Jun2026 00:28:04.433] [main/DEBUG] [mixin/]: Instancing new MixinPlatformAgentDefault for SecureJarResource(geckolib)
[18Jun2026 00:28:04.433] [main/DEBUG] [mixin/]: MixinPlatformAgentDefault accepted container SecureJarResource(geckolib)
[18Jun2026 00:28:04.433] [main/DEBUG] [mixin/]: Processing prepare() for PlatformAgent[MixinPlatformAgentDefault:SecureJarResource(geckolib)]
[18Jun2026 00:28:04.433] [main/DEBUG] [mixin/]: Registering mixin config: geckolib.mixins.json
[18Jun2026 00:28:04.435] [main/DEBUG] [mixin/]: Adding mixin platform agents for container SecureJarResource(playeranimator)
[18Jun2026 00:28:04.435] [main/DEBUG] [mixin/]: Instancing new MixinPlatformAgentMinecraftForge for SecureJarResource(playeranimator)
[18Jun2026 00:28:04.435] [main/DEBUG] [mixin/]: MixinPlatformAgentMinecraftForge rejected container SecureJarResource(playeranimator)
[18Jun2026 00:28:04.435] [main/DEBUG] [mixin/]: Instancing new MixinPlatformAgentDefault for SecureJarResource(playeranimator)
[18Jun2026 00:28:04.435] [main/DEBUG] [mixin/]: MixinPlatformAgentDefault accepted container SecureJarResource(playeranimator)
[18Jun2026 00:28:04.435] [main/DEBUG] [mixin/]: Processing prepare() for PlatformAgent[MixinPlatformAgentDefault:SecureJarResource(playeranimator)]
[18Jun2026 00:28:04.435] [main/DEBUG] [mixin/]: Registering mixin config: playerAnimator-common.mixins.json
[18Jun2026 00:28:04.436] [main/DEBUG] [mixin/]: Compatibility level JAVA_16 specified by playerAnimator-common.mixins.json is higher than the maximum level supported by this version of mixin (JAVA_13).
[18Jun2026 00:28:04.436] [main/DEBUG] [mixin/]: Adding mixin platform agents for container SecureJarResource(irons_spellbooks)
[18Jun2026 00:28:04.437] [main/DEBUG] [mixin/]: Instancing new MixinPlatformAgentMinecraftForge for SecureJarResource(irons_spellbooks)
[18Jun2026 00:28:04.437] [main/DEBUG] [mixin/]: MixinPlatformAgentMinecraftForge rejected container SecureJarResource(irons_spellbooks)
[18Jun2026 00:28:04.437] [main/DEBUG] [mixin/]: Instancing new MixinPlatformAgentDefault for SecureJarResource(irons_spellbooks)
[18Jun2026 00:28:04.437] [main/DEBUG] [mixin/]: MixinPlatformAgentDefault accepted container SecureJarResource(irons_spellbooks)
[18Jun2026 00:28:04.437] [main/DEBUG] [mixin/]: Processing prepare() for PlatformAgent[MixinPlatformAgentDefault:SecureJarResource(irons_spellbooks)]
[18Jun2026 00:28:04.437] [main/DEBUG] [mixin/]: Registering mixin config: mixins.irons_spellbooks.json
[18Jun2026 00:28:04.438] [main/DEBUG] [mixin/]: Adding mixin platform agents for container SecureJarResource(jei)
[18Jun2026 00:28:04.438] [main/DEBUG] [mixin/]: Instancing new MixinPlatformAgentMinecraftForge for SecureJarResource(jei)
[18Jun2026 00:28:04.438] [main/DEBUG] [mixin/]: MixinPlatformAgentMinecraftForge rejected container SecureJarResource(jei)
[18Jun2026 00:28:04.438] [main/DEBUG] [mixin/]: Instancing new MixinPlatformAgentDefault for SecureJarResource(jei)
[18Jun2026 00:28:04.438] [main/DEBUG] [mixin/]: MixinPlatformAgentDefault accepted container SecureJarResource(jei)
[18Jun2026 00:28:04.438] [main/DEBUG] [mixin/]: Processing prepare() for PlatformAgent[MixinPlatformAgentDefault:SecureJarResource(jei)]
[18Jun2026 00:28:04.438] [main/DEBUG] [mixin/]: Adding mixin platform agents for container SecureJarResource(azurelib)
[18Jun2026 00:28:04.438] [main/DEBUG] [mixin/]: Instancing new MixinPlatformAgentMinecraftForge for SecureJarResource(azurelib)
[18Jun2026 00:28:04.438] [main/DEBUG] [mixin/]: MixinPlatformAgentMinecraftForge rejected container SecureJarResource(azurelib)
[18Jun2026 00:28:04.438] [main/DEBUG] [mixin/]: Instancing new MixinPlatformAgentDefault for SecureJarResource(azurelib)
[18Jun2026 00:28:04.438] [main/DEBUG] [mixin/]: MixinPlatformAgentDefault accepted container SecureJarResource(azurelib)
[18Jun2026 00:28:04.438] [main/DEBUG] [mixin/]: Processing prepare() for PlatformAgent[MixinPlatformAgentDefault:SecureJarResource(azurelib)]
[18Jun2026 00:28:04.438] [main/DEBUG] [mixin/]: Registering mixin config: azurelib.mixins.json
[18Jun2026 00:28:04.439] [main/DEBUG] [mixin/]: Registering mixin config: azurelib.forge.mixins.json
[18Jun2026 00:28:04.441] [main/DEBUG] [mixin/]: Adding mixin platform agents for container SecureJarResource(cloth_config)
[18Jun2026 00:28:04.442] [main/DEBUG] [mixin/]: Instancing new MixinPlatformAgentMinecraftForge for SecureJarResource(cloth_config)
[18Jun2026 00:28:04.442] [main/DEBUG] [mixin/]: MixinPlatformAgentMinecraftForge rejected container SecureJarResource(cloth_config)
[18Jun2026 00:28:04.442] [main/DEBUG] [mixin/]: Instancing new MixinPlatformAgentDefault for SecureJarResource(cloth_config)
[18Jun2026 00:28:04.442] [main/DEBUG] [mixin/]: MixinPlatformAgentDefault accepted container SecureJarResource(cloth_config)
[18Jun2026 00:28:04.442] [main/DEBUG] [mixin/]: Processing prepare() for PlatformAgent[MixinPlatformAgentDefault:SecureJarResource(cloth_config)]
[18Jun2026 00:28:04.442] [main/DEBUG] [mixin/]: Adding mixin platform agents for container SecureJarResource(bettercombat)
[18Jun2026 00:28:04.442] [main/DEBUG] [mixin/]: Instancing new MixinPlatformAgentMinecraftForge for SecureJarResource(bettercombat)
[18Jun2026 00:28:04.442] [main/DEBUG] [mixin/]: MixinPlatformAgentMinecraftForge rejected container SecureJarResource(bettercombat)
[18Jun2026 00:28:04.442] [main/DEBUG] [mixin/]: Instancing new MixinPlatformAgentDefault for SecureJarResource(bettercombat)
[18Jun2026 00:28:04.442] [main/DEBUG] [mixin/]: MixinPlatformAgentDefault accepted container SecureJarResource(bettercombat)
[18Jun2026 00:28:04.442] [main/DEBUG] [mixin/]: Processing prepare() for PlatformAgent[MixinPlatformAgentDefault:SecureJarResource(bettercombat)]
[18Jun2026 00:28:04.442] [main/DEBUG] [mixin/]: Registering mixin config: bettercombat.mixins.json
[18Jun2026 00:28:04.443] [main/DEBUG] [mixin/]: Adding mixin platform agents for container SecureJarResource(obscure_api)
[18Jun2026 00:28:04.443] [main/DEBUG] [mixin/]: Instancing new MixinPlatformAgentMinecraftForge for SecureJarResource(obscure_api)
[18Jun2026 00:28:04.443] [main/DEBUG] [mixin/]: MixinPlatformAgentMinecraftForge rejected container SecureJarResource(obscure_api)
[18Jun2026 00:28:04.443] [main/DEBUG] [mixin/]: Instancing new MixinPlatformAgentDefault for SecureJarResource(obscure_api)
[18Jun2026 00:28:04.443] [main/DEBUG] [mixin/]: MixinPlatformAgentDefault accepted container SecureJarResource(obscure_api)
[18Jun2026 00:28:04.443] [main/DEBUG] [mixin/]: Processing prepare() for PlatformAgent[MixinPlatformAgentDefault:SecureJarResource(obscure_api)]
[18Jun2026 00:28:04.443] [main/DEBUG] [mixin/]: Registering mixin config: obscure_api.mixins.json
[18Jun2026 00:28:04.444] [main/DEBUG] [mixin/]: Adding mixin platform agents for container SecureJarResource(forge)
[18Jun2026 00:28:04.444] [main/DEBUG] [mixin/]: Instancing new MixinPlatformAgentMinecraftForge for SecureJarResource(forge)
[18Jun2026 00:28:04.444] [main/DEBUG] [mixin/]: MixinPlatformAgentMinecraftForge rejected container SecureJarResource(forge)
[18Jun2026 00:28:04.444] [main/DEBUG] [mixin/]: Instancing new MixinPlatformAgentDefault for SecureJarResource(forge)
[18Jun2026 00:28:04.444] [main/DEBUG] [mixin/]: MixinPlatformAgentDefault accepted container SecureJarResource(forge)
[18Jun2026 00:28:04.444] [main/DEBUG] [mixin/]: Processing prepare() for PlatformAgent[MixinPlatformAgentDefault:SecureJarResource(forge)]
[18Jun2026 00:28:04.444] [main/DEBUG] [mixin/]: Adding mixin platform agents for container SecureJarResource(dummmmmmy)
[18Jun2026 00:28:04.445] [main/DEBUG] [mixin/]: Instancing new MixinPlatformAgentMinecraftForge for SecureJarResource(dummmmmmy)
[18Jun2026 00:28:04.445] [main/DEBUG] [mixin/]: MixinPlatformAgentMinecraftForge rejected container SecureJarResource(dummmmmmy)
[18Jun2026 00:28:04.445] [main/DEBUG] [mixin/]: Instancing new MixinPlatformAgentDefault for SecureJarResource(dummmmmmy)
[18Jun2026 00:28:04.445] [main/DEBUG] [mixin/]: MixinPlatformAgentDefault accepted container SecureJarResource(dummmmmmy)
[18Jun2026 00:28:04.445] [main/DEBUG] [mixin/]: Processing prepare() for PlatformAgent[MixinPlatformAgentDefault:SecureJarResource(dummmmmmy)]
[18Jun2026 00:28:04.445] [main/DEBUG] [mixin/]: Registering mixin config: dummmmmmy-common.mixins.json
[18Jun2026 00:28:04.446] [main/DEBUG] [mixin/]: Registering mixin config: dummmmmmy.mixins.json
[18Jun2026 00:28:04.447] [main/DEBUG] [mixin/]: Compatibility level JAVA_16 specified by dummmmmmy.mixins.json is higher than the maximum level supported by this version of mixin (JAVA_13).
[18Jun2026 00:28:04.447] [main/DEBUG] [mixin/]: Adding mixin platform agents for container SecureJarResource(curios)
[18Jun2026 00:28:04.447] [main/DEBUG] [mixin/]: Instancing new MixinPlatformAgentMinecraftForge for SecureJarResource(curios)
[18Jun2026 00:28:04.447] [main/DEBUG] [mixin/]: MixinPlatformAgentMinecraftForge rejected container SecureJarResource(curios)
[18Jun2026 00:28:04.447] [main/DEBUG] [mixin/]: Instancing new MixinPlatformAgentDefault for SecureJarResource(curios)
[18Jun2026 00:28:04.447] [main/DEBUG] [mixin/]: MixinPlatformAgentDefault accepted container SecureJarResource(curios)
[18Jun2026 00:28:04.447] [main/DEBUG] [mixin/]: Processing prepare() for PlatformAgent[MixinPlatformAgentDefault:SecureJarResource(curios)]
[18Jun2026 00:28:04.447] [main/DEBUG] [mixin/]: Registering mixin config: curios.mixins.json
[18Jun2026 00:28:04.448] [main/DEBUG] [mixin/]: Adding mixin platform agents for container SecureJarResource(mana_sub_zero)
[18Jun2026 00:28:04.448] [main/DEBUG] [mixin/]: Instancing new MixinPlatformAgentMinecraftForge for SecureJarResource(mana_sub_zero)
[18Jun2026 00:28:04.448] [main/DEBUG] [mixin/]: MixinPlatformAgentMinecraftForge rejected container SecureJarResource(mana_sub_zero)
[18Jun2026 00:28:04.448] [main/DEBUG] [mixin/]: Instancing new MixinPlatformAgentDefault for SecureJarResource(mana_sub_zero)
[18Jun2026 00:28:04.449] [main/DEBUG] [mixin/]: MixinPlatformAgentDefault accepted container SecureJarResource(mana_sub_zero)
[18Jun2026 00:28:04.449] [main/DEBUG] [mixin/]: Processing prepare() for PlatformAgent[MixinPlatformAgentDefault:SecureJarResource(mana_sub_zero)]
[18Jun2026 00:28:04.449] [main/DEBUG] [mixin/]: Adding mixin platform agents for container SecureJarResource(aquamirae)
[18Jun2026 00:28:04.449] [main/DEBUG] [mixin/]: Instancing new MixinPlatformAgentMinecraftForge for SecureJarResource(aquamirae)
[18Jun2026 00:28:04.449] [main/DEBUG] [mixin/]: MixinPlatformAgentMinecraftForge rejected container SecureJarResource(aquamirae)
[18Jun2026 00:28:04.449] [main/DEBUG] [mixin/]: Instancing new MixinPlatformAgentDefault for SecureJarResource(aquamirae)
[18Jun2026 00:28:04.449] [main/DEBUG] [mixin/]: MixinPlatformAgentDefault accepted container SecureJarResource(aquamirae)
[18Jun2026 00:28:04.449] [main/DEBUG] [mixin/]: Processing prepare() for PlatformAgent[MixinPlatformAgentDefault:SecureJarResource(aquamirae)]
[18Jun2026 00:28:04.449] [main/DEBUG] [mixin/]: Registering mixin config: aquamirae.mixins.json
[18Jun2026 00:28:04.450] [main/DEBUG] [mixin/]: Adding mixin platform agents for container SecureJarResource(mobhealthbar)
[18Jun2026 00:28:04.450] [main/DEBUG] [mixin/]: Instancing new MixinPlatformAgentMinecraftForge for SecureJarResource(mobhealthbar)
[18Jun2026 00:28:04.450] [main/DEBUG] [mixin/]: MixinPlatformAgentMinecraftForge rejected container SecureJarResource(mobhealthbar)
[18Jun2026 00:28:04.450] [main/DEBUG] [mixin/]: Instancing new MixinPlatformAgentDefault for SecureJarResource(mobhealthbar)
[18Jun2026 00:28:04.450] [main/DEBUG] [mixin/]: MixinPlatformAgentDefault accepted container SecureJarResource(mobhealthbar)
[18Jun2026 00:28:04.450] [main/DEBUG] [mixin/]: Processing prepare() for PlatformAgent[MixinPlatformAgentDefault:SecureJarResource(mobhealthbar)]
[18Jun2026 00:28:04.450] [main/DEBUG] [mixin/]: Adding mixin platform agents for container SecureJarResource(placebo)
[18Jun2026 00:28:04.450] [main/DEBUG] [mixin/]: Instancing new MixinPlatformAgentMinecraftForge for SecureJarResource(placebo)
[18Jun2026 00:28:04.450] [main/DEBUG] [mixin/]: MixinPlatformAgentMinecraftForge rejected container SecureJarResource(placebo)
[18Jun2026 00:28:04.451] [main/DEBUG] [mixin/]: Instancing new MixinPlatformAgentDefault for SecureJarResource(placebo)
[18Jun2026 00:28:04.451] [main/DEBUG] [mixin/]: MixinPlatformAgentDefault accepted container SecureJarResource(placebo)
[18Jun2026 00:28:04.451] [main/DEBUG] [mixin/]: Processing prepare() for PlatformAgent[MixinPlatformAgentDefault:SecureJarResource(placebo)]
[18Jun2026 00:28:04.451] [main/DEBUG] [mixin/]: Registering mixin config: placebo.mixins.json
[18Jun2026 00:28:04.451] [main/DEBUG] [mixin/]: Adding mixin platform agents for container SecureJarResource(mclib)
[18Jun2026 00:28:04.451] [main/DEBUG] [mixin/]: Instancing new MixinPlatformAgentMinecraftForge for SecureJarResource(mclib)
[18Jun2026 00:28:04.451] [main/DEBUG] [mixin/]: MixinPlatformAgentMinecraftForge rejected container SecureJarResource(mclib)
[18Jun2026 00:28:04.451] [main/DEBUG] [mixin/]: Instancing new MixinPlatformAgentDefault for SecureJarResource(mclib)
[18Jun2026 00:28:04.451] [main/DEBUG] [mixin/]: MixinPlatformAgentDefault accepted container SecureJarResource(mclib)
[18Jun2026 00:28:04.451] [main/DEBUG] [mixin/]: Processing prepare() for PlatformAgent[MixinPlatformAgentDefault:SecureJarResource(mclib)]
[18Jun2026 00:28:04.451] [main/DEBUG] [mixin/]: Adding mixin platform agents for container SecureJarResource(mixinextras)
[18Jun2026 00:28:04.451] [main/DEBUG] [mixin/]: Instancing new MixinPlatformAgentMinecraftForge for SecureJarResource(mixinextras)
[18Jun2026 00:28:04.451] [main/DEBUG] [mixin/]: MixinPlatformAgentMinecraftForge rejected container SecureJarResource(mixinextras)
[18Jun2026 00:28:04.451] [main/DEBUG] [mixin/]: Instancing new MixinPlatformAgentDefault for SecureJarResource(mixinextras)
[18Jun2026 00:28:04.451] [main/DEBUG] [mixin/]: MixinPlatformAgentDefault accepted container SecureJarResource(mixinextras)
[18Jun2026 00:28:04.451] [main/DEBUG] [mixin/]: Processing prepare() for PlatformAgent[MixinPlatformAgentDefault:SecureJarResource(mixinextras)]
[18Jun2026 00:28:04.451] [main/DEBUG] [mixin/]: Registering mixin config: mixinextras.init.mixins.json
[18Jun2026 00:28:04.452] [main/DEBUG] [mixin/]: Adding mixin platform agents for container SecureJarResource(MixinExtras)
[18Jun2026 00:28:04.452] [main/DEBUG] [mixin/]: Instancing new MixinPlatformAgentMinecraftForge for SecureJarResource(MixinExtras)
[18Jun2026 00:28:04.452] [main/DEBUG] [mixin/]: MixinPlatformAgentMinecraftForge rejected container SecureJarResource(MixinExtras)
[18Jun2026 00:28:04.452] [main/DEBUG] [mixin/]: Instancing new MixinPlatformAgentDefault for SecureJarResource(MixinExtras)
[18Jun2026 00:28:04.452] [main/DEBUG] [mixin/]: MixinPlatformAgentDefault accepted container SecureJarResource(MixinExtras)
[18Jun2026 00:28:04.452] [main/DEBUG] [mixin/]: Processing prepare() for PlatformAgent[MixinPlatformAgentDefault:SecureJarResource(MixinExtras)]
[18Jun2026 00:28:04.452] [main/DEBUG] [mixin/]: Adding mixin platform agents for container SecureJarResource(MixinSquared)
[18Jun2026 00:28:04.452] [main/DEBUG] [mixin/]: Instancing new MixinPlatformAgentMinecraftForge for SecureJarResource(MixinSquared)
[18Jun2026 00:28:04.452] [main/DEBUG] [mixin/]: MixinPlatformAgentMinecraftForge rejected container SecureJarResource(MixinSquared)
[18Jun2026 00:28:04.452] [main/DEBUG] [mixin/]: Instancing new MixinPlatformAgentDefault for SecureJarResource(MixinSquared)
[18Jun2026 00:28:04.452] [main/DEBUG] [mixin/]: MixinPlatformAgentDefault accepted container SecureJarResource(MixinSquared)
[18Jun2026 00:28:04.452] [main/DEBUG] [mixin/]: Processing prepare() for PlatformAgent[MixinPlatformAgentDefault:SecureJarResource(MixinSquared)]
[18Jun2026 00:28:04.452] [main/DEBUG] [mixin/]: inject() running with 25 agents
[18Jun2026 00:28:04.452] [main/DEBUG] [mixin/]: Processing inject() for PlatformAgent[MixinPlatformAgentDefault:ModLauncher Root Container(ModLauncher:4f56a0a2)]
[18Jun2026 00:28:04.452] [main/DEBUG] [mixin/]: Processing inject() for PlatformAgent[MixinPlatformAgentDefault:SecureJarResource(configured)]
[18Jun2026 00:28:04.452] [main/DEBUG] [mixin/]: Processing inject() for PlatformAgent[MixinPlatformAgentDefault:SecureJarResource(minecraft)]
[18Jun2026 00:28:04.452] [main/DEBUG] [mixin/]: Processing inject() for PlatformAgent[MixinPlatformAgentDefault:SecureJarResource(moonlight)]
[18Jun2026 00:28:04.453] [main/DEBUG] [mixin/]: Processing inject() for PlatformAgent[MixinPlatformAgentDefault:SecureJarResource(mixinsquared)]
[18Jun2026 00:28:04.453] [main/DEBUG] [mixin/]: Processing inject() for PlatformAgent[MixinPlatformAgentDefault:SecureJarResource(jade)]
[18Jun2026 00:28:04.453] [main/DEBUG] [mixin/]: Processing inject() for PlatformAgent[MixinPlatformAgentDefault:SecureJarResource(geckolib)]
[18Jun2026 00:28:04.453] [main/DEBUG] [mixin/]: Processing inject() for PlatformAgent[MixinPlatformAgentDefault:SecureJarResource(playeranimator)]
[18Jun2026 00:28:04.453] [main/DEBUG] [mixin/]: Processing inject() for PlatformAgent[MixinPlatformAgentDefault:SecureJarResource(irons_spellbooks)]
[18Jun2026 00:28:04.453] [main/DEBUG] [mixin/]: Processing inject() for PlatformAgent[MixinPlatformAgentDefault:SecureJarResource(jei)]
[18Jun2026 00:28:04.453] [main/DEBUG] [mixin/]: Processing inject() for PlatformAgent[MixinPlatformAgentDefault:SecureJarResource(azurelib)]
[18Jun2026 00:28:04.453] [main/DEBUG] [mixin/]: Processing inject() for PlatformAgent[MixinPlatformAgentDefault:SecureJarResource(cloth_config)]
[18Jun2026 00:28:04.453] [main/DEBUG] [mixin/]: Processing inject() for PlatformAgent[MixinPlatformAgentDefault:SecureJarResource(bettercombat)]
[18Jun2026 00:28:04.453] [main/DEBUG] [mixin/]: Processing inject() for PlatformAgent[MixinPlatformAgentDefault:SecureJarResource(obscure_api)]
[18Jun2026 00:28:04.453] [main/DEBUG] [mixin/]: Processing inject() for PlatformAgent[MixinPlatformAgentDefault:SecureJarResource(forge)]
[18Jun2026 00:28:04.453] [main/DEBUG] [mixin/]: Processing inject() for PlatformAgent[MixinPlatformAgentDefault:SecureJarResource(dummmmmmy)]
[18Jun2026 00:28:04.453] [main/DEBUG] [mixin/]: Processing inject() for PlatformAgent[MixinPlatformAgentDefault:SecureJarResource(curios)]
[18Jun2026 00:28:04.453] [main/DEBUG] [mixin/]: Processing inject() for PlatformAgent[MixinPlatformAgentDefault:SecureJarResource(mana_sub_zero)]
[18Jun2026 00:28:04.453] [main/DEBUG] [mixin/]: Processing inject() for PlatformAgent[MixinPlatformAgentDefault:SecureJarResource(aquamirae)]
[18Jun2026 00:28:04.453] [main/DEBUG] [mixin/]: Processing inject() for PlatformAgent[MixinPlatformAgentDefault:SecureJarResource(mobhealthbar)]
[18Jun2026 00:28:04.453] [main/DEBUG] [mixin/]: Processing inject() for PlatformAgent[MixinPlatformAgentDefault:SecureJarResource(placebo)]
[18Jun2026 00:28:04.453] [main/DEBUG] [mixin/]: Processing inject() for PlatformAgent[MixinPlatformAgentDefault:SecureJarResource(mclib)]
[18Jun2026 00:28:04.453] [main/DEBUG] [mixin/]: Processing inject() for PlatformAgent[MixinPlatformAgentDefault:SecureJarResource(mixinextras)]
[18Jun2026 00:28:04.453] [main/DEBUG] [mixin/]: Processing inject() for PlatformAgent[MixinPlatformAgentDefault:SecureJarResource(MixinExtras)]
[18Jun2026 00:28:04.453] [main/DEBUG] [mixin/]: Processing inject() for PlatformAgent[MixinPlatformAgentDefault:SecureJarResource(MixinSquared)]
[18Jun2026 00:28:04.453] [main/INFO] [cpw.mods.modlauncher.LaunchServiceHandler/MODLAUNCHER]: Launching target 'forgeclientuserdev' with arguments [--version, MOD_DEV, --gameDir, ., --assetsDir, C:\Users\user\.gradle\caches\forge_gradle\assets, --assetIndex, 5]
[18Jun2026 00:28:04.530] [main/DEBUG] [mixin/]: Error cleaning class output directory: .mixin.out
[18Jun2026 00:28:04.531] [main/DEBUG] [mixin/]: Preparing mixins for MixinEnvironment[DEFAULT]
[18Jun2026 00:28:04.531] [main/DEBUG] [mixin/]: Selecting config configured.common.mixins.json
[18Jun2026 00:28:04.681] [main/INFO] [mixin/]: Remapping refMap configured.refmap.json using C:\Users\user\IdeaProjects\Mana_Sub_Zero\build\createSrgToMcp\output.srg
[18Jun2026 00:28:04.681] [main/DEBUG] [mixin/]: Selecting config moonlight-common.mixins.json
[18Jun2026 00:28:04.690] [main/INFO] [mixin/]: Remapping refMap moonlight-common-refmap.json using C:\Users\user\IdeaProjects\Mana_Sub_Zero\build\createSrgToMcp\output.srg
[18Jun2026 00:28:04.690] [main/DEBUG] [mixin/]: Selecting config moonlight.mixins.json
[18Jun2026 00:28:04.690] [main/INFO] [mixin/]: Remapping refMap moonlight-forge-refmap.json using C:\Users\user\IdeaProjects\Mana_Sub_Zero\build\createSrgToMcp\output.srg
[18Jun2026 00:28:04.690] [main/DEBUG] [mixin/]: Selecting config mixinsquared.init.mixins.json
[18Jun2026 00:28:04.704] [main/DEBUG] [mixin/]: Registering new target selector for @mixinsquared:handler with com.bawnorton.mixinsquared.selector.DynamicSelectorHandler
[18Jun2026 00:28:04.711] [main/DEBUG] [mixin/]: Selecting config jade.mixins.json
[18Jun2026 00:28:04.712] [main/INFO] [mixin/]: Remapping refMap jade.refmap.json using C:\Users\user\IdeaProjects\Mana_Sub_Zero\build\createSrgToMcp\output.srg
[18Jun2026 00:28:04.712] [main/DEBUG] [mixin/]: Selecting config geckolib.mixins.json
[18Jun2026 00:28:04.712] [main/INFO] [mixin/]: Remapping refMap geckolib.refmap.json using C:\Users\user\IdeaProjects\Mana_Sub_Zero\build\createSrgToMcp\output.srg
[18Jun2026 00:28:04.712] [main/DEBUG] [mixin/]: Selecting config playerAnimator-common.mixins.json
[18Jun2026 00:28:04.714] [main/INFO] [mixin/]: Remapping refMap player-animation-lib-minecraft_common-refmap.json using C:\Users\user\IdeaProjects\Mana_Sub_Zero\build\createSrgToMcp\output.srg
[18Jun2026 00:28:04.714] [main/DEBUG] [mixin/]: Selecting config mixins.irons_spellbooks.json
[18Jun2026 00:28:04.715] [main/INFO] [mixin/]: Remapping refMap irons_spellbooks.refmap.json using C:\Users\user\IdeaProjects\Mana_Sub_Zero\build\createSrgToMcp\output.srg
[18Jun2026 00:28:04.716] [main/DEBUG] [mixin/]: Selecting config azurelib.mixins.json
[18Jun2026 00:28:04.717] [main/INFO] [mixin/]: Remapping refMap azurelib.refmap.json using C:\Users\user\IdeaProjects\Mana_Sub_Zero\build\createSrgToMcp\output.srg
[18Jun2026 00:28:04.717] [main/DEBUG] [mixin/]: Selecting config azurelib.forge.mixins.json
[18Jun2026 00:28:04.718] [main/INFO] [mixin/]: Remapping refMap azurelib.refmap.json using C:\Users\user\IdeaProjects\Mana_Sub_Zero\build\createSrgToMcp\output.srg
[18Jun2026 00:28:04.718] [main/DEBUG] [mixin/]: Selecting config bettercombat.mixins.json
[18Jun2026 00:28:04.720] [main/INFO] [mixin/]: Remapping refMap bettercombat-common-common-refmap.json using C:\Users\user\IdeaProjects\Mana_Sub_Zero\build\createSrgToMcp\output.srg
[18Jun2026 00:28:04.720] [main/DEBUG] [mixin/]: Selecting config obscure_api.mixins.json
[18Jun2026 00:28:04.721] [main/INFO] [mixin/]: Remapping refMap obscure_api.refmap.json using C:\Users\user\IdeaProjects\Mana_Sub_Zero\build\createSrgToMcp\output.srg
[18Jun2026 00:28:04.721] [main/DEBUG] [mixin/]: Selecting config dummmmmmy-common.mixins.json
[18Jun2026 00:28:04.722] [main/INFO] [mixin/]: Remapping refMap dummmmmmy-common-refmap.json using C:\Users\user\IdeaProjects\Mana_Sub_Zero\build\createSrgToMcp\output.srg
[18Jun2026 00:28:04.722] [main/DEBUG] [mixin/]: Selecting config dummmmmmy.mixins.json
[18Jun2026 00:28:04.723] [main/DEBUG] [mixin/]: Selecting config curios.mixins.json
[18Jun2026 00:28:04.724] [main/INFO] [mixin/]: Remapping refMap curios.refmap.json using C:\Users\user\IdeaProjects\Mana_Sub_Zero\build\createSrgToMcp\output.srg
[18Jun2026 00:28:04.725] [main/DEBUG] [mixin/]: Selecting config aquamirae.mixins.json
[18Jun2026 00:28:04.726] [main/INFO] [mixin/]: Remapping refMap aquamirae.refmap.json using C:\Users\user\IdeaProjects\Mana_Sub_Zero\build\createSrgToMcp\output.srg
[18Jun2026 00:28:04.726] [main/DEBUG] [mixin/]: Selecting config placebo.mixins.json
[18Jun2026 00:28:04.727] [main/INFO] [mixin/]: Remapping refMap placebo.refmap.json using C:\Users\user\IdeaProjects\Mana_Sub_Zero\build\createSrgToMcp\output.srg
[18Jun2026 00:28:04.727] [main/DEBUG] [mixin/]: Selecting config mixinextras.init.mixins.json
[18Jun2026 00:28:04.783] [main/DEBUG] [MixinExtras|Service/]: com.llamalad7.mixinextras.service.MixinExtrasServiceImpl(version=0.5.0) is taking over from null
[18Jun2026 00:28:04.831] [main/DEBUG] [mixin/]: Registering new injector for @Inject with org.spongepowered.asm.mixin.injection.struct.CallbackInjectionInfo
[18Jun2026 00:28:04.832] [main/DEBUG] [mixin/]: Registering new injector for @ModifyArg with org.spongepowered.asm.mixin.injection.struct.ModifyArgInjectionInfo
[18Jun2026 00:28:04.833] [main/DEBUG] [mixin/]: Registering new injector for @ModifyArgs with org.spongepowered.asm.mixin.injection.struct.ModifyArgsInjectionInfo
[18Jun2026 00:28:04.834] [main/DEBUG] [mixin/]: Registering new injector for @Redirect with org.spongepowered.asm.mixin.injection.struct.RedirectInjectionInfo
[18Jun2026 00:28:04.835] [main/DEBUG] [mixin/]: Registering new injector for @ModifyVariable with org.spongepowered.asm.mixin.injection.struct.ModifyVariableInjectionInfo
[18Jun2026 00:28:04.836] [main/DEBUG] [mixin/]: Registering new injector for @ModifyConstant with org.spongepowered.asm.mixin.injection.struct.ModifyConstantInjectionInfo
[18Jun2026 00:28:04.846] [main/DEBUG] [mixin/]: Preparing configured.common.mixins.json (2)
[18Jun2026 00:28:04.881] [main/DEBUG] [mixin/]: Preparing moonlight-common.mixins.json (40)
[18Jun2026 00:28:04.959] [main/DEBUG] [net.minecraftforge.coremod.transformer.CoreModBaseTransformer/COREMOD]: Transforming net/minecraft/world/entity/npc/Villager
[18Jun2026 00:28:05.160] [main/DEBUG] [mixin/]: Preparing moonlight.mixins.json (13)
[18Jun2026 00:28:05.173] [main/DEBUG] [mixin/]: Preparing mixinsquared.init.mixins.json (0)
[18Jun2026 00:28:05.173] [main/DEBUG] [mixin/]: Preparing jade.mixins.json (2)
[18Jun2026 00:28:05.175] [main/DEBUG] [mixin/]: Preparing geckolib.mixins.json (1)
[18Jun2026 00:28:05.176] [main/DEBUG] [mixin/]: Preparing playerAnimator-common.mixins.json (14)
[18Jun2026 00:28:05.202] [main/DEBUG] [mixin/]: Preparing mixins.irons_spellbooks.json (28)
[18Jun2026 00:28:05.226] [main/DEBUG] [net.minecraftforge.coremod.transformer.CoreModBaseTransformer/COREMOD]: Transforming getEnchantmentLevel with desc (Lnet/minecraft/world/item/enchantment/Enchantment;)I
[18Jun2026 00:28:05.235] [main/INFO] [net.minecraftforge.coremod.CoreMod.placebo/COREMODLOG]: Patching IForgeItemStack#getEnchantmentLevel
[18Jun2026 00:28:05.246] [main/DEBUG] [net.minecraftforge.coremod.transformer.CoreModBaseTransformer/COREMOD]: Transforming getAllEnchantments with desc ()Ljava/util/Map;
[18Jun2026 00:28:05.250] [main/INFO] [net.minecraftforge.coremod.CoreMod.placebo/COREMODLOG]: Patching IForgeItemStack#getEnchantmentLevel
[18Jun2026 00:28:05.253] [main/DEBUG] [net.minecraftforge.coremod.transformer.CoreModBaseTransformer/COREMOD]: Transforming net/minecraft/world/item/ItemStack
[18Jun2026 00:28:05.261] [main/DEBUG] [net.minecraftforge.coremod.transformer.CoreModBaseTransformer/COREMOD]: Transforming getEnchantmentLevel with desc (Lnet/minecraft/world/item/enchantment/Enchantment;)I
[18Jun2026 00:28:05.261] [main/INFO] [net.minecraftforge.coremod.CoreMod.placebo/COREMODLOG]: Patching IForgeItemStack#getEnchantmentLevel
[18Jun2026 00:28:05.262] [main/DEBUG] [net.minecraftforge.coremod.transformer.CoreModBaseTransformer/COREMOD]: Transforming getAllEnchantments with desc ()Ljava/util/Map;
[18Jun2026 00:28:05.262] [main/INFO] [net.minecraftforge.coremod.CoreMod.placebo/COREMODLOG]: Patching IForgeItemStack#getEnchantmentLevel
[18Jun2026 00:28:05.292] [main/DEBUG] [mixin/]: Preparing azurelib.mixins.json (0)
[18Jun2026 00:28:05.292] [main/DEBUG] [mixin/]: Preparing azurelib.forge.mixins.json (12)
[18Jun2026 00:28:05.303] [main/DEBUG] [mixin/]: Preparing bettercombat.mixins.json (17)
[18Jun2026 00:28:05.326] [main/DEBUG] [mixin/]: Preparing obscure_api.mixins.json (6)
[18Jun2026 00:28:05.332] [main/DEBUG] [mixin/]: Preparing dummmmmmy-common.mixins.json (5)
[18Jun2026 00:28:05.334] [main/DEBUG] [mixin/]: Preparing dummmmmmy.mixins.json (0)
[18Jun2026 00:28:05.334] [main/DEBUG] [mixin/]: Preparing curios.mixins.json (10)
[18Jun2026 00:28:05.340] [main/DEBUG] [mixin/]: Preparing aquamirae.mixins.json (3)
[18Jun2026 00:28:05.341] [main/DEBUG] [net.minecraftforge.coremod.transformer.CoreModBaseTransformer/COREMOD]: Transforming net/minecraft/world/level/biome/Biome
[18Jun2026 00:28:05.353] [main/DEBUG] [net.minecraftforge.coremod.transformer.CoreModBaseTransformer/COREMOD]: Transforming net/minecraft/world/level/levelgen/structure/templatesystem/StructureTemplate
[18Jun2026 00:28:05.403] [main/DEBUG] [mixin/]: Preparing placebo.mixins.json (6)
[18Jun2026 00:28:05.407] [main/DEBUG] [mixin/]: Preparing mixinextras.init.mixins.json (0)
[18Jun2026 00:28:05.424] [main/DEBUG] [mixin/]: Inner class net/mehvahdjukaar/moonlight/core/mixins/forge/ItemMixin$1 in net/mehvahdjukaar/moonlight/core/mixins/forge/ItemMixin on net/minecraft/world/item/Item gets unique name net/minecraft/world/item/Item$Anonymous$d90dfa399c574b67be9df57a9234b07f
[18Jun2026 00:28:05.429] [main/DEBUG] [mixin/]: Inner class io/redspace/ironsspellbooks/mixin/DispenserBlockMixin$1 in io/redspace/ironsspellbooks/mixin/DispenserBlockMixin on net/minecraft/world/level/block/DispenserBlock gets unique name net/minecraft/world/level/block/DispenserBlock$Anonymous$cf1a98705abc47d2b02184fbe58ff182
[18Jun2026 00:28:05.445] [main/DEBUG] [mixin/]: Inner class com/obscuria/obscureapi/mixin/client/MixinTitleScreen$1 in com/obscuria/obscureapi/mixin/client/MixinTitleScreen on net/minecraft/client/gui/screens/TitleScreen gets unique name net/minecraft/client/gui/screens/TitleScreen$Anonymous$223bfc3a973f40feb3c9e28b4d63480a
[18Jun2026 00:28:05.448] [main/DEBUG] [mixin/]: Prepared 156 mixins in 0.917 sec (5.9ms avg) (0ms load, 0ms transform, 0ms plugin)
[18Jun2026 00:28:05.453] [main/INFO] [MixinExtras|Service/]: Initializing MixinExtras via com.llamalad7.mixinextras.service.MixinExtrasServiceImpl(version=0.5.0).
[18Jun2026 00:28:05.454] [main/DEBUG] [mixin/]: Registering new injector for @SugarWrapper with com.llamalad7.mixinextras.sugar.impl.SugarWrapperInjectionInfo
[18Jun2026 00:28:05.454] [main/DEBUG] [mixin/]: Registering new injector for @FactoryRedirectWrapper with com.llamalad7.mixinextras.wrapper.factory.FactoryRedirectWrapperInjectionInfo
[18Jun2026 00:28:05.455] [main/DEBUG] [mixin/]: Registering new injector for @ExpressionInjectorWrapper with com.llamalad7.mixinextras.expression.impl.wrapper.ExpressionInjectorWrapperInjectionInfo
[18Jun2026 00:28:05.467] [main/DEBUG] [mixin/]: Mixing SimpleTextureMixin from mixins.irons_spellbooks.json into net.minecraft.client.renderer.texture.SimpleTexture
[18Jun2026 00:28:05.518] [main/DEBUG] [mixin/]: Mixing MinecraftMixin from moonlight-common.mixins.json into net.minecraft.client.Minecraft
[18Jun2026 00:28:05.523] [main/DEBUG] [mixin/]: Mixing MinecraftMixin from mixins.irons_spellbooks.json into net.minecraft.client.Minecraft
[18Jun2026 00:28:05.533] [main/DEBUG] [mixin/]: Mixing MinecraftMixin from azurelib.forge.mixins.json into net.minecraft.client.Minecraft
[18Jun2026 00:28:05.536] [main/DEBUG] [mixin/]: Mixing client.MinecraftClientAccessor from bettercombat.mixins.json into net.minecraft.client.Minecraft
[18Jun2026 00:28:05.544] [main/DEBUG] [mixin/]: Mixing client.MinecraftClientInject from bettercombat.mixins.json into net.minecraft.client.Minecraft
[18Jun2026 00:28:05.546] [main/DEBUG] [mixin/]: Renaming synthetic method lambda$performAttack$2(Lnet/bettercombat/api/AttackHand;Ljava/util/List;Lnet/minecraft/world/entity/Entity;Lnet/bettercombat/api/client/BetterCombatClientEvents$PlayerAttackHit;)V to md7f25e1$lambda$performAttack$2$0 in bettercombat.mixins.json:client.MinecraftClientInject
[18Jun2026 00:28:05.546] [main/DEBUG] [mixin/]: Renaming synthetic method lambda$startUpswing$1(Lnet/bettercombat/api/AttackHand;Lnet/bettercombat/api/client/BetterCombatClientEvents$PlayerAttackStart;)V to md7f25e1$lambda$startUpswing$1$1 in bettercombat.mixins.json:client.MinecraftClientInject
[18Jun2026 00:28:05.546] [main/DEBUG] [mixin/]: Renaming synthetic method lambda$setupTextRenderer$0(Lnet/minecraft/client/gui/GuiGraphics;F)V to md7f25e1$lambda$setupTextRenderer$0$2 in bettercombat.mixins.json:client.MinecraftClientInject
[18Jun2026 00:28:05.906] [main/DEBUG] [io.netty.util.internal.logging.InternalLoggerFactory/]: Using SLF4J as the default logging framework
[18Jun2026 00:28:05.908] [main/DEBUG] [io.netty.util.ResourceLeakDetector/]: -Dio.netty.leakDetection.level: simple
[18Jun2026 00:28:05.908] [main/DEBUG] [io.netty.util.ResourceLeakDetector/]: -Dio.netty.leakDetection.targetRecords: 4
[18Jun2026 00:28:05.999] [main/DEBUG] [oshi.util.FileUtil/]: No oshi.properties file found from ClassLoader cpw.mods.modlauncher.TransformingClassLoader@7645f03e
[18Jun2026 00:28:06.178] [main/DEBUG] [oshi.util.FileUtil/]: No oshi.architecture.properties file found from ClassLoader cpw.mods.modlauncher.TransformingClassLoader@7645f03e
[18Jun2026 00:28:06.516] [pool-4-thread-1/DEBUG] [mixin/]: Mixing EntityAccessor from mixins.irons_spellbooks.json into net.minecraft.world.entity.Entity
[18Jun2026 00:28:06.519] [pool-4-thread-1/DEBUG] [mixin/]: Mixing EntityMixin from mixins.irons_spellbooks.json into net.minecraft.world.entity.Entity
[18Jun2026 00:28:06.523] [pool-4-thread-1/DEBUG] [mixin/]: Mixing ClientEntityMixin from mixins.irons_spellbooks.json into net.minecraft.world.entity.Entity
[18Jun2026 00:28:06.526] [pool-4-thread-1/DEBUG] [mixin/]: Mixing EntityMixin_AzEntityAnimatorCache from azurelib.forge.mixins.json into net.minecraft.world.entity.Entity
[18Jun2026 00:28:06.527] [pool-4-thread-1/DEBUG] [mixin/]: Mixing AccessorEntity from curios.mixins.json into net.minecraft.world.entity.Entity
[18Jun2026 00:28:06.570] [pool-4-thread-1/DEBUG] [mixin/]: Mixing LivingEntityAccessor from mixins.irons_spellbooks.json into net.minecraft.world.entity.LivingEntity
[18Jun2026 00:28:06.571] [pool-4-thread-1/DEBUG] [mixin/]: Mixing LivingEntityMixin from mixins.irons_spellbooks.json into net.minecraft.world.entity.LivingEntity
[18Jun2026 00:28:06.573] [pool-4-thread-1/DEBUG] [mixin/]: Renaming synthetic method lambda$static$1(Lnet/minecraft/world/entity/ai/attributes/Attribute;)Z to md7f25e1$lambda$static$1$0 in mixins.irons_spellbooks.json:LivingEntityMixin
[18Jun2026 00:28:06.573] [pool-4-thread-1/DEBUG] [mixin/]: Renaming synthetic method lambda$static$0(Lnet/minecraft/world/entity/ai/attributes/Attribute;)Z to md7f25e1$lambda$static$0$1 in mixins.irons_spellbooks.json:LivingEntityMixin
[18Jun2026 00:28:06.579] [pool-4-thread-1/DEBUG] [net.minecraftforge.coremod.transformer.CoreModBaseTransformer/COREMOD]: Transforming net/minecraft/world/effect/MobEffectInstance
[18Jun2026 00:28:06.596] [pool-4-thread-1/DEBUG] [mixin/]: Mixing LivingEntityAccessor from bettercombat.mixins.json into net.minecraft.world.entity.LivingEntity
[18Jun2026 00:28:06.599] [pool-4-thread-1/DEBUG] [mixin/]: Mixing LivingEntityMixin from bettercombat.mixins.json into net.minecraft.world.entity.LivingEntity
[18Jun2026 00:28:06.600] [pool-4-thread-1/DEBUG] [mixin/]: Renaming synthetic method lambda$getAttributeValue_Inject$0(Lnet/minecraft/world/entity/player/Player;Lnet/minecraft/world/entity/ai/attributes/Attribute;Lorg/spongepowered/asm/mixin/injection/callback/CallbackInfoReturnable;)V to md7f25e1$lambda$getAttributeValue_Inject$0$2 in bettercombat.mixins.json:LivingEntityMixin
[18Jun2026 00:28:06.601] [pool-4-thread-1/DEBUG] [mixin/]: Mixing MixinLivingEntity from obscure_api.mixins.json into net.minecraft.world.entity.LivingEntity
[18Jun2026 00:28:06.604] [pool-4-thread-1/DEBUG] [mixin/]: Mixing LivingEntityMixin from dummmmmmy-common.mixins.json into net.minecraft.world.entity.LivingEntity
[18Jun2026 00:28:06.605] [pool-4-thread-1/DEBUG] [mixin/]: Mixing MixinLivingEntity from curios.mixins.json into net.minecraft.world.entity.LivingEntity
[18Jun2026 00:28:06.740] [pool-4-thread-1/DEBUG] [mixin/]: Mixing PlayerEntityMixin from playerAnimator-common.mixins.json into net.minecraft.world.entity.player.Player
[18Jun2026 00:28:06.741] [pool-4-thread-1/DEBUG] [mixin/]: playerAnimator-common.mixins.json:PlayerEntityMixin: Class version 61 required is higher than the class version supported by the current version of Mixin (JAVA_16 supports class version 60)
[18Jun2026 00:28:06.746] [pool-4-thread-1/DEBUG] [mixin/]: Mixing PlayerMixin from mixins.irons_spellbooks.json into net.minecraft.world.entity.player.Player
[18Jun2026 00:28:06.747] [pool-4-thread-1/DEBUG] [mixin/]: Mixing PlayerEntityAccessor from bettercombat.mixins.json into net.minecraft.world.entity.player.Player
[18Jun2026 00:28:06.750] [pool-4-thread-1/DEBUG] [mixin/]: Mixing PlayerEntityMixin from bettercombat.mixins.json into net.minecraft.world.entity.player.Player
[18Jun2026 00:28:06.754] [pool-4-thread-1/DEBUG] [mixin/]: Mixing PlayerMixin from dummmmmmy-common.mixins.json into net.minecraft.world.entity.player.Player
[18Jun2026 00:28:06.824] [pool-4-thread-1/DEBUG] [mixin/]: Mixing LevelMixin from mixins.irons_spellbooks.json into net.minecraft.world.level.Level
[18Jun2026 00:28:06.842] [pool-4-thread-1/DEBUG] [mixin/]: Mixing ServerLevelMixin from moonlight-common.mixins.json into net.minecraft.server.level.ServerLevel
[18Jun2026 00:28:06.891] [pool-4-thread-1/DEBUG] [mixin/]: Mixing ItemMixin from moonlight-common.mixins.json into net.minecraft.world.item.Item
[18Jun2026 00:28:06.893] [pool-4-thread-1/DEBUG] [mixin/]: Mixing ItemMixin from moonlight.mixins.json into net.minecraft.world.item.Item
[18Jun2026 00:28:06.894] [pool-4-thread-1/DEBUG] [mixin/]: Mixing ItemMixin from mixins.irons_spellbooks.json into net.minecraft.world.item.Item
[18Jun2026 00:28:06.896] [pool-4-thread-1/DEBUG] [mixin/]: Mixing ItemMixin_EnsureCraftHasID from azurelib.forge.mixins.json into net.minecraft.world.item.Item
[18Jun2026 00:28:06.918] [pool-4-thread-1/DEBUG] [net.minecraftforge.coremod.transformer.CoreModBaseTransformer/COREMOD]: Transforming net/minecraft/world/entity/EntityType
[18Jun2026 00:28:06.999] [pool-4-thread-1/DEBUG] [mixin/]: Mixing MobEffectMixin from mixins.irons_spellbooks.json into net.minecraft.world.effect.MobEffect
[18Jun2026 00:28:07.005] [pool-4-thread-1/DEBUG] [mixin/]: Mixing EnchantmentMixin from bettercombat.mixins.json into net.minecraft.world.item.enchantment.Enchantment
[18Jun2026 00:28:07.025] [pool-4-thread-1/DEBUG] [mixin/]: Mixing PoiMixin from moonlight-common.mixins.json into net.minecraft.world.entity.ai.village.poi.PoiType
[18Jun2026 00:28:07.062] [pool-4-thread-1/DEBUG] [mixin/]: Mixing FireBlockMixin from moonlight.mixins.json into net.minecraft.world.level.block.FireBlock
[18Jun2026 00:28:07.212] [pool-4-thread-1/DEBUG] [net.minecraftforge.coremod.transformer.CoreModBaseTransformer/COREMOD]: Transforming net/minecraft/world/level/block/LiquidBlock
[18Jun2026 00:28:07.220] [pool-4-thread-1/DEBUG] [mixin/]: Mixing accessor.DispenserBlockAccessor from moonlight-common.mixins.json into net.minecraft.world.level.block.DispenserBlock
[18Jun2026 00:28:07.221] [pool-4-thread-1/DEBUG] [mixin/]: Renaming @Accessor method getDispenserRegistry()Ljava/util/Map; to getDispenserRegistry_$md$7f25e1$0 in moonlight-common.mixins.json:accessor.DispenserBlockAccessor
[18Jun2026 00:28:07.223] [pool-4-thread-1/DEBUG] [mixin/]: Mixing DispenserBlockMixin from mixins.irons_spellbooks.json into net.minecraft.world.level.block.DispenserBlock
[18Jun2026 00:28:07.247] [pool-4-thread-1/DEBUG] [net.minecraftforge.coremod.transformer.CoreModBaseTransformer/COREMOD]: Transforming net/minecraft/world/level/block/StairBlock
[18Jun2026 00:28:07.287] [pool-4-thread-1/DEBUG] [net.minecraftforge.coremod.transformer.CoreModBaseTransformer/COREMOD]: Transforming net/minecraft/world/level/block/FlowerPotBlock
[18Jun2026 00:28:07.294] [pool-4-thread-1/DEBUG] [mixin/]: Mixing AnvilBlockMixin from placebo.mixins.json into net.minecraft.world.level.block.AnvilBlock
[18Jun2026 00:28:07.334] [pool-4-thread-1/DEBUG] [mixin/]: Mixing MixinPowderSnowBlock from curios.mixins.json into net.minecraft.world.level.block.PowderSnowBlock
[18Jun2026 00:28:07.448] [pool-4-thread-1/DEBUG] [mixin/]: Mixing BlockEntityMixin_AzBlockEntityAnimatorCache from azurelib.forge.mixins.json into net.minecraft.world.level.block.entity.BlockEntity
[18Jun2026 00:28:07.477] [pool-4-thread-1/DEBUG] [mixin/]: Mixing accessor.DispenserBlockEntityAccessor from moonlight-common.mixins.json into net.minecraft.world.level.block.entity.DispenserBlockEntity
[18Jun2026 00:28:07.619] [pool-4-thread-1/DEBUG] [mixin/]: Mixing PistonBlockEntityMixin from moonlight-common.mixins.json into net.minecraft.world.level.block.piston.PistonMovingBlockEntity
[18Jun2026 00:28:07.643] [pool-4-thread-1/DEBUG] [mixin/]: Mixing ServerPlayerMixin from moonlight-common.mixins.json into net.minecraft.server.level.ServerPlayer
[18Jun2026 00:28:07.783] [pool-4-thread-1/DEBUG] [mixin/]: Mixing AbstractContainerMenuMixin_AzItemIDFix from azurelib.forge.mixins.json into net.minecraft.world.inventory.AbstractContainerMenu
[18Jun2026 00:28:07.784] [pool-4-thread-1/DEBUG] [mixin/]: Mixing AbstractContainerMenuInvoker from placebo.mixins.json into net.minecraft.world.inventory.AbstractContainerMenu
[18Jun2026 00:28:07.889] [pool-4-thread-1/DEBUG] [mixin/]: Mixing EntityMixin from moonlight-common.mixins.json into net.minecraft.world.entity.Mob
[18Jun2026 00:28:07.892] [pool-4-thread-1/DEBUG] [net.minecraftforge.coremod.transformer.CoreModBaseTransformer/COREMOD]: Transforming net/minecraft/world/entity/EntityType
[18Jun2026 00:28:07.969] [pool-4-thread-1/DEBUG] [net.minecraftforge.coremod.transformer.CoreModBaseTransformer/COREMOD]: Transforming net/minecraft/world/item/ItemStack
[18Jun2026 00:28:07.970] [pool-4-thread-1/DEBUG] [mixin/]: Mixing ItemStackMixin from mixins.irons_spellbooks.json into net.minecraft.world.item.ItemStack
[18Jun2026 00:28:07.970] [pool-4-thread-1/DEBUG] [mixin/]: Mixing ItemStackMixin_AzItemStackIdentityRegistry from azurelib.forge.mixins.json into net.minecraft.world.item.ItemStack
[18Jun2026 00:28:07.971] [pool-4-thread-1/DEBUG] [mixin/]: Mixing ItemStackMixin_AzItemAnimatorCache from azurelib.forge.mixins.json into net.minecraft.world.item.ItemStack
[18Jun2026 00:28:07.972] [pool-4-thread-1/DEBUG] [mixin/]: Mixing ItemStackMixin from bettercombat.mixins.json into net.minecraft.world.item.ItemStack
[18Jun2026 00:28:07.972] [pool-4-thread-1/DEBUG] [mixin/]: Mixing ItemStackMixin from placebo.mixins.json into net.minecraft.world.item.ItemStack
[18Jun2026 00:28:07.972] [pool-4-thread-1/DEBUG] [mixin/]: Renaming synthetic method lambda$getOrCreate$0(Ljava/util/function/Function;Ljava/util/function/ToIntFunction;Lnet/minecraft/resources/ResourceLocation;)Ldev/shadowsoffire/placebo/util/CachedObject; to md7f25e1$lambda$getOrCreate$0$0 in placebo.mixins.json:ItemStackMixin
[18Jun2026 00:28:07.992] [pool-4-thread-1/DEBUG] [net.minecraftforge.coremod.transformer.CoreModBaseTransformer/COREMOD]: Transforming getEnchantmentLevel with desc (Lnet/minecraft/world/item/enchantment/Enchantment;)I
[18Jun2026 00:28:07.997] [pool-4-thread-1/INFO] [net.minecraftforge.coremod.CoreMod.placebo/COREMODLOG]: Patching IForgeItemStack#getEnchantmentLevel
[18Jun2026 00:28:07.998] [pool-4-thread-1/DEBUG] [net.minecraftforge.coremod.transformer.CoreModBaseTransformer/COREMOD]: Transforming getAllEnchantments with desc ()Ljava/util/Map;
[18Jun2026 00:28:07.998] [pool-4-thread-1/INFO] [net.minecraftforge.coremod.CoreMod.placebo/COREMODLOG]: Patching IForgeItemStack#getEnchantmentLevel
[18Jun2026 00:28:07.999] [pool-4-thread-1/DEBUG] [mixin/]: Mixing IItemExtensionMixin from mixins.irons_spellbooks.json into net.minecraftforge.common.extensions.IForgeItemStack
[18Jun2026 00:28:08.171] [pool-4-thread-1/DEBUG] [mixin/]: Mixing GrindstoneMenuMixin from moonlight-common.mixins.json into net.minecraft.world.inventory.GrindstoneMenu
[18Jun2026 00:28:08.180] [pool-4-thread-1/DEBUG] [mixin/]: Mixing LecternBlockEntityMixin from mixins.irons_spellbooks.json into net.minecraft.world.level.block.entity.LecternBlockEntity
[18Jun2026 00:28:08.273] [pool-4-thread-1/DEBUG] [mixin/]: Mixing LightningEntityMixin from moonlight-common.mixins.json into net.minecraft.world.entity.LightningBolt
[18Jun2026 00:28:08.309] [pool-4-thread-1/DEBUG] [net.minecraftforge.coremod.transformer.CoreModBaseTransformer/COREMOD]: Transforming net/minecraft/world/entity/animal/frog/Tadpole
[18Jun2026 00:28:08.320] [pool-4-thread-1/DEBUG] [mixin/]: Mixing BlockItemMixin from moonlight-common.mixins.json into net.minecraft.world.item.BlockItem
[18Jun2026 00:28:08.335] [pool-4-thread-1/DEBUG] [mixin/]: Mixing FlintAnSteelItemMixin from mixins.irons_spellbooks.json into net.minecraft.world.item.FlintAndSteelItem
[18Jun2026 00:28:08.335] [pool-4-thread-1/DEBUG] [mixin/]: Renaming synthetic method lambda$useOn$0(Lnet/minecraft/world/item/context/UseOnContext;Lnet/minecraft/world/entity/player/Player;)V to md7f25e1$lambda$useOn$0$0 in mixins.irons_spellbooks.json:FlintAnSteelItemMixin
[18Jun2026 00:28:08.344] [pool-4-thread-1/DEBUG] [mixin/]: Mixing RangedWeaponItemMixin from bettercombat.mixins.json into net.minecraft.world.item.ProjectileWeaponItem
[18Jun2026 00:28:08.363] [pool-4-thread-1/DEBUG] [mixin/]: Mixing SwordItemMixin from dummmmmmy-common.mixins.json into net.minecraft.world.item.SwordItem
[18Jun2026 00:28:08.368] [pool-4-thread-1/DEBUG] [mixin/]: Mixing ToolItemMixin from dummmmmmy-common.mixins.json into net.minecraft.world.item.DiggerItem
[18Jun2026 00:28:08.376] [pool-4-thread-1/DEBUG] [net.minecraftforge.coremod.transformer.CoreModBaseTransformer/COREMOD]: Transforming net/minecraft/world/item/BucketItem
[18Jun2026 00:28:08.385] [pool-4-thread-1/DEBUG] [mixin/]: Mixing MapItemMixin from moonlight-common.mixins.json into net.minecraft.world.item.MapItem
[18Jun2026 00:28:08.385] [pool-4-thread-1/DEBUG] [mixin/]: Renaming synthetic method lambda$update$1(Lnet/minecraft/world/level/saveddata/maps/MapItemSavedData;Lnet/minecraft/world/entity/Entity;Ljava/util/concurrent/atomic/AtomicBoolean;Lnet/minecraft/resources/ResourceLocation;Lnet/mehvahdjukaar/moonlight/api/map/CustomMapData;)V to md7f25e1$lambda$update$1$0 in moonlight-common.mixins.json:MapItemMixin
[18Jun2026 00:28:08.386] [pool-4-thread-1/DEBUG] [mixin/]: Renaming synthetic method lambda$appendHoverText$0(Lnet/minecraft/world/level/saveddata/maps/MapItemSavedData;Lnet/minecraft/world/item/ItemStack;Ljava/util/List;Lnet/minecraft/resources/ResourceLocation;Lnet/mehvahdjukaar/moonlight/api/map/CustomMapData;)V to md7f25e1$lambda$appendHoverText$0$1 in moonlight-common.mixins.json:MapItemMixin
[18Jun2026 00:28:08.396] [pool-4-thread-1/DEBUG] [mixin/]: Mixing ShearItemMixin from moonlight-common.mixins.json into net.minecraft.world.item.ShearsItem
[18Jun2026 00:28:08.396] [pool-4-thread-1/DEBUG] [mixin/]: Mixing MixinShearsItem from curios.mixins.json into net.minecraft.world.item.ShearsItem
[18Jun2026 00:28:08.416] [pool-4-thread-1/DEBUG] [mixin/]: Mixing MixinWrittenBookItem from aquamirae.mixins.json into net.minecraft.world.item.WrittenBookItem
[18Jun2026 00:28:08.425] [pool-4-thread-1/DEBUG] [mixin/]: Mixing ArmorStandFIxMixin from dummmmmmy-common.mixins.json into net.minecraft.world.item.ArmorStandItem
[18Jun2026 00:28:08.437] [pool-4-thread-1/DEBUG] [mixin/]: Mixing TridentItemMixin from mixins.irons_spellbooks.json into net.minecraft.world.item.TridentItem
[18Jun2026 00:28:08.937] [pool-4-thread-1/DEBUG] [mixin/]: Mixing BeeGoalMixin from moonlight-common.mixins.json into net.minecraft.world.entity.animal.Bee$BeeGrowCropGoal
[18Jun2026 00:28:09.006] [pool-4-thread-1/DEBUG] [net.minecraftforge.coremod.transformer.CoreModBaseTransformer/COREMOD]: Transforming net/minecraft/world/entity/monster/Spider
[18Jun2026 00:28:09.027] [Datafixer Bootstrap/INFO] [com.mojang.datafixers.DataFixerBuilder/]: 188 Datafixer optimizations took 116 milliseconds
[18Jun2026 00:28:09.037] [pool-4-thread-1/DEBUG] [mixin/]: Mixing CreeperMixin from mixins.irons_spellbooks.json into net.minecraft.world.entity.monster.Creeper
[18Jun2026 00:28:09.053] [pool-4-thread-1/DEBUG] [net.minecraftforge.coremod.transformer.CoreModBaseTransformer/COREMOD]: Transforming net/minecraft/world/entity/monster/Zombie
[18Jun2026 00:28:09.067] [pool-4-thread-1/DEBUG] [net.minecraftforge.coremod.transformer.CoreModBaseTransformer/COREMOD]: Transforming net/minecraft/world/entity/monster/ZombieVillager
[18Jun2026 00:28:09.114] [pool-4-thread-1/DEBUG] [net.minecraftforge.coremod.transformer.CoreModBaseTransformer/COREMOD]: Transforming net/minecraft/world/entity/monster/Evoker$EvokerSummonSpellGoal
[18Jun2026 00:28:09.120] [pool-4-thread-1/DEBUG] [mixin/]: Mixing FixBlockPlaceContextMixin from moonlight-common.mixins.json into net.minecraft.world.item.context.BlockPlaceContext
[18Jun2026 00:28:09.196] [pool-4-thread-1/DEBUG] [mixin/]: Mixing ThrownPotionMixin from moonlight-common.mixins.json into net.minecraft.world.entity.projectile.ThrownPotion
[18Jun2026 00:28:09.218] [pool-4-thread-1/DEBUG] [net.minecraftforge.coremod.transformer.CoreModBaseTransformer/COREMOD]: Transforming net/minecraft/world/entity/animal/horse/SkeletonTrapGoal
[18Jun2026 00:28:09.231] [pool-4-thread-1/DEBUG] [net.minecraftforge.coremod.transformer.CoreModBaseTransformer/COREMOD]: Transforming net/minecraft/world/entity/monster/Strider
[18Jun2026 00:28:09.285] [pool-4-thread-1/DEBUG] [mixin/]: Mixing LevelChunkMixin from moonlight-common.mixins.json into net.minecraft.world.level.chunk.LevelChunk
[18Jun2026 00:28:09.308] [pool-4-thread-1/DEBUG] [net.minecraftforge.coremod.transformer.CoreModBaseTransformer/COREMOD]: Transforming net/minecraft/world/entity/npc/Villager
[18Jun2026 00:28:09.323] [pool-4-thread-1/DEBUG] [mixin/]: Mixing VillagerMixin from moonlight-common.mixins.json into net.minecraft.world.entity.npc.Villager
[18Jun2026 00:28:09.361] [pool-4-thread-1/DEBUG] [net.minecraftforge.coremod.transformer.CoreModBaseTransformer/COREMOD]: Transforming net/minecraft/world/effect/MobEffectInstance
[18Jun2026 00:28:09.387] [pool-4-thread-1/DEBUG] [mixin/]: Mixing ServerPlayNetworkHandlerMixin from bettercombat.mixins.json into net.minecraft.server.network.ServerGamePacketListenerImpl
[18Jun2026 00:28:09.441] [pool-4-thread-1/DEBUG] [mixin/]: Mixing SweepingEnchantmentMixin from bettercombat.mixins.json into net.minecraft.world.item.enchantment.SweepingEdgeEnchantment
[18Jun2026 00:28:09.512] [pool-4-thread-1/DEBUG] [mixin/]: Mixing InventoryMixin from moonlight-common.mixins.json into net.minecraft.world.entity.player.Inventory
[18Jun2026 00:28:09.513] [pool-4-thread-1/DEBUG] [mixin/]: Mixing MixinInventory from curios.mixins.json into net.minecraft.world.entity.player.Inventory
[18Jun2026 00:28:09.531] [pool-4-thread-1/DEBUG] [mixin/]: Mixing GrindstoneMenuSlotMixin from moonlight-common.mixins.json into net.minecraft.world.inventory.GrindstoneMenu$4
[18Jun2026 00:28:09.544] [pool-4-thread-1/DEBUG] [mixin/]: Mixing MapExtendingRecipeMixin from moonlight-common.mixins.json into net.minecraft.world.item.crafting.MapExtendingRecipe
[18Jun2026 00:28:09.615] [pool-4-thread-1/DEBUG] [mixin/]: Mixing MixinApplyBonusCount from curios.mixins.json into net.minecraft.world.level.storage.loot.functions.ApplyBonusCount
[18Jun2026 00:28:09.758] [pool-4-thread-1/DEBUG] [net.minecraftforge.coremod.transformer.CoreModBaseTransformer/COREMOD]: Transforming net/minecraft/world/level/levelgen/structure/Structure
[18Jun2026 00:28:09.785] [pool-4-thread-1/DEBUG] [net.minecraftforge.coremod.transformer.CoreModBaseTransformer/COREMOD]: Transforming net/minecraft/world/level/levelgen/structure/structures/OceanRuinPieces$OceanRuinPiece
[18Jun2026 00:28:09.793] [pool-4-thread-1/DEBUG] [net.minecraftforge.coremod.transformer.CoreModBaseTransformer/COREMOD]: Transforming net/minecraft/world/level/levelgen/structure/structures/SwampHutPiece
[18Jun2026 00:28:09.798] [pool-4-thread-1/DEBUG] [net.minecraftforge.coremod.transformer.CoreModBaseTransformer/COREMOD]: Transforming net/minecraft/world/level/levelgen/structure/structures/OceanMonumentPieces$OceanMonumentPiece
[18Jun2026 00:28:09.809] [pool-4-thread-1/DEBUG] [net.minecraftforge.coremod.transformer.CoreModBaseTransformer/COREMOD]: Transforming net/minecraft/world/level/levelgen/structure/structures/WoodlandMansionPieces$WoodlandMansionPiece
[18Jun2026 00:28:09.868] [pool-4-thread-1/DEBUG] [net.minecraftforge.coremod.transformer.CoreModBaseTransformer/COREMOD]: Transforming net/minecraft/world/level/biome/Biome
[18Jun2026 00:28:09.869] [pool-4-thread-1/DEBUG] [mixin/]: Mixing MixinBiome from aquamirae.mixins.json into net.minecraft.world.level.biome.Biome
[18Jun2026 00:28:09.911] [pool-4-thread-1/DEBUG] [mixin/]: Mixing NoiseChunkGeneratorMixin from mixins.irons_spellbooks.json into net.minecraft.world.level.levelgen.NoiseBasedChunkGenerator
[18Jun2026 00:28:09.911] [pool-4-thread-1/DEBUG] [mixin/]: Renaming synthetic method lambda$irons_spellbooks$detectAquifers$2(I)[Lnet/minecraft/world/level/levelgen/structure/BoundingBox; to md7f25e1$lambda$irons_spellbooks$detectAquifers$2$0 in mixins.irons_spellbooks.json:NoiseChunkGeneratorMixin
[18Jun2026 00:28:09.911] [pool-4-thread-1/DEBUG] [mixin/]: Renaming synthetic method lambda$irons_spellbooks$detectAquifers$1(Lnet/minecraft/world/level/levelgen/structure/StructureStart;)Ljava/util/stream/Stream; to md7f25e1$lambda$irons_spellbooks$detectAquifers$1$1 in mixins.irons_spellbooks.json:NoiseChunkGeneratorMixin
[18Jun2026 00:28:09.911] [pool-4-thread-1/DEBUG] [mixin/]: Renaming synthetic method lambda$irons_spellbooks$detectAquifers$0(Lnet/minecraft/world/level/StructureManager;Lnet/minecraft/world/level/levelgen/structure/Structure;)Z to md7f25e1$lambda$irons_spellbooks$detectAquifers$0$2 in mixins.irons_spellbooks.json:NoiseChunkGeneratorMixin
[18Jun2026 00:28:09.914] [pool-4-thread-1/DEBUG] [net.minecraftforge.coremod.transformer.CoreModBaseTransformer/COREMOD]: Transforming net/minecraft/world/level/levelgen/structure/Structure
[18Jun2026 00:28:09.998] [pool-4-thread-1/DEBUG] [net.minecraftforge.registries.GameData/REGISTRIES]: Creating vanilla freeze snapshot
[18Jun2026 00:28:10.000] [pool-4-thread-1/DEBUG] [net.minecraftforge.registries.ForgeRegistry/REGISTRIES]: Registry minecraft:block Sync: VANILLA -> ACTIVE
[18Jun2026 00:28:10.008] [pool-4-thread-1/DEBUG] [net.minecraftforge.registries.ForgeRegistry/REGISTRIES]: Registry minecraft:fluid Sync: VANILLA -> ACTIVE
[18Jun2026 00:28:10.008] [pool-4-thread-1/DEBUG] [net.minecraftforge.registries.ForgeRegistry/REGISTRIES]: Registry minecraft:item Sync: VANILLA -> ACTIVE
[18Jun2026 00:28:10.013] [pool-4-thread-1/DEBUG] [net.minecraftforge.registries.ForgeRegistry/REGISTRIES]: Registry minecraft:mob_effect Sync: VANILLA -> ACTIVE
[18Jun2026 00:28:10.013] [pool-4-thread-1/DEBUG] [net.minecraftforge.registries.ForgeRegistry/REGISTRIES]: Registry minecraft:sound_event Sync: VANILLA -> ACTIVE
[18Jun2026 00:28:10.018] [pool-4-thread-1/DEBUG] [net.minecraftforge.registries.ForgeRegistry/REGISTRIES]: Registry minecraft:potion Sync: VANILLA -> ACTIVE
[18Jun2026 00:28:10.019] [pool-4-thread-1/DEBUG] [net.minecraftforge.registries.ForgeRegistry/REGISTRIES]: Registry minecraft:enchantment Sync: VANILLA -> ACTIVE
[18Jun2026 00:28:10.019] [pool-4-thread-1/DEBUG] [net.minecraftforge.registries.ForgeRegistry/REGISTRIES]: Registry minecraft:entity_type Sync: VANILLA -> ACTIVE
[18Jun2026 00:28:10.019] [pool-4-thread-1/DEBUG] [net.minecraftforge.registries.ForgeRegistry/REGISTRIES]: Registry minecraft:block_entity_type Sync: VANILLA -> ACTIVE
[18Jun2026 00:28:10.020] [pool-4-thread-1/DEBUG] [net.minecraftforge.registries.ForgeRegistry/REGISTRIES]: Registry minecraft:particle_type Sync: VANILLA -> ACTIVE
[18Jun2026 00:28:10.020] [pool-4-thread-1/DEBUG] [net.minecraftforge.registries.ForgeRegistry/REGISTRIES]: Registry minecraft:menu Sync: VANILLA -> ACTIVE
[18Jun2026 00:28:10.020] [pool-4-thread-1/DEBUG] [net.minecraftforge.registries.ForgeRegistry/REGISTRIES]: Registry minecraft:painting_variant Sync: VANILLA -> ACTIVE
[18Jun2026 00:28:10.020] [pool-4-thread-1/DEBUG] [net.minecraftforge.registries.ForgeRegistry/REGISTRIES]: Registry minecraft:recipe_type Sync: VANILLA -> ACTIVE
[18Jun2026 00:28:10.020] [pool-4-thread-1/DEBUG] [net.minecraftforge.registries.ForgeRegistry/REGISTRIES]: Registry minecraft:recipe_serializer Sync: VANILLA -> ACTIVE
[18Jun2026 00:28:10.021] [pool-4-thread-1/DEBUG] [net.minecraftforge.registries.ForgeRegistry/REGISTRIES]: Registry minecraft:attribute Sync: VANILLA -> ACTIVE
[18Jun2026 00:28:10.021] [pool-4-thread-1/DEBUG] [net.minecraftforge.registries.ForgeRegistry/REGISTRIES]: Registry minecraft:stat_type Sync: VANILLA -> ACTIVE
[18Jun2026 00:28:10.021] [pool-4-thread-1/DEBUG] [net.minecraftforge.registries.ForgeRegistry/REGISTRIES]: Registry minecraft:command_argument_type Sync: VANILLA -> ACTIVE
[18Jun2026 00:28:10.022] [pool-4-thread-1/DEBUG] [net.minecraftforge.registries.ForgeRegistry/REGISTRIES]: Registry minecraft:villager_profession Sync: VANILLA -> ACTIVE
[18Jun2026 00:28:10.022] [pool-4-thread-1/DEBUG] [net.minecraftforge.registries.ForgeRegistry/REGISTRIES]: Registry minecraft:point_of_interest_type Sync: VANILLA -> ACTIVE
[18Jun2026 00:28:10.023] [pool-4-thread-1/DEBUG] [net.minecraftforge.registries.ForgeRegistry/REGISTRIES]: Registry minecraft:memory_module_type Sync: VANILLA -> ACTIVE
[18Jun2026 00:28:10.024] [pool-4-thread-1/DEBUG] [net.minecraftforge.registries.ForgeRegistry/REGISTRIES]: Registry minecraft:sensor_type Sync: VANILLA -> ACTIVE
[18Jun2026 00:28:10.024] [pool-4-thread-1/DEBUG] [net.minecraftforge.registries.ForgeRegistry/REGISTRIES]: Registry minecraft:schedule Sync: VANILLA -> ACTIVE
[18Jun2026 00:28:10.024] [pool-4-thread-1/DEBUG] [net.minecraftforge.registries.ForgeRegistry/REGISTRIES]: Registry minecraft:activity Sync: VANILLA -> ACTIVE
[18Jun2026 00:28:10.024] [pool-4-thread-1/DEBUG] [net.minecraftforge.registries.ForgeRegistry/REGISTRIES]: Registry minecraft:worldgen/carver Sync: VANILLA -> ACTIVE
[18Jun2026 00:28:10.024] [pool-4-thread-1/DEBUG] [net.minecraftforge.registries.ForgeRegistry/REGISTRIES]: Registry minecraft:worldgen/feature Sync: VANILLA -> ACTIVE
[18Jun2026 00:28:10.024] [pool-4-thread-1/DEBUG] [net.minecraftforge.registries.ForgeRegistry/REGISTRIES]: Registry minecraft:chunk_status Sync: VANILLA -> ACTIVE
[18Jun2026 00:28:10.025] [pool-4-thread-1/DEBUG] [net.minecraftforge.registries.ForgeRegistry/REGISTRIES]: Registry minecraft:worldgen/block_state_provider_type Sync: VANILLA -> ACTIVE
[18Jun2026 00:28:10.025] [pool-4-thread-1/DEBUG] [net.minecraftforge.registries.ForgeRegistry/REGISTRIES]: Registry minecraft:worldgen/foliage_placer_type Sync: VANILLA -> ACTIVE
[18Jun2026 00:28:10.025] [pool-4-thread-1/DEBUG] [net.minecraftforge.registries.ForgeRegistry/REGISTRIES]: Registry minecraft:worldgen/tree_decorator_type Sync: VANILLA -> ACTIVE
[18Jun2026 00:28:10.025] [pool-4-thread-1/DEBUG] [net.minecraftforge.registries.ForgeRegistry/REGISTRIES]: Registry minecraft:worldgen/biome Sync: VANILLA -> ACTIVE
[18Jun2026 00:28:10.029] [pool-4-thread-1/DEBUG] [net.minecraftforge.registries.GameData/REGISTRIES]: Vanilla freeze snapshot created
[18Jun2026 00:28:10.051] [pool-4-thread-1/DEBUG] [io.netty.util.internal.PlatformDependent0/]: -Dio.netty.noUnsafe: false
[18Jun2026 00:28:10.051] [pool-4-thread-1/DEBUG] [io.netty.util.internal.PlatformDependent0/]: Java version: 17
[18Jun2026 00:28:10.053] [pool-4-thread-1/DEBUG] [io.netty.util.internal.PlatformDependent0/]: sun.misc.Unsafe.theUnsafe: available
[18Jun2026 00:28:10.054] [pool-4-thread-1/DEBUG] [io.netty.util.internal.PlatformDependent0/]: sun.misc.Unsafe.copyMemory: available
[18Jun2026 00:28:10.055] [pool-4-thread-1/DEBUG] [io.netty.util.internal.PlatformDependent0/]: sun.misc.Unsafe.storeFence: available
[18Jun2026 00:28:10.056] [pool-4-thread-1/DEBUG] [io.netty.util.internal.PlatformDependent0/]: java.nio.Buffer.address: available
[18Jun2026 00:28:10.058] [pool-4-thread-1/DEBUG] [io.netty.util.internal.PlatformDependent0/]: direct buffer constructor: unavailable
java.lang.UnsupportedOperationException: Reflective setAccessible(true) disabled
	at io.netty.util.internal.ReflectionUtil.trySetAccessible(ReflectionUtil.java:31) ~[netty-common-4.1.82.Final.jar%23151!/:4.1.82.Final]
	at io.netty.util.internal.PlatformDependent0$5.run(PlatformDependent0.java:288) ~[netty-common-4.1.82.Final.jar%23151!/:4.1.82.Final]
	at java.security.AccessController.doPrivileged(AccessController.java:318) ~[?:?]
	at io.netty.util.internal.PlatformDependent0.<clinit>(PlatformDependent0.java:282) ~[netty-common-4.1.82.Final.jar%23151!/:4.1.82.Final]
	at io.netty.util.internal.PlatformDependent.isAndroid(PlatformDependent.java:333) ~[netty-common-4.1.82.Final.jar%23151!/:4.1.82.Final]
	at io.netty.util.internal.PlatformDependent.<clinit>(PlatformDependent.java:88) ~[netty-common-4.1.82.Final.jar%23151!/:4.1.82.Final]
	at io.netty.util.ConstantPool.<init>(ConstantPool.java:34) ~[netty-common-4.1.82.Final.jar%23151!/:4.1.82.Final]
	at io.netty.util.AttributeKey$1.<init>(AttributeKey.java:27) ~[netty-common-4.1.82.Final.jar%23151!/:4.1.82.Final]
	at io.netty.util.AttributeKey.<clinit>(AttributeKey.java:27) ~[netty-common-4.1.82.Final.jar%23151!/:4.1.82.Final]
	at net.minecraftforge.network.NetworkConstants.<clinit>(NetworkConstants.java:34) ~[forge-1.20.1-47.4.10_mapped_official_1.20.1-recomp.jar%23190%23197!/:?]
	at net.minecraftforge.network.NetworkHooks.init(NetworkHooks.java:52) ~[forge-1.20.1-47.4.10_mapped_official_1.20.1-recomp.jar%23190%23197!/:?]
	at net.minecraft.server.Bootstrap.bootStrap(Bootstrap.java:62) ~[forge-1.20.1-47.4.10_mapped_official_1.20.1-recomp.jar%23191!/:?]
	at net.minecraft.client.main.Main.lambda$main$0(Main.java:151) ~[forge-1.20.1-47.4.10_mapped_official_1.20.1-recomp.jar%23191!/:?]
	at java.util.concurrent.Executors$RunnableAdapter.call(Executors.java:539) ~[?:?]
	at java.util.concurrent.FutureTask.run(FutureTask.java:264) ~[?:?]
	at java.util.concurrent.ThreadPoolExecutor.runWorker(ThreadPoolExecutor.java:1136) ~[?:?]
	at java.util.concurrent.ThreadPoolExecutor$Worker.run(ThreadPoolExecutor.java:635) ~[?:?]
	at java.lang.Thread.run(Thread.java:840) ~[?:?]
[18Jun2026 00:28:10.061] [pool-4-thread-1/DEBUG] [io.netty.util.internal.PlatformDependent0/]: java.nio.Bits.unaligned: available, true
[18Jun2026 00:28:10.062] [pool-4-thread-1/DEBUG] [io.netty.util.internal.PlatformDependent0/]: jdk.internal.misc.Unsafe.allocateUninitializedArray(int): unavailable
java.lang.IllegalAccessException: class io.netty.util.internal.PlatformDependent0$7 (in module io.netty.common) cannot access class jdk.internal.misc.Unsafe (in module java.base) because module java.base does not export jdk.internal.misc to module io.netty.common
	at jdk.internal.reflect.Reflection.newIllegalAccessException(Reflection.java:392) ~[?:?]
	at java.lang.reflect.AccessibleObject.checkAccess(AccessibleObject.java:674) ~[?:?]
	at java.lang.reflect.Method.invoke(Method.java:561) ~[?:?]
	at io.netty.util.internal.PlatformDependent0$7.run(PlatformDependent0.java:410) ~[netty-common-4.1.82.Final.jar%23151!/:4.1.82.Final]
	at java.security.AccessController.doPrivileged(AccessController.java:318) ~[?:?]
	at io.netty.util.internal.PlatformDependent0.<clinit>(PlatformDependent0.java:401) ~[netty-common-4.1.82.Final.jar%23151!/:4.1.82.Final]
	at io.netty.util.internal.PlatformDependent.isAndroid(PlatformDependent.java:333) ~[netty-common-4.1.82.Final.jar%23151!/:4.1.82.Final]
	at io.netty.util.internal.PlatformDependent.<clinit>(PlatformDependent.java:88) ~[netty-common-4.1.82.Final.jar%23151!/:4.1.82.Final]
	at io.netty.util.ConstantPool.<init>(ConstantPool.java:34) ~[netty-common-4.1.82.Final.jar%23151!/:4.1.82.Final]
	at io.netty.util.AttributeKey$1.<init>(AttributeKey.java:27) ~[netty-common-4.1.82.Final.jar%23151!/:4.1.82.Final]
	at io.netty.util.AttributeKey.<clinit>(AttributeKey.java:27) ~[netty-common-4.1.82.Final.jar%23151!/:4.1.82.Final]
	at net.minecraftforge.network.NetworkConstants.<clinit>(NetworkConstants.java:34) ~[forge-1.20.1-47.4.10_mapped_official_1.20.1-recomp.jar%23190%23197!/:?]
	at net.minecraftforge.network.NetworkHooks.init(NetworkHooks.java:52) ~[forge-1.20.1-47.4.10_mapped_official_1.20.1-recomp.jar%23190%23197!/:?]
	at net.minecraft.server.Bootstrap.bootStrap(Bootstrap.java:62) ~[forge-1.20.1-47.4.10_mapped_official_1.20.1-recomp.jar%23191!/:?]
	at net.minecraft.client.main.Main.lambda$main$0(Main.java:151) ~[forge-1.20.1-47.4.10_mapped_official_1.20.1-recomp.jar%23191!/:?]
	at java.util.concurrent.Executors$RunnableAdapter.call(Executors.java:539) ~[?:?]
	at java.util.concurrent.FutureTask.run(FutureTask.java:264) ~[?:?]
	at java.util.concurrent.ThreadPoolExecutor.runWorker(ThreadPoolExecutor.java:1136) ~[?:?]
	at java.util.concurrent.ThreadPoolExecutor$Worker.run(ThreadPoolExecutor.java:635) ~[?:?]
	at java.lang.Thread.run(Thread.java:840) ~[?:?]
[18Jun2026 00:28:10.065] [pool-4-thread-1/DEBUG] [io.netty.util.internal.PlatformDependent0/]: java.nio.DirectByteBuffer.<init>(long, int): unavailable
[18Jun2026 00:28:10.065] [pool-4-thread-1/DEBUG] [io.netty.util.internal.PlatformDependent/]: sun.misc.Unsafe: available
[18Jun2026 00:28:10.065] [pool-4-thread-1/DEBUG] [io.netty.util.internal.PlatformDependent/]: maxDirectMemory: 4198498304 bytes (maybe)
[18Jun2026 00:28:10.065] [pool-4-thread-1/DEBUG] [io.netty.util.internal.PlatformDependent/]: -Dio.netty.tmpdir: C:\Users\user\AppData\Local\Temp (java.io.tmpdir)
[18Jun2026 00:28:10.066] [pool-4-thread-1/DEBUG] [io.netty.util.internal.PlatformDependent/]: -Dio.netty.bitMode: 64 (sun.arch.data.model)
[18Jun2026 00:28:10.066] [pool-4-thread-1/DEBUG] [io.netty.util.internal.PlatformDependent/]: Platform: Windows
[18Jun2026 00:28:10.066] [pool-4-thread-1/DEBUG] [io.netty.util.internal.PlatformDependent/]: -Dio.netty.maxDirectMemory: -1 bytes
[18Jun2026 00:28:10.066] [pool-4-thread-1/DEBUG] [io.netty.util.internal.PlatformDependent/]: -Dio.netty.uninitializedArrayAllocationThreshold: -1
[18Jun2026 00:28:10.067] [pool-4-thread-1/DEBUG] [io.netty.util.internal.CleanerJava9/]: java.nio.ByteBuffer.cleaner(): available
[18Jun2026 00:28:10.067] [pool-4-thread-1/DEBUG] [io.netty.util.internal.PlatformDependent/]: -Dio.netty.noPreferDirect: false
[18Jun2026 00:28:10.109] [pool-4-thread-1/DEBUG] [net.minecraftforge.network.NetworkHooks/]: Loading Network data for FML net version: FML3
[18Jun2026 00:28:10.255] [Render thread/DEBUG] [mixin/]: Mixing GuiMixin from mixins.irons_spellbooks.json into net.minecraft.client.gui.Gui
[18Jun2026 00:28:10.256] [Render thread/DEBUG] [mixin/]: Mixing client.InGameHudInject from bettercombat.mixins.json into net.minecraft.client.gui.Gui
[18Jun2026 00:28:10.256] [Render thread/DEBUG] [mixin/]: Mixing client.GuiMixin from obscure_api.mixins.json into net.minecraft.client.gui.Gui
[18Jun2026 00:28:10.283] [Render thread/DEBUG] [mixin/]: Mixing client.ScreenMixin from configured.common.mixins.json into net.minecraft.client.gui.screens.Screen
[18Jun2026 00:28:10.301] [Render thread/DEBUG] [mixin/]: Mixing client.MixinTitleScreen from obscure_api.mixins.json into net.minecraft.client.gui.screens.TitleScreen
[18Jun2026 00:28:10.301] [Render thread/DEBUG] [mixin/]: Renaming synthetic method lambda$addCustomButton$0(Lnet/minecraft/client/gui/components/Button;)V to md7f25e1$lambda$addCustomButton$0$0 in obscure_api.mixins.json:client.MixinTitleScreen
[18Jun2026 00:28:10.318] [Render thread/DEBUG] [mixin/]: Mixing client.ClientPlayerEntityMixin from bettercombat.mixins.json into net.minecraft.client.player.LocalPlayer
[18Jun2026 00:28:10.328] [Render thread/DEBUG] [mixin/]: Mixing client.AbstractClientPlayerEntityMixin from bettercombat.mixins.json into net.minecraft.client.player.AbstractClientPlayer
[18Jun2026 00:28:10.329] [Render thread/DEBUG] [mixin/]: Renaming synthetic method lambda$createPoseAdjustment$1(Lnet/minecraft/world/entity/player/Player;Ljava/lang/String;)Ljava/util/Optional; to md7f25e1$lambda$createPoseAdjustment$1$0 in bettercombat.mixins.json:client.AbstractClientPlayerEntityMixin
[18Jun2026 00:28:10.329] [Render thread/DEBUG] [mixin/]: Renaming synthetic method lambda$createAttackAdjustment$0(Lnet/minecraft/world/entity/player/Player;Ljava/lang/String;)Ljava/util/Optional; to md7f25e1$lambda$createAttackAdjustment$0$1 in bettercombat.mixins.json:client.AbstractClientPlayerEntityMixin
[18Jun2026 00:28:10.372] [Render thread/DEBUG] [mixin/]: Mixing ConditionHackMixin from moonlight.mixins.json into net.minecraft.server.packs.resources.SimplePreparableReloadListener
[18Jun2026 00:28:10.422] [Render thread/WARN] [net.minecraft.server.packs.VanillaPackResourcesBuilder/]: Assets URL 'union:/C:/Users/user/.gradle/caches/forge_gradle/minecraft_user_repo/net/minecraftforge/forge/1.20.1-47.4.10_mapped_official_1.20.1/forge-1.20.1-47.4.10_mapped_official_1.20.1-recomp.jar%23191!/assets/.mcassetsroot' uses unexpected schema
[18Jun2026 00:28:10.423] [Render thread/WARN] [net.minecraft.server.packs.VanillaPackResourcesBuilder/]: Assets URL 'union:/C:/Users/user/.gradle/caches/forge_gradle/minecraft_user_repo/net/minecraftforge/forge/1.20.1-47.4.10_mapped_official_1.20.1/forge-1.20.1-47.4.10_mapped_official_1.20.1-recomp.jar%23191!/data/.mcassetsroot' uses unexpected schema
[18Jun2026 00:28:10.445] [Render thread/INFO] [com.mojang.authlib.yggdrasil.YggdrasilAuthenticationService/]: Environment: authHost='https://authserver.mojang.com', accountsHost='https://api.mojang.com', sessionHost='https://sessionserver.mojang.com', servicesHost='https://api.minecraftservices.com', name='PROD'
[18Jun2026 00:28:10.450] [Render thread/INFO] [net.minecraft.client.Minecraft/]: Setting user: Dev
[18Jun2026 00:28:10.478] [Render thread/DEBUG] [mixin/]: Mixing client.ChatComponentMixin from placebo.mixins.json into net.minecraft.client.gui.components.ChatComponent
[18Jun2026 00:28:10.484] [Render thread/INFO] [mixin/]: BeforeConstant is searching for constants in method with descriptor (Lnet/minecraft/network/chat/Component;Lnet/minecraft/client/GuiMessageTag;)V
[18Jun2026 00:28:10.484] [Render thread/INFO] [mixin/]:   BeforeConstant found STRING constant: value = , stringValue = null
[18Jun2026 00:28:10.484] [Render thread/INFO] [mixin/]:     BeforeConstant found a matching constant TYPE at ordinal 0
[18Jun2026 00:28:10.484] [Render thread/INFO] [mixin/]:       BeforeConstant found LdcInsn 
[18Jun2026 00:28:10.485] [Render thread/INFO] [mixin/]:   BeforeConstant found STRING constant: value = \\r, stringValue = null
[18Jun2026 00:28:10.485] [Render thread/INFO] [mixin/]:     BeforeConstant found a matching constant TYPE at ordinal 1
[18Jun2026 00:28:10.485] [Render thread/INFO] [mixin/]:       BeforeConstant found LdcInsn \\r
[18Jun2026 00:28:10.485] [Render thread/INFO] [mixin/]:   BeforeConstant found STRING constant: value = 
, stringValue = null
[18Jun2026 00:28:10.485] [Render thread/INFO] [mixin/]:     BeforeConstant found a matching constant TYPE at ordinal 2
[18Jun2026 00:28:10.485] [Render thread/INFO] [mixin/]:       BeforeConstant found LdcInsn 

[18Jun2026 00:28:10.485] [Render thread/INFO] [mixin/]:   BeforeConstant found STRING constant: value = \\n, stringValue = null
[18Jun2026 00:28:10.485] [Render thread/INFO] [mixin/]:     BeforeConstant found a matching constant TYPE at ordinal 3
[18Jun2026 00:28:10.485] [Render thread/INFO] [mixin/]:       BeforeConstant found LdcInsn \\n
[18Jun2026 00:28:10.485] [Render thread/INFO] [mixin/]:   BeforeConstant found CLASS constant: value = Ljava/lang/String;, typeValue = null
[18Jun2026 00:28:10.485] [Render thread/INFO] [mixin/]:   BeforeConstant found STRING constant: value = [{}] [CHAT] {}, stringValue = null
[18Jun2026 00:28:10.485] [Render thread/INFO] [mixin/]:     BeforeConstant found a matching constant TYPE at ordinal 4
[18Jun2026 00:28:10.485] [Render thread/INFO] [mixin/]:       BeforeConstant found LdcInsn [{}] [CHAT] {}
[18Jun2026 00:28:10.485] [Render thread/INFO] [mixin/]:   BeforeConstant found STRING constant: value = [CHAT] {}, stringValue = null
[18Jun2026 00:28:10.485] [Render thread/INFO] [mixin/]:     BeforeConstant found a matching constant TYPE at ordinal 5
[18Jun2026 00:28:10.485] [Render thread/INFO] [mixin/]:       BeforeConstant found LdcInsn [CHAT] {}
[18Jun2026 00:28:10.550] [Render thread/INFO] [net.minecraft.client.Minecraft/]: Backend library: LWJGL version 3.3.1 build 7
[18Jun2026 00:28:10.660] [Render thread/DEBUG] [mixin/]: Mixing ReloadableClientResourcesMixin from moonlight-common.mixins.json into net.minecraft.server.packs.resources.ReloadableResourceManager
[18Jun2026 00:28:10.660] [Render thread/DEBUG] [mixin/]: Renaming synthetic method lambda$moonlight$clientDynamicPackEarlyReload$0(Lcom/llamalad7/mixinextras/injector/wrapoperation/Operation;Lnet/minecraft/server/packs/resources/ResourceManager;Ljava/util/List;Ljava/util/concurrent/Executor;Ljava/util/concurrent/Executor;Ljava/util/concurrent/CompletableFuture;Z)Lnet/minecraft/server/packs/resources/ReloadInstance; to md7f25e1$lambda$moonlight$clientDynamicPackEarlyReload$0$0 in moonlight-common.mixins.json:ReloadableClientResourcesMixin
[18Jun2026 00:28:10.685] [Render thread/DEBUG] [net.minecraftforge.common.ForgeI18n/CORE]: Loading I18N data entries: 6434
[18Jun2026 00:28:10.704] [Render thread/DEBUG] [net.minecraftforge.fml.ModWorkManager/LOADING]: Using 16 threads for parallel mod-loading
[18Jun2026 00:28:10.721] [Render thread/DEBUG] [net.minecraftforge.fml.javafmlmod.FMLJavaModLanguageProvider/LOADING]: Loading FMLModContainer from classloader cpw.mods.modlauncher.TransformingClassLoader@7645f03e - got cpw.mods.cl.ModuleClassLoader@1e54cb33
[18Jun2026 00:28:10.723] [Render thread/DEBUG] [net.minecraftforge.fml.javafmlmod.FMLModContainer/LOADING]: Creating FMLModContainer instance for com.mrcrayfish.configured.Configured
[18Jun2026 00:28:10.725] [Render thread/DEBUG] [net.minecraftforge.fml.javafmlmod.FMLJavaModLanguageProvider/LOADING]: Loading FMLModContainer from classloader cpw.mods.modlauncher.TransformingClassLoader@7645f03e - got cpw.mods.cl.ModuleClassLoader@1e54cb33
[18Jun2026 00:28:10.725] [Render thread/DEBUG] [net.minecraftforge.fml.javafmlmod.FMLModContainer/LOADING]: Creating FMLModContainer instance for net.mehvahdjukaar.moonlight.forge.MoonlightForge
[18Jun2026 00:28:10.726] [Render thread/DEBUG] [net.minecraftforge.fml.javafmlmod.FMLJavaModLanguageProvider/LOADING]: Loading FMLModContainer from classloader cpw.mods.modlauncher.TransformingClassLoader@7645f03e - got cpw.mods.cl.ModuleClassLoader@1e54cb33
[18Jun2026 00:28:10.726] [Render thread/DEBUG] [net.minecraftforge.fml.javafmlmod.FMLModContainer/LOADING]: Creating FMLModContainer instance for com.bawnorton.mixinsquared.platform.forge.MixinSquaredMod
[18Jun2026 00:28:10.726] [Render thread/DEBUG] [net.minecraftforge.fml.javafmlmod.FMLJavaModLanguageProvider/LOADING]: Loading FMLModContainer from classloader cpw.mods.modlauncher.TransformingClassLoader@7645f03e - got cpw.mods.cl.ModuleClassLoader@1e54cb33
[18Jun2026 00:28:10.727] [Render thread/DEBUG] [net.minecraftforge.fml.javafmlmod.FMLModContainer/LOADING]: Creating FMLModContainer instance for snownee.jade.util.CommonProxy
[18Jun2026 00:28:10.728] [Render thread/DEBUG] [net.minecraftforge.fml.javafmlmod.FMLJavaModLanguageProvider/LOADING]: Loading FMLModContainer from classloader cpw.mods.modlauncher.TransformingClassLoader@7645f03e - got cpw.mods.cl.ModuleClassLoader@1e54cb33
[18Jun2026 00:28:10.728] [Render thread/DEBUG] [net.minecraftforge.fml.javafmlmod.FMLModContainer/LOADING]: Creating FMLModContainer instance for software.bernie.example.GeckoLibMod
[18Jun2026 00:28:10.729] [Render thread/DEBUG] [net.minecraftforge.fml.javafmlmod.FMLJavaModLanguageProvider/LOADING]: Loading FMLModContainer from classloader cpw.mods.modlauncher.TransformingClassLoader@7645f03e - got cpw.mods.cl.ModuleClassLoader@1e54cb33
[18Jun2026 00:28:10.729] [Render thread/DEBUG] [net.minecraftforge.fml.javafmlmod.FMLModContainer/LOADING]: Creating FMLModContainer instance for dev.kosmx.playerAnim.forge.ForgeModInterface
[18Jun2026 00:28:10.729] [Render thread/DEBUG] [net.minecraftforge.fml.javafmlmod.FMLJavaModLanguageProvider/LOADING]: Loading FMLModContainer from classloader cpw.mods.modlauncher.TransformingClassLoader@7645f03e - got cpw.mods.cl.ModuleClassLoader@1e54cb33
[18Jun2026 00:28:10.729] [Render thread/DEBUG] [net.minecraftforge.fml.javafmlmod.FMLModContainer/LOADING]: Creating FMLModContainer instance for io.redspace.ironsspellbooks.IronsSpellbooks
[18Jun2026 00:28:10.730] [Render thread/DEBUG] [net.minecraftforge.fml.javafmlmod.FMLJavaModLanguageProvider/LOADING]: Loading FMLModContainer from classloader cpw.mods.modlauncher.TransformingClassLoader@7645f03e - got cpw.mods.cl.ModuleClassLoader@1e54cb33
[18Jun2026 00:28:10.730] [Render thread/DEBUG] [net.minecraftforge.fml.javafmlmod.FMLModContainer/LOADING]: Creating FMLModContainer instance for mezz.jei.forge.JustEnoughItems
[18Jun2026 00:28:10.731] [Render thread/DEBUG] [net.minecraftforge.fml.javafmlmod.FMLJavaModLanguageProvider/LOADING]: Loading FMLModContainer from classloader cpw.mods.modlauncher.TransformingClassLoader@7645f03e - got cpw.mods.cl.ModuleClassLoader@1e54cb33
[18Jun2026 00:28:10.731] [Render thread/DEBUG] [net.minecraftforge.fml.javafmlmod.FMLModContainer/LOADING]: Creating FMLModContainer instance for mod.azure.azurelib.NeoForgeAzureLibMod
[18Jun2026 00:28:10.731] [Render thread/DEBUG] [net.minecraftforge.fml.javafmlmod.FMLJavaModLanguageProvider/LOADING]: Loading FMLModContainer from classloader cpw.mods.modlauncher.TransformingClassLoader@7645f03e - got cpw.mods.cl.ModuleClassLoader@1e54cb33
[18Jun2026 00:28:10.731] [Render thread/DEBUG] [net.minecraftforge.fml.javafmlmod.FMLModContainer/LOADING]: Creating FMLModContainer instance for me.shedaniel.clothconfig.ClothConfigForge
[18Jun2026 00:28:10.731] [Render thread/DEBUG] [net.minecraftforge.fml.javafmlmod.FMLJavaModLanguageProvider/LOADING]: Loading FMLModContainer from classloader cpw.mods.modlauncher.TransformingClassLoader@7645f03e - got cpw.mods.cl.ModuleClassLoader@1e54cb33
[18Jun2026 00:28:10.731] [Render thread/DEBUG] [net.minecraftforge.fml.javafmlmod.FMLModContainer/LOADING]: Creating FMLModContainer instance for net.bettercombat.forge.BetterCombatForge
[18Jun2026 00:28:10.732] [Render thread/DEBUG] [net.minecraftforge.fml.javafmlmod.FMLJavaModLanguageProvider/LOADING]: Loading FMLModContainer from classloader cpw.mods.modlauncher.TransformingClassLoader@7645f03e - got cpw.mods.cl.ModuleClassLoader@1e54cb33
[18Jun2026 00:28:10.732] [Render thread/DEBUG] [net.minecraftforge.fml.javafmlmod.FMLModContainer/LOADING]: Creating FMLModContainer instance for com.obscuria.obscureapi.ObscureAPI
[18Jun2026 00:28:10.733] [Render thread/DEBUG] [net.minecraftforge.fml.javafmlmod.FMLJavaModLanguageProvider/LOADING]: Loading FMLModContainer from classloader cpw.mods.modlauncher.TransformingClassLoader@7645f03e - got cpw.mods.cl.ModuleClassLoader@1e54cb33
[18Jun2026 00:28:10.733] [Render thread/DEBUG] [net.minecraftforge.fml.javafmlmod.FMLModContainer/LOADING]: Creating FMLModContainer instance for net.minecraftforge.common.ForgeMod
[18Jun2026 00:28:10.734] [Render thread/DEBUG] [net.minecraftforge.fml.javafmlmod.FMLJavaModLanguageProvider/LOADING]: Loading FMLModContainer from classloader cpw.mods.modlauncher.TransformingClassLoader@7645f03e - got cpw.mods.cl.ModuleClassLoader@1e54cb33
[18Jun2026 00:28:10.734] [Render thread/DEBUG] [net.minecraftforge.fml.javafmlmod.FMLModContainer/LOADING]: Creating FMLModContainer instance for net.mehvahdjukaar.dummmmmmy.forge.DummmmmmyForge
[18Jun2026 00:28:10.735] [Render thread/DEBUG] [net.minecraftforge.fml.javafmlmod.FMLJavaModLanguageProvider/LOADING]: Loading FMLModContainer from classloader cpw.mods.modlauncher.TransformingClassLoader@7645f03e - got cpw.mods.cl.ModuleClassLoader@1e54cb33
[18Jun2026 00:28:10.735] [Render thread/DEBUG] [net.minecraftforge.fml.javafmlmod.FMLModContainer/LOADING]: Creating FMLModContainer instance for top.theillusivec4.curios.Curios
[18Jun2026 00:28:10.736] [Render thread/DEBUG] [net.minecraftforge.fml.javafmlmod.FMLJavaModLanguageProvider/LOADING]: Loading FMLModContainer from classloader cpw.mods.modlauncher.TransformingClassLoader@7645f03e - got cpw.mods.cl.ModuleClassLoader@1e54cb33
[18Jun2026 00:28:10.736] [Render thread/DEBUG] [net.minecraftforge.fml.javafmlmod.FMLModContainer/LOADING]: Creating FMLModContainer instance for net.hazen.mana_sub_zero.ManaSubZero
[18Jun2026 00:28:10.737] [Render thread/DEBUG] [net.minecraftforge.fml.javafmlmod.FMLJavaModLanguageProvider/LOADING]: Loading FMLModContainer from classloader cpw.mods.modlauncher.TransformingClassLoader@7645f03e - got cpw.mods.cl.ModuleClassLoader@1e54cb33
[18Jun2026 00:28:10.737] [Render thread/DEBUG] [net.minecraftforge.fml.javafmlmod.FMLModContainer/LOADING]: Creating FMLModContainer instance for com.obscuria.aquamirae.Aquamirae
[18Jun2026 00:28:10.739] [Render thread/DEBUG] [net.minecraftforge.fml.javafmlmod.FMLJavaModLanguageProvider/LOADING]: Loading FMLModContainer from classloader cpw.mods.modlauncher.TransformingClassLoader@7645f03e - got cpw.mods.cl.ModuleClassLoader@1e54cb33
[18Jun2026 00:28:10.739] [Render thread/DEBUG] [net.minecraftforge.fml.javafmlmod.FMLModContainer/LOADING]: Creating FMLModContainer instance for com.minecraftserverzone.mobhealthbar.MobHealthBar
[18Jun2026 00:28:10.739] [Render thread/DEBUG] [net.minecraftforge.fml.javafmlmod.FMLJavaModLanguageProvider/LOADING]: Loading FMLModContainer from classloader cpw.mods.modlauncher.TransformingClassLoader@7645f03e - got cpw.mods.cl.ModuleClassLoader@1e54cb33
[18Jun2026 00:28:10.739] [Render thread/DEBUG] [net.minecraftforge.fml.javafmlmod.FMLModContainer/LOADING]: Creating FMLModContainer instance for dev.shadowsoffire.placebo.Placebo
[18Jun2026 00:28:10.756] [modloading-worker-0/DEBUG] [net.minecraftforge.fml.javafmlmod.AutomaticEventSubscriber/LOADING]: Attempting to inject @EventBusSubscriber classes into the eventbus for mixinsquared
[18Jun2026 00:28:10.756] [modloading-worker-0/DEBUG] [net.minecraftforge.fml.javafmlmod.AutomaticEventSubscriber/LOADING]: Attempting to inject @EventBusSubscriber classes into the eventbus for playeranimator
[18Jun2026 00:28:10.771] [modloading-worker-0/DEBUG] [net.minecraftforge.fml.javafmlmod.AutomaticEventSubscriber/LOADING]: Attempting to inject @EventBusSubscriber classes into the eventbus for cloth_config
[18Jun2026 00:28:10.777] [modloading-worker-0/DEBUG] [net.minecraftforge.fml.javafmlmod.AutomaticEventSubscriber/LOADING]: Auto-subscribing dev.kosmx.playerAnim.forge.ForgeClientEvent to MOD
[18Jun2026 00:28:10.792] [modloading-worker-0/DEBUG] [net.minecraftforge.fml.javafmlmod.AutomaticEventSubscriber/LOADING]: Attempting to inject @EventBusSubscriber classes into the eventbus for configured
[18Jun2026 00:28:10.793] [modloading-worker-0/DEBUG] [net.minecraftforge.fml.javafmlmod.AutomaticEventSubscriber/LOADING]: Auto-subscribing com.mrcrayfish.configured.client.ClientConfigured to FORGE
[18Jun2026 00:28:10.815] [modloading-worker-0/DEBUG] [mixin/]: Mixing MinecraftServerMixin from moonlight.mixins.json into net.minecraft.server.MinecraftServer
[18Jun2026 00:28:10.825] [modloading-worker-0/DEBUG] [net.minecraftforge.fml.config.ConfigTracker/CONFIG]: Config file jei-server.toml for jei tracking
[18Jun2026 00:28:10.830] [modloading-worker-0/DEBUG] [net.minecraftforge.fml.javafmlmod.AutomaticEventSubscriber/LOADING]: Attempting to inject @EventBusSubscriber classes into the eventbus for placebo
[18Jun2026 00:28:10.830] [modloading-worker-0/DEBUG] [net.minecraftforge.fml.javafmlmod.AutomaticEventSubscriber/LOADING]: Auto-subscribing dev.shadowsoffire.placebo.util.PlaceboTaskQueue to FORGE
[18Jun2026 00:28:10.843] [modloading-worker-0/DEBUG] [net.minecraftforge.fml.config.ConfigTracker/CONFIG]: Config file mobhealthbar-client.toml for mobhealthbar tracking
[18Jun2026 00:28:10.843] [modloading-worker-0/DEBUG] [net.minecraftforge.fml.config.ConfigTracker/CONFIG]: Config file moonlight-common.toml for moonlight tracking
[18Jun2026 00:28:10.843] [modloading-worker-0/DEBUG] [net.minecraftforge.fml.config.ConfigTracker/CONFIG]: Config file mana_sub_zero-common.toml for mana_sub_zero tracking
[18Jun2026 00:28:10.843] [modloading-worker-0/DEBUG] [net.minecraftforge.fml.javafmlmod.AutomaticEventSubscriber/LOADING]: Attempting to inject @EventBusSubscriber classes into the eventbus for mana_sub_zero
[18Jun2026 00:28:10.843] [modloading-worker-0/DEBUG] [net.minecraftforge.fml.javafmlmod.AutomaticEventSubscriber/LOADING]: Auto-subscribing net.hazen.mana_sub_zero.Config to MOD
[18Jun2026 00:28:10.845] [modloading-worker-0/DEBUG] [net.minecraftforge.fml.javafmlmod.AutomaticEventSubscriber/LOADING]: Attempting to inject @EventBusSubscriber classes into the eventbus for mobhealthbar
[18Jun2026 00:28:10.845] [modloading-worker-0/DEBUG] [net.minecraftforge.fml.javafmlmod.AutomaticEventSubscriber/LOADING]: Auto-subscribing com.minecraftserverzone.mobhealthbar.MobHealthBar$ModRegistryEvents to MOD
[18Jun2026 00:28:10.845] [modloading-worker-0/DEBUG] [net.minecraftforge.fml.config.ConfigTracker/CONFIG]: Config file Obscuria/obscure-api-client.toml for obscure_api tracking
[18Jun2026 00:28:10.849] [modloading-worker-0/DEBUG] [net.minecraftforge.fml.javafmlmod.AutomaticEventSubscriber/LOADING]: Auto-subscribing dev.shadowsoffire.placebo.patreon.PatreonPreview to FORGE
[18Jun2026 00:28:10.862] [modloading-worker-0/DEBUG] [mixin/]: Mixing ReloadableServerResourcesMixin from moonlight-common.mixins.json into net.minecraft.server.ReloadableServerResources
[18Jun2026 00:28:10.862] [modloading-worker-0/DEBUG] [mixin/]: Mixing ServerResourcesMixin from placebo.mixins.json into net.minecraft.server.ReloadableServerResources
[18Jun2026 00:28:10.863] [modloading-worker-0/DEBUG] [net.minecraftforge.versions.forge.ForgeVersion/CORE]: Forge Version package package net.minecraftforge.versions.forge, Forge, version 47.4 from cpw.mods.modlauncher.TransformingClassLoader@7645f03e
[18Jun2026 00:28:10.863] [modloading-worker-0/DEBUG] [net.minecraftforge.versions.forge.ForgeVersion/CORE]: Found Forge version 47.4.10
[18Jun2026 00:28:10.863] [modloading-worker-0/DEBUG] [net.minecraftforge.versions.forge.ForgeVersion/CORE]: Found Forge spec 47.4
[18Jun2026 00:28:10.863] [modloading-worker-0/DEBUG] [net.minecraftforge.versions.forge.ForgeVersion/CORE]: Found Forge group net.minecraftforge
[18Jun2026 00:28:10.872] [modloading-worker-0/DEBUG] [mixin/]: Mixing client.ClientPlayerInteractionManagerMixin from bettercombat.mixins.json into net.minecraft.client.multiplayer.MultiPlayerGameMode
[18Jun2026 00:28:10.879] [modloading-worker-0/DEBUG] [net.minecraftforge.fml.javafmlmod.AutomaticEventSubscriber/LOADING]: Auto-subscribing dev.shadowsoffire.placebo.PlaceboClient to MOD
[18Jun2026 00:28:10.879] [modloading-worker-0/DEBUG] [net.minecraftforge.versions.mcp.MCPVersion/CORE]: MCP Version package package net.minecraftforge.versions.mcp, Minecraft, version 1.20.1 from cpw.mods.modlauncher.TransformingClassLoader@7645f03e
[18Jun2026 00:28:10.879] [modloading-worker-0/DEBUG] [net.minecraftforge.versions.mcp.MCPVersion/CORE]: Found MC version information 1.20.1
[18Jun2026 00:28:10.879] [modloading-worker-0/DEBUG] [net.minecraftforge.versions.mcp.MCPVersion/CORE]: Found MCP version information 20230612.114412
[18Jun2026 00:28:10.879] [modloading-worker-0/INFO] [net.minecraftforge.common.ForgeMod/FORGEMOD]: Forge mod loading, version 47.4.10, for MC 1.20.1 with MCP 20230612.114412
[18Jun2026 00:28:10.879] [modloading-worker-0/INFO] [net.minecraftforge.common.MinecraftForge/FORGE]: MinecraftForge v47.4.10 Initialized
[18Jun2026 00:28:10.881] [modloading-worker-0/DEBUG] [net.minecraftforge.fml.javafmlmod.AutomaticEventSubscriber/LOADING]: Auto-subscribing com.minecraftserverzone.mobhealthbar.ForgeRegistryEvents to FORGE
[18Jun2026 00:28:10.883] [modloading-worker-0/DEBUG] [net.minecraftforge.fml.config.ConfigTracker/CONFIG]: Config file curios-client.toml for curios tracking
[18Jun2026 00:28:10.888] [modloading-worker-0/DEBUG] [net.minecraftforge.fml.config.ConfigTracker/CONFIG]: Config file curios-server.toml for curios tracking
[18Jun2026 00:28:10.888] [modloading-worker-0/DEBUG] [net.minecraftforge.fml.javafmlmod.AutomaticEventSubscriber/LOADING]: Attempting to inject @EventBusSubscriber classes into the eventbus for curios
[18Jun2026 00:28:10.888] [modloading-worker-0/DEBUG] [net.minecraftforge.fml.javafmlmod.AutomaticEventSubscriber/LOADING]: Auto-subscribing top.theillusivec4.curios.Curios$ClientProxy to MOD
[18Jun2026 00:28:10.891] [modloading-worker-0/DEBUG] [mixin/]: Mixing EntityRendererMixin from mixins.irons_spellbooks.json into net.minecraft.client.renderer.entity.EntityRenderer
[18Jun2026 00:28:10.896] [modloading-worker-0/DEBUG] [mixin/]: Mixing firstPerson.LivingEntityRendererMixin from playerAnimator-common.mixins.json into net.minecraft.client.renderer.entity.LivingEntityRenderer
[18Jun2026 00:28:10.896] [modloading-worker-0/DEBUG] [mixin/]: playerAnimator-common.mixins.json:firstPerson.LivingEntityRendererMixin: Class version 61 required is higher than the class version supported by the current version of Mixin (JAVA_16 supports class version 60)
[18Jun2026 00:28:10.896] [modloading-worker-0/DEBUG] [mixin/]: Renaming synthetic method lambda$filterLayers$0(Ljava/lang/Object;)Z to md7f25e1$lambda$filterLayers$0$0 in playerAnimator-common.mixins.json:firstPerson.LivingEntityRendererMixin
[18Jun2026 00:28:10.905] [modloading-worker-0/DEBUG] [mixin/]: Mixing FeatureRendererMixin from playerAnimator-common.mixins.json into net.minecraft.client.renderer.entity.layers.RenderLayer
[18Jun2026 00:28:10.905] [modloading-worker-0/DEBUG] [mixin/]: playerAnimator-common.mixins.json:FeatureRendererMixin: Class version 61 required is higher than the class version supported by the current version of Mixin (JAVA_16 supports class version 60)
[18Jun2026 00:28:10.916] [modloading-worker-0/DEBUG] [mixin/]: Mixing PlayerRendererMixin from playerAnimator-common.mixins.json into net.minecraft.client.renderer.entity.player.PlayerRenderer
[18Jun2026 00:28:10.916] [modloading-worker-0/DEBUG] [mixin/]: playerAnimator-common.mixins.json:PlayerRendererMixin: Class version 61 required is higher than the class version supported by the current version of Mixin (JAVA_16 supports class version 60)
[18Jun2026 00:28:10.947] [modloading-worker-0/DEBUG] [net.minecraftforge.fml.javafmlmod.AutomaticEventSubscriber/LOADING]: Auto-subscribing com.minecraftserverzone.mobhealthbar.ClientOnlySetup to MOD
[18Jun2026 00:28:10.956] [modloading-worker-0/DEBUG] [net.minecraftforge.fml.javafmlmod.AutomaticEventSubscriber/LOADING]: Attempting to inject @EventBusSubscriber classes into the eventbus for jade
[18Jun2026 00:28:10.983] [modloading-worker-0/DEBUG] [mezz.jei.common.platform.Services/]: Loaded mezz.jei.forge.platform.PlatformHelper@6b77ce22 for service interface mezz.jei.common.platform.IPlatformHelper
[18Jun2026 00:28:10.994] [modloading-worker-0/DEBUG] [net.minecraftforge.fml.javafmlmod.AutomaticEventSubscriber/LOADING]: Attempting to inject @EventBusSubscriber classes into the eventbus for obscure_api
[18Jun2026 00:28:10.994] [modloading-worker-0/DEBUG] [net.minecraftforge.fml.javafmlmod.AutomaticEventSubscriber/LOADING]: Auto-subscribing com.obscuria.obscureapi.registry.ObscureAPICommands to FORGE
[18Jun2026 00:28:10.998] [modloading-worker-0/DEBUG] [net.minecraftforge.fml.javafmlmod.AutomaticEventSubscriber/LOADING]: Auto-subscribing com.obscuria.obscureapi.network.ReloadMessage to MOD
[18Jun2026 00:28:11.000] [modloading-worker-0/DEBUG] [net.minecraftforge.fml.config.ConfigTracker/CONFIG]: Config file forge-client.toml for forge tracking
[18Jun2026 00:28:11.000] [modloading-worker-0/DEBUG] [net.minecraftforge.fml.config.ConfigTracker/CONFIG]: Config file forge-server.toml for forge tracking
[18Jun2026 00:28:11.000] [modloading-worker-0/DEBUG] [net.minecraftforge.fml.ModLoadingContext/]: Attempted to register an empty config for type COMMON on mod forge
[18Jun2026 00:28:11.000] [modloading-worker-0/DEBUG] [net.minecraftforge.fml.javafmlmod.AutomaticEventSubscriber/LOADING]: Auto-subscribing com.obscuria.obscureapi.network.PlayerDataCapability to MOD
[18Jun2026 00:28:11.011] [modloading-worker-0/DEBUG] [azurelib/IO]: Attached new value listener method 'onUpdate' for config value stringArray
[18Jun2026 00:28:11.013] [modloading-worker-0/DEBUG] [azurelib/IO]: Attached new value listener method 'onUpdate' for config value testInt
[18Jun2026 00:28:11.014] [modloading-worker-0/DEBUG] [net.minecraftforge.fml.config.ConfigTracker/CONFIG]: Config file dummmmmmy-client.toml for dummmmmmy tracking
[18Jun2026 00:28:11.017] [modloading-worker-0/DEBUG] [azurelib/IO]: Starting processing of config azurelib
[18Jun2026 00:28:11.018] [modloading-worker-0/DEBUG] [azurelib/IO]: Reading config azurelib
[18Jun2026 00:28:11.023] [modloading-worker-0/DEBUG] [net.minecraftforge.fml.javafmlmod.AutomaticEventSubscriber/LOADING]: Auto-subscribing com.obscuria.obscureapi.network.PlayerDataCapability$PlayerDataProvider to FORGE
[18Jun2026 00:28:11.028] [modloading-worker-0/DEBUG] [net.minecraftforge.fml.config.ConfigTracker/CONFIG]: Config file dummmmmmy-common.toml for dummmmmmy tracking
[18Jun2026 00:28:11.036] [modloading-worker-0/DEBUG] [net.minecraftforge.fml.javafmlmod.AutomaticEventSubscriber/LOADING]: Auto-subscribing com.obscuria.obscureapi.network.PlayerDataCapability$EventBusHandlers to FORGE
[18Jun2026 00:28:11.045] [modloading-worker-0/DEBUG] [net.minecraftforge.fml.javafmlmod.AutomaticEventSubscriber/LOADING]: Attempting to inject @EventBusSubscriber classes into the eventbus for forge
[18Jun2026 00:28:11.045] [modloading-worker-0/DEBUG] [net.minecraftforge.fml.javafmlmod.AutomaticEventSubscriber/LOADING]: Auto-subscribing net.minecraftforge.common.ForgeSpawnEggItem$CommonHandler to MOD
[18Jun2026 00:28:11.046] [modloading-worker-0/DEBUG] [azurelib/IO]: Writing config azurelib
[18Jun2026 00:28:11.047] [modloading-worker-0/DEBUG] [net.minecraftforge.fml.javafmlmod.AutomaticEventSubscriber/LOADING]: Auto-subscribing com.obscuria.obscureapi.network.AnimationStopMessage to MOD
[18Jun2026 00:28:11.047] [modloading-worker-0/DEBUG] [net.minecraftforge.fml.javafmlmod.AutomaticEventSubscriber/LOADING]: Auto-subscribing net.minecraftforge.common.ForgeSpawnEggItem$ColorRegisterHandler to MOD
[18Jun2026 00:28:11.050] [modloading-worker-0/DEBUG] [net.minecraftforge.fml.javafmlmod.AutomaticEventSubscriber/LOADING]: Auto-subscribing com.obscuria.obscureapi.network.AnimationPlayMessage to MOD
[18Jun2026 00:28:11.051] [modloading-worker-0/DEBUG] [azurelib/IO]: Processing of config azurelib has finished
[18Jun2026 00:28:11.051] [modloading-worker-0/DEBUG] [net.minecraftforge.fml.javafmlmod.AutomaticEventSubscriber/LOADING]: Attempting to inject @EventBusSubscriber classes into the eventbus for geckolib
[18Jun2026 00:28:11.051] [modloading-worker-0/DEBUG] [net.minecraftforge.fml.javafmlmod.AutomaticEventSubscriber/LOADING]: Auto-subscribing software.bernie.example.GeckoLibMod to FORGE
[18Jun2026 00:28:11.051] [modloading-worker-0/DEBUG] [net.minecraftforge.fml.javafmlmod.AutomaticEventSubscriber/LOADING]: Auto-subscribing software.bernie.example.CommonListener to MOD
[18Jun2026 00:28:11.052] [modloading-worker-0/INFO] [azurelib/FileWatching]: Registered azurelib config for auto-sync function
[18Jun2026 00:28:11.054] [modloading-worker-0/DEBUG] [net.minecraftforge.fml.javafmlmod.AutomaticEventSubscriber/LOADING]: Auto-subscribing software.bernie.example.ClientListener to MOD
[18Jun2026 00:28:11.054] [modloading-worker-0/DEBUG] [net.minecraftforge.fml.javafmlmod.AutomaticEventSubscriber/LOADING]: Auto-subscribing com.obscuria.obscureapi.client.ObscureAPIRenderers to MOD
[18Jun2026 00:28:11.054] [modloading-worker-0/DEBUG] [net.minecraftforge.fml.javafmlmod.AutomaticEventSubscriber/LOADING]: Attempting to inject @EventBusSubscriber classes into the eventbus for azurelib
[18Jun2026 00:28:11.055] [modloading-worker-0/DEBUG] [net.minecraftforge.fml.javafmlmod.AutomaticEventSubscriber/LOADING]: Auto-subscribing mod.azure.azurelib.NeoForgeAzureLibMod to FORGE
[18Jun2026 00:28:11.055] [modloading-worker-0/DEBUG] [net.minecraftforge.fml.javafmlmod.AutomaticEventSubscriber/LOADING]: Auto-subscribing mod.azure.azurelib.ClientModListener to MOD
[18Jun2026 00:28:11.055] [modloading-worker-0/DEBUG] [net.minecraftforge.fml.javafmlmod.AutomaticEventSubscriber/LOADING]: Attempting to inject @EventBusSubscriber classes into the eventbus for dummmmmmy
[18Jun2026 00:28:11.057] [modloading-worker-0/DEBUG] [net.minecraftforge.fml.javafmlmod.AutomaticEventSubscriber/LOADING]: Auto-subscribing com.obscuria.obscureapi.client.ObscureAPILayers to MOD
[18Jun2026 00:28:11.058] [modloading-worker-0/DEBUG] [net.minecraftforge.fml.javafmlmod.AutomaticEventSubscriber/LOADING]: Auto-subscribing com.obscuria.obscureapi.ObscureAPIClient$ModEvents to MOD
[18Jun2026 00:28:11.061] [modloading-worker-0/DEBUG] [net.minecraftforge.fml.javafmlmod.AutomaticEventSubscriber/LOADING]: Auto-subscribing net.minecraftforge.client.model.data.ModelDataManager to FORGE
[18Jun2026 00:28:11.063] [modloading-worker-0/DEBUG] [net.minecraftforge.fml.javafmlmod.AutomaticEventSubscriber/LOADING]: Auto-subscribing com.obscuria.obscureapi.ObscureAPIClient$ForgeEvents to FORGE
[18Jun2026 00:28:11.066] [modloading-worker-0/DEBUG] [net.minecraftforge.fml.javafmlmod.AutomaticEventSubscriber/LOADING]: Auto-subscribing net.minecraftforge.client.ForgeHooksClient$ClientEvents to MOD
[18Jun2026 00:28:11.074] [modloading-worker-0/DEBUG] [mixin/]: Mixing ClientHooksMixin from azurelib.forge.mixins.json into net.minecraftforge.client.ForgeHooksClient
[18Jun2026 00:28:11.098] [modloading-worker-0/DEBUG] [net.minecraftforge.fml.javafmlmod.AutomaticEventSubscriber/LOADING]: Auto-subscribing net.minecraftforge.client.ClientForgeMod to MOD
[18Jun2026 00:28:11.117] [modloading-worker-0/DEBUG] [mezz.jei.common.config.file.ConfigSerializer/]: Loading config file: C:\Users\user\IdeaProjects\Mana_Sub_Zero\run\config\jei\jei-debug.ini
[18Jun2026 00:28:11.119] [modloading-worker-0/DEBUG] [mezz.jei.common.config.file.ConfigSerializer/]: Saving config file: C:\Users\user\IdeaProjects\Mana_Sub_Zero\run\config\jei\jei-debug.ini
[18Jun2026 00:28:11.129] [modloading-worker-0/DEBUG] [mezz.jei.common.config.file.ConfigSerializer/]: Loading config file: C:\Users\user\IdeaProjects\Mana_Sub_Zero\run\config\jei\jei-mod-id-format.ini
[18Jun2026 00:28:11.131] [modloading-worker-0/DEBUG] [io.netty.buffer.AbstractByteBuf/]: -Dio.netty.buffer.checkAccessible: true
[18Jun2026 00:28:11.132] [modloading-worker-0/DEBUG] [mezz.jei.common.config.file.ConfigSerializer/]: Saving config file: C:\Users\user\IdeaProjects\Mana_Sub_Zero\run\config\jei\jei-mod-id-format.ini
[18Jun2026 00:28:11.132] [modloading-worker-0/DEBUG] [io.netty.buffer.AbstractByteBuf/]: -Dio.netty.buffer.checkBounds: true
[18Jun2026 00:28:11.136] [modloading-worker-0/DEBUG] [io.netty.util.ResourceLeakDetectorFactory/]: Loaded default ResourceLeakDetector: io.netty.util.ResourceLeakDetector@617b7f69
[18Jun2026 00:28:11.139] [modloading-worker-0/DEBUG] [mezz.jei.common.config.file.ConfigSerializer/]: Loading config file: C:\Users\user\IdeaProjects\Mana_Sub_Zero\run\config\jei\jei-colors.ini
[18Jun2026 00:28:11.142] [modloading-worker-0/DEBUG] [mezz.jei.common.config.file.ConfigSerializer/]: Saving config file: C:\Users\user\IdeaProjects\Mana_Sub_Zero\run\config\jei\jei-colors.ini
[18Jun2026 00:28:11.158] [modloading-worker-0/DEBUG] [mezz.jei.common.config.file.ConfigSerializer/]: Loading config file: C:\Users\user\IdeaProjects\Mana_Sub_Zero\run\config\jei\jei-client.ini
[18Jun2026 00:28:11.160] [modloading-worker-0/DEBUG] [net.minecraftforge.fml.javafmlmod.AutomaticEventSubscriber/LOADING]: Attempting to inject @EventBusSubscriber classes into the eventbus for bettercombat
[18Jun2026 00:28:11.161] [modloading-worker-0/DEBUG] [net.minecraftforge.fml.javafmlmod.AutomaticEventSubscriber/LOADING]: Auto-subscribing net.bettercombat.forge.events.ForgeModEvents to MOD
[18Jun2026 00:28:11.161] [modloading-worker-0/DEBUG] [mezz.jei.common.config.file.ConfigSerializer/]: Saving config file: C:\Users\user\IdeaProjects\Mana_Sub_Zero\run\config\jei\jei-client.ini
[18Jun2026 00:28:11.161] [modloading-worker-0/DEBUG] [net.minecraftforge.fml.javafmlmod.AutomaticEventSubscriber/LOADING]: Auto-subscribing net.bettercombat.forge.events.ForgeEvents to FORGE
[18Jun2026 00:28:11.166] [modloading-worker-0/DEBUG] [net.minecraftforge.fml.javafmlmod.AutomaticEventSubscriber/LOADING]: Auto-subscribing net.bettercombat.forge.events.ForgeClientModEvents to MOD
[18Jun2026 00:28:11.167] [modloading-worker-0/DEBUG] [net.minecraftforge.fml.javafmlmod.AutomaticEventSubscriber/LOADING]: Auto-subscribing net.bettercombat.forge.events.ForgeClientEvents to FORGE
[18Jun2026 00:28:11.168] [modloading-worker-0/INFO] [mezz.jei.library.load.PluginCaller/]: Sending ConfigManager...
[18Jun2026 00:28:11.171] [modloading-worker-0/DEBUG] [mezz.jei.library.load.PluginCallerTimerRunnable/]: Sending ConfigManager: jei:minecraft...
[18Jun2026 00:28:11.171] [modloading-worker-0/DEBUG] [mezz.jei.library.load.PluginCallerTimerRunnable/]: Sending ConfigManager: configured:jei_plugin...
[18Jun2026 00:28:11.171] [modloading-worker-0/DEBUG] [mezz.jei.library.load.PluginCallerTimerRunnable/]: Sending ConfigManager: jade:main...
[18Jun2026 00:28:11.171] [modloading-worker-0/DEBUG] [mezz.jei.library.load.PluginCallerTimerRunnable/]: Sending ConfigManager: irons_spellbooks:jei_plugin...
[18Jun2026 00:28:11.171] [modloading-worker-0/DEBUG] [mezz.jei.library.load.PluginCallerTimerRunnable/]: Sending ConfigManager: jei:debug...
[18Jun2026 00:28:11.171] [modloading-worker-0/DEBUG] [mezz.jei.library.load.PluginCallerTimerRunnable/]: Sending ConfigManager: jei:gui...
[18Jun2026 00:28:11.171] [modloading-worker-0/DEBUG] [mezz.jei.library.load.PluginCallerTimerRunnable/]: Sending ConfigManager: jei:forge_gui...
[18Jun2026 00:28:11.171] [modloading-worker-0/DEBUG] [mezz.jei.library.load.PluginCallerTimerRunnable/]: Sending ConfigManager: curios:curios...
[18Jun2026 00:28:11.171] [modloading-worker-0/DEBUG] [mezz.jei.library.load.PluginCallerTimerRunnable/]: Sending ConfigManager: aquamirae:jei...
[18Jun2026 00:28:11.171] [modloading-worker-0/DEBUG] [mezz.jei.library.load.PluginCallerTimerRunnable/]: Sending ConfigManager: jei:internal...
[18Jun2026 00:28:11.172] [modloading-worker-0/INFO] [mezz.jei.library.load.PluginCaller/]: Sending ConfigManager took 2.898 ms
[18Jun2026 00:28:11.180] [modloading-worker-0/DEBUG] [net.minecraftforge.fml.javafmlmod.AutomaticEventSubscriber/LOADING]: Attempting to inject @EventBusSubscriber classes into the eventbus for jei
[18Jun2026 00:28:11.207] [modloading-worker-0/DEBUG] [net.minecraftforge.fml.config.ConfigTracker/CONFIG]: Config file moonlight-client.toml for moonlight tracking
[18Jun2026 00:28:11.208] [modloading-worker-0/DEBUG] [net.minecraftforge.fml.config.ConfigTracker/CONFIG]: Config file Obscuria/aquamirae-common.toml for aquamirae tracking
[18Jun2026 00:28:11.209] [modloading-worker-0/DEBUG] [net.minecraftforge.fml.config.ConfigTracker/CONFIG]: Config file Obscuria/aquamirae-client.toml for aquamirae tracking
[18Jun2026 00:28:11.215] [modloading-worker-0/DEBUG] [net.minecraftforge.fml.javafmlmod.AutomaticEventSubscriber/LOADING]: Attempting to inject @EventBusSubscriber classes into the eventbus for aquamirae
[18Jun2026 00:28:11.215] [modloading-worker-0/DEBUG] [net.minecraftforge.fml.javafmlmod.AutomaticEventSubscriber/LOADING]: Auto-subscribing com.obscuria.aquamirae.registry.AquamiraeParticles to MOD
[18Jun2026 00:28:11.216] [modloading-worker-0/DEBUG] [net.minecraftforge.fml.javafmlmod.AutomaticEventSubscriber/LOADING]: Auto-subscribing com.obscuria.aquamirae.registry.AquamiraeEntities to MOD
[18Jun2026 00:28:11.225] [modloading-worker-0/DEBUG] [net.minecraftforge.fml.javafmlmod.AutomaticEventSubscriber/LOADING]: Auto-subscribing com.obscuria.aquamirae.registry.AquamiraeCreativeTab to MOD
[18Jun2026 00:28:11.225] [modloading-worker-0/DEBUG] [net.minecraftforge.fml.javafmlmod.AutomaticEventSubscriber/LOADING]: Auto-subscribing com.obscuria.aquamirae.network.ScrollMessage to MOD
[18Jun2026 00:28:11.226] [modloading-worker-0/DEBUG] [net.minecraftforge.fml.javafmlmod.AutomaticEventSubscriber/LOADING]: Auto-subscribing com.obscuria.aquamirae.common.recipes.SpectralPotionRecipe to MOD
[18Jun2026 00:28:11.227] [modloading-worker-0/DEBUG] [net.minecraftforge.fml.javafmlmod.AutomaticEventSubscriber/LOADING]: Auto-subscribing com.obscuria.aquamirae.common.recipes.PotionOfTenacityRecipe to MOD
[18Jun2026 00:28:11.230] [modloading-worker-0/DEBUG] [net.minecraftforge.fml.javafmlmod.AutomaticEventSubscriber/LOADING]: Auto-subscribing com.obscuria.aquamirae.common.items.armor.TerribleArmorItem to FORGE
[18Jun2026 00:28:11.236] [modloading-worker-0/DEBUG] [net.minecraftforge.fml.javafmlmod.AutomaticEventSubscriber/LOADING]: Auto-subscribing com.obscuria.aquamirae.common.items.RuneOfTheStormItem to FORGE
[18Jun2026 00:28:11.237] [modloading-worker-0/DEBUG] [net.minecraftforge.fml.javafmlmod.AutomaticEventSubscriber/LOADING]: Auto-subscribing com.obscuria.aquamirae.client.AquamiraeRenderers to MOD
[18Jun2026 00:28:11.243] [modloading-worker-0/DEBUG] [net.minecraftforge.fml.javafmlmod.AutomaticEventSubscriber/LOADING]: Auto-subscribing com.obscuria.aquamirae.client.AquamiraeLayers to MOD
[18Jun2026 00:28:11.244] [modloading-worker-0/DEBUG] [net.minecraftforge.fml.javafmlmod.AutomaticEventSubscriber/LOADING]: Auto-subscribing com.obscuria.aquamirae.AquamiraeClient$ModEvents to MOD
[18Jun2026 00:28:11.246] [modloading-worker-0/DEBUG] [net.minecraftforge.fml.javafmlmod.AutomaticEventSubscriber/LOADING]: Auto-subscribing com.obscuria.aquamirae.AquamiraeClient$ForgeEvents to FORGE
[18Jun2026 00:28:11.253] [modloading-worker-0/DEBUG] [mixin/]: Mixing PlayerListMixin from azurelib.forge.mixins.json into net.minecraft.server.players.PlayerList
[18Jun2026 00:28:11.254] [modloading-worker-0/DEBUG] [mixin/]: Renaming synthetic method lambda$azurelib$sendServerConfigs$0(Lnet/minecraft/server/level/ServerPlayer;Ljava/lang/String;)V to md7f25e1$lambda$azurelib$sendServerConfigs$0$0 in azurelib.forge.mixins.json:PlayerListMixin
[18Jun2026 00:28:11.274] [modloading-worker-0/DEBUG] [net.minecraftforge.fml.javafmlmod.AutomaticEventSubscriber/LOADING]: Attempting to inject @EventBusSubscriber classes into the eventbus for moonlight
[18Jun2026 00:28:11.274] [modloading-worker-0/DEBUG] [net.minecraftforge.fml.javafmlmod.AutomaticEventSubscriber/LOADING]: Auto-subscribing net.mehvahdjukaar.moonlight.forge.MoonlightForgeClient to FORGE
[18Jun2026 00:28:11.379] [modloading-worker-0/DEBUG] [net.minecraftforge.fml.config.ConfigTracker/CONFIG]: Config file irons_spellbooks-client.toml for irons_spellbooks tracking
[18Jun2026 00:28:11.387] [modloading-worker-0/DEBUG] [net.minecraftforge.fml.config.ConfigTracker/CONFIG]: Config file irons_spellbooks-server.toml for irons_spellbooks tracking
[18Jun2026 00:28:11.387] [modloading-worker-0/DEBUG] [net.minecraftforge.fml.javafmlmod.AutomaticEventSubscriber/LOADING]: Attempting to inject @EventBusSubscriber classes into the eventbus for irons_spellbooks
[18Jun2026 00:28:11.387] [modloading-worker-0/DEBUG] [net.minecraftforge.fml.javafmlmod.AutomaticEventSubscriber/LOADING]: Auto-subscribing io.redspace.ironsspellbooks.worldgen.VillageAddition to FORGE
[18Jun2026 00:28:11.388] [modloading-worker-0/DEBUG] [net.minecraftforge.fml.javafmlmod.AutomaticEventSubscriber/LOADING]: Auto-subscribing io.redspace.ironsspellbooks.setup.PlayerAnimationTrigger to FORGE
[18Jun2026 00:28:11.391] [modloading-worker-0/DEBUG] [net.minecraftforge.fml.javafmlmod.AutomaticEventSubscriber/LOADING]: Auto-subscribing io.redspace.ironsspellbooks.setup.CommonSetup to MOD
[18Jun2026 00:28:11.393] [modloading-worker-0/DEBUG] [net.minecraftforge.fml.javafmlmod.AutomaticEventSubscriber/LOADING]: Auto-subscribing io.redspace.ironsspellbooks.setup.ClientSetup to MOD
[18Jun2026 00:28:11.414] [modloading-worker-0/DEBUG] [net.minecraftforge.fml.javafmlmod.AutomaticEventSubscriber/LOADING]: Auto-subscribing io.redspace.ironsspellbooks.registries.PotionRegistry to FORGE
[18Jun2026 00:28:11.414] [modloading-worker-0/DEBUG] [net.minecraftforge.fml.javafmlmod.AutomaticEventSubscriber/LOADING]: Auto-subscribing io.redspace.ironsspellbooks.registries.OverlayRegistry to MOD
[18Jun2026 00:28:11.417] [modloading-worker-0/DEBUG] [net.minecraftforge.fml.javafmlmod.AutomaticEventSubscriber/LOADING]: Auto-subscribing io.redspace.ironsspellbooks.registries.CreativeTabRegistry to MOD
[18Jun2026 00:28:11.418] [modloading-worker-0/DEBUG] [net.minecraftforge.fml.javafmlmod.AutomaticEventSubscriber/LOADING]: Auto-subscribing io.redspace.ironsspellbooks.registries.CommandRegistry to FORGE
[18Jun2026 00:28:11.419] [modloading-worker-0/DEBUG] [net.minecraftforge.fml.javafmlmod.AutomaticEventSubscriber/LOADING]: Auto-subscribing io.redspace.ironsspellbooks.player.ServerPlayerEvents to FORGE
[18Jun2026 00:28:11.440] [modloading-worker-0/DEBUG] [net.minecraftforge.fml.javafmlmod.AutomaticEventSubscriber/LOADING]: Auto-subscribing io.redspace.ironsspellbooks.player.KeyMappings to MOD
[18Jun2026 00:28:11.441] [modloading-worker-0/DEBUG] [net.minecraftforge.fml.javafmlmod.AutomaticEventSubscriber/LOADING]: Auto-subscribing io.redspace.ironsspellbooks.player.ClientPlayerEvents to FORGE
[18Jun2026 00:28:11.447] [modloading-worker-0/DEBUG] [mixin/]: Mixing firstPerson.CameraAccessor from playerAnimator-common.mixins.json into net.minecraft.client.Camera
[18Jun2026 00:28:11.447] [modloading-worker-0/DEBUG] [mixin/]: playerAnimator-common.mixins.json:firstPerson.CameraAccessor: Class version 61 required is higher than the class version supported by the current version of Mixin (JAVA_16 supports class version 60)
[18Jun2026 00:28:11.451] [modloading-worker-0/DEBUG] [net.minecraftforge.fml.javafmlmod.AutomaticEventSubscriber/LOADING]: Auto-subscribing io.redspace.ironsspellbooks.player.ClientInputEvents to FORGE
[18Jun2026 00:28:11.454] [modloading-worker-0/DEBUG] [net.minecraftforge.fml.javafmlmod.AutomaticEventSubscriber/LOADING]: Auto-subscribing io.redspace.ironsspellbooks.player.AdditionalWanderingTrades to FORGE
[18Jun2026 00:28:11.455] [modloading-worker-0/DEBUG] [net.minecraftforge.fml.javafmlmod.AutomaticEventSubscriber/LOADING]: Auto-subscribing io.redspace.ironsspellbooks.particle.ClientShieldHelper to FORGE
[18Jun2026 00:28:11.456] [modloading-worker-0/DEBUG] [net.minecraftforge.fml.javafmlmod.AutomaticEventSubscriber/LOADING]: Auto-subscribing io.redspace.ironsspellbooks.item.curios.LurkerRing to FORGE
[18Jun2026 00:28:11.459] [modloading-worker-0/DEBUG] [net.minecraftforge.fml.javafmlmod.AutomaticEventSubscriber/LOADING]: Auto-subscribing io.redspace.ironsspellbooks.item.curios.BetrayerSignetRingItem to FORGE
[18Jun2026 00:28:11.461] [modloading-worker-0/DEBUG] [net.minecraftforge.fml.javafmlmod.AutomaticEventSubscriber/LOADING]: Auto-subscribing io.redspace.ironsspellbooks.gui.overlays.RecastOverlay to FORGE
[18Jun2026 00:28:11.462] [modloading-worker-0/DEBUG] [net.minecraftforge.fml.javafmlmod.AutomaticEventSubscriber/LOADING]: Auto-subscribing io.redspace.ironsspellbooks.entity.mobs.wizards.WizardAIEvents to FORGE
[18Jun2026 00:28:11.464] [modloading-worker-0/DEBUG] [net.minecraftforge.fml.javafmlmod.AutomaticEventSubscriber/LOADING]: Auto-subscribing io.redspace.ironsspellbooks.effect.guiding_bolt.GuidingBoltManager to FORGE
[18Jun2026 00:28:11.465] [modloading-worker-0/DEBUG] [net.minecraftforge.fml.javafmlmod.AutomaticEventSubscriber/LOADING]: Auto-subscribing io.redspace.ironsspellbooks.effect.TrueInvisibilityEffect to FORGE
[18Jun2026 00:28:11.466] [modloading-worker-0/DEBUG] [net.minecraftforge.fml.javafmlmod.AutomaticEventSubscriber/LOADING]: Auto-subscribing io.redspace.ironsspellbooks.effect.ThunderstormEffect to FORGE
[18Jun2026 00:28:11.467] [modloading-worker-0/DEBUG] [net.minecraftforge.fml.javafmlmod.AutomaticEventSubscriber/LOADING]: Auto-subscribing io.redspace.ironsspellbooks.effect.SpiderAspectEffect to FORGE
[18Jun2026 00:28:11.467] [modloading-worker-0/DEBUG] [net.minecraftforge.fml.javafmlmod.AutomaticEventSubscriber/LOADING]: Auto-subscribing io.redspace.ironsspellbooks.effect.OakskinEffect to FORGE
[18Jun2026 00:28:11.468] [modloading-worker-0/DEBUG] [net.minecraftforge.fml.javafmlmod.AutomaticEventSubscriber/LOADING]: Auto-subscribing io.redspace.ironsspellbooks.effect.GluttonyEffect to FORGE
[18Jun2026 00:28:11.469] [modloading-worker-0/DEBUG] [net.minecraftforge.fml.javafmlmod.AutomaticEventSubscriber/LOADING]: Auto-subscribing io.redspace.ironsspellbooks.effect.FrostbiteEffect to FORGE
[18Jun2026 00:28:11.469] [modloading-worker-0/DEBUG] [net.minecraftforge.fml.javafmlmod.AutomaticEventSubscriber/LOADING]: Auto-subscribing io.redspace.ironsspellbooks.effect.EchoingStrikesEffect to FORGE
[18Jun2026 00:28:11.470] [modloading-worker-0/DEBUG] [net.minecraftforge.fml.javafmlmod.AutomaticEventSubscriber/LOADING]: Auto-subscribing io.redspace.ironsspellbooks.effect.BlightEffect to FORGE
[18Jun2026 00:28:11.470] [modloading-worker-0/DEBUG] [net.minecraftforge.fml.javafmlmod.AutomaticEventSubscriber/LOADING]: Auto-subscribing io.redspace.ironsspellbooks.datagen.DataGenerators to MOD
[18Jun2026 00:28:11.472] [modloading-worker-0/DEBUG] [net.minecraftforge.fml.javafmlmod.AutomaticEventSubscriber/LOADING]: Auto-subscribing io.redspace.ironsspellbooks.damage.DamageSources to FORGE
[18Jun2026 00:28:11.474] [modloading-worker-0/DEBUG] [net.minecraftforge.fml.javafmlmod.AutomaticEventSubscriber/LOADING]: Auto-subscribing io.redspace.ironsspellbooks.capabilities.magic.SummonManager to FORGE
[18Jun2026 00:28:11.479] [modloading-worker-0/DEBUG] [net.minecraftforge.fml.javafmlmod.AutomaticEventSubscriber/LOADING]: Auto-subscribing io.redspace.ironsspellbooks.api.util.MusicManager to FORGE
[18Jun2026 00:28:11.481] [modloading-worker-0/DEBUG] [net.minecraftforge.fml.javafmlmod.AutomaticEventSubscriber/LOADING]: Auto-subscribing io.redspace.ironsspellbooks.api.util.FogManager to FORGE
[18Jun2026 00:28:11.484] [modloading-worker-0/DEBUG] [net.minecraftforge.fml.javafmlmod.AutomaticEventSubscriber/LOADING]: Auto-subscribing io.redspace.ironsspellbooks.api.util.CameraShakeManager to FORGE
[18Jun2026 00:28:11.487] [modloading-worker-0/DEBUG] [mixin/]: Mixing GameRendererMixin from moonlight-common.mixins.json into net.minecraft.client.renderer.GameRenderer
[18Jun2026 00:28:11.500] [modloading-worker-0/DEBUG] [net.minecraftforge.fml.javafmlmod.AutomaticEventSubscriber/LOADING]: Auto-subscribing io.redspace.ironsspellbooks.api.util.BossbarManager to FORGE
[18Jun2026 00:28:11.502] [modloading-worker-0/DEBUG] [net.minecraftforge.fml.javafmlmod.AutomaticEventSubscriber/LOADING]: Auto-subscribing io.redspace.ironsspellbooks.api.registry.AttributeRegistry to MOD
[18Jun2026 00:28:11.503] [modloading-worker-0/DEBUG] [net.minecraftforge.fml.javafmlmod.AutomaticEventSubscriber/LOADING]: Auto-subscribing io.redspace.ironsspellbooks.api.config.SpellConfigManager to FORGE
[18Jun2026 00:28:11.507] [modloading-worker-0/DEBUG] [net.minecraftforge.fml.javafmlmod.AutomaticEventSubscriber/LOADING]: Auto-subscribing io.redspace.ironsspellbooks.api.backwards_compat.UpgradeTypeCache to FORGE
[18Jun2026 00:28:11.549] [Render thread/DEBUG] [net.minecraftforge.registries.ObjectHolderRegistry/REGISTRIES]: Processing ObjectHolder annotations
[18Jun2026 00:28:11.562] [Render thread/DEBUG] [net.minecraftforge.registries.ObjectHolderRegistry/REGISTRIES]: Found 4896 ObjectHolder annotations
[18Jun2026 00:28:11.565] [Render thread/DEBUG] [net.minecraftforge.common.capabilities.CapabilityManager/CAPABILITIES]: Attempting to automatically register: Lnet/minecraftforge/energy/IEnergyStorage;
[18Jun2026 00:28:11.565] [Render thread/DEBUG] [net.minecraftforge.common.capabilities.CapabilityManager/CAPABILITIES]: Attempting to automatically register: Lnet/minecraftforge/fluids/capability/IFluidHandler;
[18Jun2026 00:28:11.565] [Render thread/DEBUG] [net.minecraftforge.common.capabilities.CapabilityManager/CAPABILITIES]: Attempting to automatically register: Lnet/minecraftforge/fluids/capability/IFluidHandlerItem;
[18Jun2026 00:28:11.566] [Render thread/DEBUG] [net.minecraftforge.common.capabilities.CapabilityManager/CAPABILITIES]: Attempting to automatically register: Lnet/minecraftforge/items/IItemHandler;
[18Jun2026 00:28:11.567] [Render thread/DEBUG] [net.minecraftforge.registries.GameData/REGISTRIES]: Unfreezing vanilla registries
[18Jun2026 00:28:11.575] [Render thread/DEBUG] [net.minecraftforge.registries.GameData/REGISTRIES]: Applying holder lookups: minecraft:sound_event
[18Jun2026 00:28:11.578] [Render thread/DEBUG] [net.minecraftforge.registries.GameData/REGISTRIES]: Holder lookups applied: minecraft:sound_event
[18Jun2026 00:28:11.580] [Render thread/DEBUG] [net.minecraftforge.registries.GameData/REGISTRIES]: Applying holder lookups: minecraft:fluid
[18Jun2026 00:28:11.580] [Render thread/DEBUG] [net.minecraftforge.registries.GameData/REGISTRIES]: Holder lookups applied: minecraft:fluid
[18Jun2026 00:28:11.602] [Render thread/DEBUG] [net.minecraftforge.registries.GameData/REGISTRIES]: Applying holder lookups: minecraft:block
[18Jun2026 00:28:11.603] [Render thread/DEBUG] [net.minecraftforge.registries.GameData/REGISTRIES]: Holder lookups applied: minecraft:block
[18Jun2026 00:28:11.604] [Render thread/DEBUG] [net.minecraftforge.registries.GameData/REGISTRIES]: Applying holder lookups: minecraft:attribute
[18Jun2026 00:28:11.605] [Render thread/DEBUG] [net.minecraftforge.registries.GameData/REGISTRIES]: Holder lookups applied: minecraft:attribute
[18Jun2026 00:28:11.613] [Render thread/DEBUG] [net.minecraftforge.registries.GameData/REGISTRIES]: Applying holder lookups: minecraft:mob_effect
[18Jun2026 00:28:11.614] [Render thread/DEBUG] [net.minecraftforge.registries.GameData/REGISTRIES]: Holder lookups applied: minecraft:mob_effect
[18Jun2026 00:28:11.629] [Render thread/DEBUG] [net.minecraftforge.registries.GameData/REGISTRIES]: Applying holder lookups: minecraft:particle_type
[18Jun2026 00:28:11.630] [Render thread/DEBUG] [net.minecraftforge.registries.GameData/REGISTRIES]: Holder lookups applied: minecraft:particle_type
[18Jun2026 00:28:11.633] [Render thread/DEBUG] [mixin/]: Mixing ThirdPersonRendererMixin from moonlight-common.mixins.json into net.minecraft.client.model.HumanoidModel
[18Jun2026 00:28:11.634] [Render thread/DEBUG] [mixin/]: Mixing BipedEntityModelMixin from playerAnimator-common.mixins.json into net.minecraft.client.model.HumanoidModel
[18Jun2026 00:28:11.634] [Render thread/DEBUG] [mixin/]: playerAnimator-common.mixins.json:BipedEntityModelMixin: Class version 61 required is higher than the class version supported by the current version of Mixin (JAVA_16 supports class version 60)
[18Jun2026 00:28:11.635] [Render thread/DEBUG] [mixin/]: Renaming synthetic method lambda$renderToBuffer$3(Lcom/mojang/blaze3d/vertex/PoseStack;Lcom/mojang/blaze3d/vertex/VertexConsumer;IIFFFFLnet/minecraft/client/model/geom/ModelPart;)V to md7f25e1$lambda$renderToBuffer$3$0 in playerAnimator-common.mixins.json:BipedEntityModelMixin
[18Jun2026 00:28:11.635] [Render thread/DEBUG] [mixin/]: Renaming synthetic method lambda$renderToBuffer$2(Lcom/mojang/blaze3d/vertex/PoseStack;Lcom/mojang/blaze3d/vertex/VertexConsumer;IIFFFFLnet/minecraft/client/model/geom/ModelPart;)V to md7f25e1$lambda$renderToBuffer$2$1 in playerAnimator-common.mixins.json:BipedEntityModelMixin
[18Jun2026 00:28:11.635] [Render thread/DEBUG] [mixin/]: Renaming synthetic method lambda$renderToBuffer$1(Lcom/mojang/blaze3d/vertex/PoseStack;Lcom/mojang/blaze3d/vertex/VertexConsumer;IIFFFFLnet/minecraft/client/model/geom/ModelPart;)V to md7f25e1$lambda$renderToBuffer$1$2 in playerAnimator-common.mixins.json:BipedEntityModelMixin
[18Jun2026 00:28:11.635] [Render thread/DEBUG] [mixin/]: Renaming synthetic method lambda$renderToBuffer$0(Lcom/mojang/blaze3d/vertex/PoseStack;Lcom/mojang/blaze3d/vertex/VertexConsumer;IIFFFFLnet/minecraft/client/model/geom/ModelPart;)V to md7f25e1$lambda$renderToBuffer$0$3 in playerAnimator-common.mixins.json:BipedEntityModelMixin
[18Jun2026 00:28:11.658] [Render thread/DEBUG] [software.bernie.geckolib.GeckoLib/]: Registered SyncedAnimatable for class software.bernie.example.item.JackInTheBoxItem
[18Jun2026 00:28:11.687] [Render thread/DEBUG] [io.netty.util.internal.InternalThreadLocalMap/]: -Dio.netty.threadLocalMap.stringBuilder.initialSize: 1024
[18Jun2026 00:28:11.687] [Render thread/DEBUG] [io.netty.util.internal.InternalThreadLocalMap/]: -Dio.netty.threadLocalMap.stringBuilder.maxSize: 4096
[18Jun2026 00:28:11.688] [Render thread/DEBUG] [io.netty.util.internal.ThreadLocalRandom/]: -Dio.netty.initialSeedUniquifier: 0x3391f0aae324ec95
[18Jun2026 00:28:11.734] [Render thread/DEBUG] [net.minecraftforge.registries.GameData/REGISTRIES]: Applying holder lookups: minecraft:item
[18Jun2026 00:28:11.735] [Render thread/DEBUG] [net.minecraftforge.registries.GameData/REGISTRIES]: Holder lookups applied: minecraft:item
[18Jun2026 00:28:11.743] [Render thread/INFO] [Moonlight/]: Initialized block sets in 7ms
[18Jun2026 00:28:11.835] [Render thread/DEBUG] [net.minecraftforge.registries.GameData/REGISTRIES]: Applying holder lookups: minecraft:entity_type
[18Jun2026 00:28:11.836] [Render thread/DEBUG] [net.minecraftforge.registries.GameData/REGISTRIES]: Holder lookups applied: minecraft:entity_type
[18Jun2026 00:28:11.836] [Render thread/DEBUG] [net.minecraftforge.registries.GameData/REGISTRIES]: Applying holder lookups: minecraft:sensor_type
[18Jun2026 00:28:11.836] [Render thread/DEBUG] [net.minecraftforge.registries.GameData/REGISTRIES]: Holder lookups applied: minecraft:sensor_type
[18Jun2026 00:28:11.837] [Render thread/DEBUG] [net.minecraftforge.registries.GameData/REGISTRIES]: Applying holder lookups: minecraft:memory_module_type
[18Jun2026 00:28:11.837] [Render thread/DEBUG] [net.minecraftforge.registries.GameData/REGISTRIES]: Holder lookups applied: minecraft:memory_module_type
[18Jun2026 00:28:11.837] [Render thread/DEBUG] [net.minecraftforge.registries.GameData/REGISTRIES]: Applying holder lookups: minecraft:potion
[18Jun2026 00:28:11.837] [Render thread/DEBUG] [net.minecraftforge.registries.GameData/REGISTRIES]: Holder lookups applied: minecraft:potion
[18Jun2026 00:28:11.838] [Render thread/DEBUG] [net.minecraftforge.registries.GameData/REGISTRIES]: Applying holder lookups: minecraft:game_event
[18Jun2026 00:28:11.838] [Render thread/DEBUG] [net.minecraftforge.registries.GameData/REGISTRIES]: Holder lookups applied: minecraft:game_event
[18Jun2026 00:28:11.838] [Render thread/DEBUG] [net.minecraftforge.registries.GameData/REGISTRIES]: Applying holder lookups: minecraft:enchantment
[18Jun2026 00:28:11.839] [Render thread/DEBUG] [net.minecraftforge.registries.GameData/REGISTRIES]: Holder lookups applied: minecraft:enchantment
[18Jun2026 00:28:11.848] [Render thread/DEBUG] [net.minecraftforge.registries.GameData/REGISTRIES]: Applying holder lookups: minecraft:block_entity_type
[18Jun2026 00:28:11.848] [Render thread/DEBUG] [net.minecraftforge.registries.GameData/REGISTRIES]: Holder lookups applied: minecraft:block_entity_type
[18Jun2026 00:28:11.849] [Render thread/DEBUG] [net.minecraftforge.registries.GameData/REGISTRIES]: Applying holder lookups: minecraft:painting_variant
[18Jun2026 00:28:11.849] [Render thread/DEBUG] [net.minecraftforge.registries.GameData/REGISTRIES]: Holder lookups applied: minecraft:painting_variant
[18Jun2026 00:28:11.849] [Render thread/DEBUG] [net.minecraftforge.registries.GameData/REGISTRIES]: Applying holder lookups: minecraft:stat_type
[18Jun2026 00:28:11.850] [Render thread/DEBUG] [net.minecraftforge.registries.GameData/REGISTRIES]: Holder lookups applied: minecraft:stat_type
[18Jun2026 00:28:11.850] [Render thread/DEBUG] [net.minecraftforge.registries.GameData/REGISTRIES]: Applying holder lookups: minecraft:custom_stat
[18Jun2026 00:28:11.850] [Render thread/DEBUG] [net.minecraftforge.registries.GameData/REGISTRIES]: Holder lookups applied: minecraft:custom_stat
[18Jun2026 00:28:11.850] [Render thread/DEBUG] [net.minecraftforge.registries.GameData/REGISTRIES]: Applying holder lookups: minecraft:chunk_status
[18Jun2026 00:28:11.851] [Render thread/DEBUG] [net.minecraftforge.registries.GameData/REGISTRIES]: Holder lookups applied: minecraft:chunk_status
[18Jun2026 00:28:11.851] [Render thread/DEBUG] [net.minecraftforge.registries.GameData/REGISTRIES]: Applying holder lookups: minecraft:rule_test
[18Jun2026 00:28:11.851] [Render thread/DEBUG] [net.minecraftforge.registries.GameData/REGISTRIES]: Holder lookups applied: minecraft:rule_test
[18Jun2026 00:28:11.851] [Render thread/DEBUG] [net.minecraftforge.registries.GameData/REGISTRIES]: Applying holder lookups: minecraft:rule_block_entity_modifier
[18Jun2026 00:28:11.851] [Render thread/DEBUG] [net.minecraftforge.registries.GameData/REGISTRIES]: Holder lookups applied: minecraft:rule_block_entity_modifier
[18Jun2026 00:28:11.852] [Render thread/DEBUG] [net.minecraftforge.registries.GameData/REGISTRIES]: Applying holder lookups: minecraft:pos_rule_test
[18Jun2026 00:28:11.852] [Render thread/DEBUG] [net.minecraftforge.registries.GameData/REGISTRIES]: Holder lookups applied: minecraft:pos_rule_test
[18Jun2026 00:28:11.856] [Render thread/DEBUG] [net.minecraftforge.registries.GameData/REGISTRIES]: Applying holder lookups: minecraft:menu
[18Jun2026 00:28:11.857] [Render thread/DEBUG] [net.minecraftforge.registries.GameData/REGISTRIES]: Holder lookups applied: minecraft:menu
[18Jun2026 00:28:11.859] [Render thread/DEBUG] [placebo/]: Registered 0 recipe types.
[18Jun2026 00:28:11.859] [Render thread/DEBUG] [net.minecraftforge.registries.GameData/REGISTRIES]: Applying holder lookups: minecraft:recipe_type
[18Jun2026 00:28:11.859] [Render thread/DEBUG] [net.minecraftforge.registries.GameData/REGISTRIES]: Holder lookups applied: minecraft:recipe_type
[18Jun2026 00:28:11.865] [Render thread/DEBUG] [net.minecraftforge.registries.GameData/REGISTRIES]: Applying holder lookups: minecraft:recipe_serializer
[18Jun2026 00:28:11.866] [Render thread/DEBUG] [net.minecraftforge.registries.GameData/REGISTRIES]: Holder lookups applied: minecraft:recipe_serializer
[18Jun2026 00:28:11.866] [Render thread/DEBUG] [net.minecraftforge.registries.GameData/REGISTRIES]: Applying holder lookups: minecraft:position_source_type
[18Jun2026 00:28:11.866] [Render thread/DEBUG] [net.minecraftforge.registries.GameData/REGISTRIES]: Holder lookups applied: minecraft:position_source_type
[18Jun2026 00:28:11.868] [Render thread/DEBUG] [net.minecraftforge.registries.GameData/REGISTRIES]: Applying holder lookups: minecraft:command_argument_type
[18Jun2026 00:28:11.869] [Render thread/DEBUG] [net.minecraftforge.registries.GameData/REGISTRIES]: Holder lookups applied: minecraft:command_argument_type
[18Jun2026 00:28:11.869] [Render thread/DEBUG] [net.minecraftforge.registries.GameData/REGISTRIES]: Applying holder lookups: minecraft:villager_type
[18Jun2026 00:28:11.869] [Render thread/DEBUG] [net.minecraftforge.registries.GameData/REGISTRIES]: Holder lookups applied: minecraft:villager_type
[18Jun2026 00:28:11.869] [Render thread/DEBUG] [net.minecraftforge.registries.GameData/REGISTRIES]: Applying holder lookups: minecraft:villager_profession
[18Jun2026 00:28:11.869] [Render thread/DEBUG] [net.minecraftforge.registries.GameData/REGISTRIES]: Holder lookups applied: minecraft:villager_profession
[18Jun2026 00:28:11.870] [Render thread/DEBUG] [net.minecraftforge.registries.GameData/REGISTRIES]: Applying holder lookups: minecraft:point_of_interest_type
[18Jun2026 00:28:11.870] [Render thread/DEBUG] [net.minecraftforge.registries.GameData/REGISTRIES]: Holder lookups applied: minecraft:point_of_interest_type
[18Jun2026 00:28:11.870] [Render thread/DEBUG] [net.minecraftforge.registries.GameData/REGISTRIES]: Applying holder lookups: minecraft:schedule
[18Jun2026 00:28:11.870] [Render thread/DEBUG] [net.minecraftforge.registries.GameData/REGISTRIES]: Holder lookups applied: minecraft:schedule
[18Jun2026 00:28:11.870] [Render thread/DEBUG] [net.minecraftforge.registries.GameData/REGISTRIES]: Applying holder lookups: minecraft:activity
[18Jun2026 00:28:11.871] [Render thread/DEBUG] [net.minecraftforge.registries.GameData/REGISTRIES]: Holder lookups applied: minecraft:activity
[18Jun2026 00:28:11.872] [Render thread/DEBUG] [net.minecraftforge.registries.GameData/REGISTRIES]: Applying holder lookups: minecraft:loot_pool_entry_type
[18Jun2026 00:28:11.872] [Render thread/DEBUG] [net.minecraftforge.registries.GameData/REGISTRIES]: Holder lookups applied: minecraft:loot_pool_entry_type
[18Jun2026 00:28:11.875] [Render thread/DEBUG] [net.minecraftforge.registries.GameData/REGISTRIES]: Applying holder lookups: minecraft:loot_function_type
[18Jun2026 00:28:11.875] [Render thread/DEBUG] [net.minecraftforge.registries.GameData/REGISTRIES]: Holder lookups applied: minecraft:loot_function_type
[18Jun2026 00:28:11.880] [Render thread/DEBUG] [net.minecraftforge.registries.GameData/REGISTRIES]: Applying holder lookups: minecraft:loot_condition_type
[18Jun2026 00:28:11.880] [Render thread/DEBUG] [net.minecraftforge.registries.GameData/REGISTRIES]: Holder lookups applied: minecraft:loot_condition_type
[18Jun2026 00:28:11.880] [Render thread/DEBUG] [net.minecraftforge.registries.GameData/REGISTRIES]: Applying holder lookups: minecraft:loot_number_provider_type
[18Jun2026 00:28:11.881] [Render thread/DEBUG] [net.minecraftforge.registries.GameData/REGISTRIES]: Holder lookups applied: minecraft:loot_number_provider_type
[18Jun2026 00:28:11.881] [Render thread/DEBUG] [net.minecraftforge.registries.GameData/REGISTRIES]: Applying holder lookups: minecraft:loot_nbt_provider_type
[18Jun2026 00:28:11.881] [Render thread/DEBUG] [net.minecraftforge.registries.GameData/REGISTRIES]: Holder lookups applied: minecraft:loot_nbt_provider_type
[18Jun2026 00:28:11.881] [Render thread/DEBUG] [net.minecraftforge.registries.GameData/REGISTRIES]: Applying holder lookups: minecraft:loot_score_provider_type
[18Jun2026 00:28:11.881] [Render thread/DEBUG] [net.minecraftforge.registries.GameData/REGISTRIES]: Holder lookups applied: minecraft:loot_score_provider_type
[18Jun2026 00:28:11.882] [Render thread/DEBUG] [net.minecraftforge.registries.GameData/REGISTRIES]: Applying holder lookups: minecraft:float_provider_type
[18Jun2026 00:28:11.882] [Render thread/DEBUG] [net.minecraftforge.registries.GameData/REGISTRIES]: Holder lookups applied: minecraft:float_provider_type
[18Jun2026 00:28:11.882] [Render thread/DEBUG] [net.minecraftforge.registries.GameData/REGISTRIES]: Applying holder lookups: minecraft:int_provider_type
[18Jun2026 00:28:11.882] [Render thread/DEBUG] [net.minecraftforge.registries.GameData/REGISTRIES]: Holder lookups applied: minecraft:int_provider_type
[18Jun2026 00:28:11.882] [Render thread/DEBUG] [net.minecraftforge.registries.GameData/REGISTRIES]: Applying holder lookups: minecraft:height_provider_type
[18Jun2026 00:28:11.882] [Render thread/DEBUG] [net.minecraftforge.registries.GameData/REGISTRIES]: Holder lookups applied: minecraft:height_provider_type
[18Jun2026 00:28:11.882] [Render thread/DEBUG] [net.minecraftforge.registries.GameData/REGISTRIES]: Applying holder lookups: minecraft:block_predicate_type
[18Jun2026 00:28:11.883] [Render thread/DEBUG] [net.minecraftforge.registries.GameData/REGISTRIES]: Holder lookups applied: minecraft:block_predicate_type
[18Jun2026 00:28:11.883] [Render thread/DEBUG] [net.minecraftforge.registries.GameData/REGISTRIES]: Applying holder lookups: minecraft:worldgen/carver
[18Jun2026 00:28:11.883] [Render thread/DEBUG] [net.minecraftforge.registries.GameData/REGISTRIES]: Holder lookups applied: minecraft:worldgen/carver
[18Jun2026 00:28:11.901] [Render thread/DEBUG] [net.minecraftforge.registries.GameData/REGISTRIES]: Applying holder lookups: minecraft:worldgen/feature
[18Jun2026 00:28:11.901] [Render thread/DEBUG] [net.minecraftforge.registries.GameData/REGISTRIES]: Holder lookups applied: minecraft:worldgen/feature
[18Jun2026 00:28:11.903] [Render thread/DEBUG] [net.minecraftforge.registries.GameData/REGISTRIES]: Applying holder lookups: minecraft:worldgen/structure_processor
[18Jun2026 00:28:11.903] [Render thread/DEBUG] [net.minecraftforge.registries.GameData/REGISTRIES]: Holder lookups applied: minecraft:worldgen/structure_processor
[18Jun2026 00:28:11.903] [Render thread/DEBUG] [net.minecraftforge.registries.GameData/REGISTRIES]: Applying holder lookups: minecraft:worldgen/structure_placement
[18Jun2026 00:28:11.904] [Render thread/DEBUG] [net.minecraftforge.registries.GameData/REGISTRIES]: Holder lookups applied: minecraft:worldgen/structure_placement
[18Jun2026 00:28:11.904] [Render thread/DEBUG] [net.minecraftforge.registries.GameData/REGISTRIES]: Applying holder lookups: minecraft:worldgen/structure_piece
[18Jun2026 00:28:11.904] [Render thread/DEBUG] [net.minecraftforge.registries.GameData/REGISTRIES]: Holder lookups applied: minecraft:worldgen/structure_piece
[18Jun2026 00:28:11.904] [Render thread/DEBUG] [net.minecraftforge.registries.GameData/REGISTRIES]: Applying holder lookups: minecraft:worldgen/structure_type
[18Jun2026 00:28:11.904] [Render thread/DEBUG] [net.minecraftforge.registries.GameData/REGISTRIES]: Holder lookups applied: minecraft:worldgen/structure_type
[18Jun2026 00:28:11.905] [Render thread/DEBUG] [net.minecraftforge.registries.GameData/REGISTRIES]: Applying holder lookups: minecraft:worldgen/placement_modifier_type
[18Jun2026 00:28:11.905] [Render thread/DEBUG] [net.minecraftforge.registries.GameData/REGISTRIES]: Holder lookups applied: minecraft:worldgen/placement_modifier_type
[18Jun2026 00:28:11.905] [Render thread/DEBUG] [net.minecraftforge.registries.GameData/REGISTRIES]: Applying holder lookups: minecraft:worldgen/block_state_provider_type
[18Jun2026 00:28:11.905] [Render thread/DEBUG] [net.minecraftforge.registries.GameData/REGISTRIES]: Holder lookups applied: minecraft:worldgen/block_state_provider_type
[18Jun2026 00:28:11.905] [Render thread/DEBUG] [net.minecraftforge.registries.GameData/REGISTRIES]: Applying holder lookups: minecraft:worldgen/foliage_placer_type
[18Jun2026 00:28:11.905] [Render thread/DEBUG] [net.minecraftforge.registries.GameData/REGISTRIES]: Holder lookups applied: minecraft:worldgen/foliage_placer_type
[18Jun2026 00:28:11.906] [Render thread/DEBUG] [net.minecraftforge.registries.GameData/REGISTRIES]: Applying holder lookups: minecraft:worldgen/trunk_placer_type
[18Jun2026 00:28:11.906] [Render thread/DEBUG] [net.minecraftforge.registries.GameData/REGISTRIES]: Holder lookups applied: minecraft:worldgen/trunk_placer_type
[18Jun2026 00:28:11.906] [Render thread/DEBUG] [net.minecraftforge.registries.GameData/REGISTRIES]: Applying holder lookups: minecraft:worldgen/root_placer_type
[18Jun2026 00:28:11.906] [Render thread/DEBUG] [net.minecraftforge.registries.GameData/REGISTRIES]: Holder lookups applied: minecraft:worldgen/root_placer_type
[18Jun2026 00:28:11.906] [Render thread/DEBUG] [net.minecraftforge.registries.GameData/REGISTRIES]: Applying holder lookups: minecraft:worldgen/tree_decorator_type
[18Jun2026 00:28:11.906] [Render thread/DEBUG] [net.minecraftforge.registries.GameData/REGISTRIES]: Holder lookups applied: minecraft:worldgen/tree_decorator_type
[18Jun2026 00:28:11.906] [Render thread/DEBUG] [net.minecraftforge.registries.GameData/REGISTRIES]: Applying holder lookups: minecraft:worldgen/feature_size_type
[18Jun2026 00:28:11.907] [Render thread/DEBUG] [net.minecraftforge.registries.GameData/REGISTRIES]: Holder lookups applied: minecraft:worldgen/feature_size_type
[18Jun2026 00:28:11.907] [Render thread/DEBUG] [net.minecraftforge.registries.GameData/REGISTRIES]: Applying holder lookups: minecraft:worldgen/biome_source
[18Jun2026 00:28:11.907] [Render thread/DEBUG] [net.minecraftforge.registries.GameData/REGISTRIES]: Holder lookups applied: minecraft:worldgen/biome_source
[18Jun2026 00:28:11.907] [Render thread/DEBUG] [net.minecraftforge.registries.GameData/REGISTRIES]: Applying holder lookups: minecraft:worldgen/chunk_generator
[18Jun2026 00:28:11.907] [Render thread/DEBUG] [net.minecraftforge.registries.GameData/REGISTRIES]: Holder lookups applied: minecraft:worldgen/chunk_generator
[18Jun2026 00:28:11.907] [Render thread/DEBUG] [net.minecraftforge.registries.GameData/REGISTRIES]: Applying holder lookups: minecraft:worldgen/material_condition
[18Jun2026 00:28:11.908] [Render thread/DEBUG] [net.minecraftforge.registries.GameData/REGISTRIES]: Holder lookups applied: minecraft:worldgen/material_condition
[18Jun2026 00:28:11.908] [Render thread/DEBUG] [net.minecraftforge.registries.GameData/REGISTRIES]: Applying holder lookups: minecraft:worldgen/material_rule
[18Jun2026 00:28:11.908] [Render thread/DEBUG] [net.minecraftforge.registries.GameData/REGISTRIES]: Holder lookups applied: minecraft:worldgen/material_rule
[18Jun2026 00:28:11.908] [Render thread/DEBUG] [net.minecraftforge.registries.GameData/REGISTRIES]: Applying holder lookups: minecraft:worldgen/density_function_type
[18Jun2026 00:28:11.908] [Render thread/DEBUG] [net.minecraftforge.registries.GameData/REGISTRIES]: Holder lookups applied: minecraft:worldgen/density_function_type
[18Jun2026 00:28:11.909] [Render thread/DEBUG] [net.minecraftforge.registries.GameData/REGISTRIES]: Applying holder lookups: minecraft:worldgen/structure_pool_element
[18Jun2026 00:28:11.909] [Render thread/DEBUG] [net.minecraftforge.registries.GameData/REGISTRIES]: Holder lookups applied: minecraft:worldgen/structure_pool_element
[18Jun2026 00:28:11.909] [Render thread/DEBUG] [net.minecraftforge.registries.GameData/REGISTRIES]: Applying holder lookups: minecraft:cat_variant
[18Jun2026 00:28:11.909] [Render thread/DEBUG] [net.minecraftforge.registries.GameData/REGISTRIES]: Holder lookups applied: minecraft:cat_variant
[18Jun2026 00:28:11.909] [Render thread/DEBUG] [net.minecraftforge.registries.GameData/REGISTRIES]: Applying holder lookups: minecraft:frog_variant
[18Jun2026 00:28:11.909] [Render thread/DEBUG] [net.minecraftforge.registries.GameData/REGISTRIES]: Holder lookups applied: minecraft:frog_variant
[18Jun2026 00:28:11.910] [Render thread/DEBUG] [net.minecraftforge.registries.GameData/REGISTRIES]: Applying holder lookups: minecraft:banner_pattern
[18Jun2026 00:28:11.910] [Render thread/DEBUG] [net.minecraftforge.registries.GameData/REGISTRIES]: Holder lookups applied: minecraft:banner_pattern
[18Jun2026 00:28:11.910] [Render thread/DEBUG] [net.minecraftforge.registries.GameData/REGISTRIES]: Applying holder lookups: minecraft:instrument
[18Jun2026 00:28:11.910] [Render thread/DEBUG] [net.minecraftforge.registries.GameData/REGISTRIES]: Holder lookups applied: minecraft:instrument
[18Jun2026 00:28:11.910] [Render thread/DEBUG] [net.minecraftforge.registries.GameData/REGISTRIES]: Applying holder lookups: minecraft:decorated_pot_patterns
[18Jun2026 00:28:11.910] [Render thread/DEBUG] [net.minecraftforge.registries.GameData/REGISTRIES]: Holder lookups applied: minecraft:decorated_pot_patterns
[18Jun2026 00:28:11.912] [Render thread/DEBUG] [net.minecraftforge.registries.GameData/REGISTRIES]: Applying holder lookups: minecraft:creative_mode_tab
[18Jun2026 00:28:11.912] [Render thread/DEBUG] [net.minecraftforge.registries.GameData/REGISTRIES]: Holder lookups applied: minecraft:creative_mode_tab
[18Jun2026 00:28:11.918] [Render thread/DEBUG] [net.minecraftforge.registries.GameData/REGISTRIES]: Applying holder lookups: forge:biome_modifier_serializers
[18Jun2026 00:28:11.919] [Render thread/DEBUG] [net.minecraftforge.registries.GameData/REGISTRIES]: Holder lookups applied: forge:biome_modifier_serializers
[18Jun2026 00:28:11.920] [Render thread/DEBUG] [net.minecraftforge.registries.GameData/REGISTRIES]: Applying holder lookups: forge:display_contexts
[18Jun2026 00:28:11.921] [Render thread/DEBUG] [net.minecraftforge.registries.GameData/REGISTRIES]: Holder lookups applied: forge:display_contexts
[18Jun2026 00:28:11.921] [Render thread/DEBUG] [net.minecraftforge.registries.GameData/REGISTRIES]: Applying holder lookups: forge:entity_data_serializers
[18Jun2026 00:28:11.921] [Render thread/DEBUG] [net.minecraftforge.registries.GameData/REGISTRIES]: Holder lookups applied: forge:entity_data_serializers
[18Jun2026 00:28:11.930] [Render thread/DEBUG] [net.minecraftforge.registries.GameData/REGISTRIES]: Applying holder lookups: forge:fluid_type
[18Jun2026 00:28:11.930] [Render thread/DEBUG] [net.minecraftforge.registries.GameData/REGISTRIES]: Holder lookups applied: forge:fluid_type
[18Jun2026 00:28:11.933] [Render thread/DEBUG] [net.minecraftforge.registries.GameData/REGISTRIES]: Applying holder lookups: forge:global_loot_modifier_serializers
[18Jun2026 00:28:11.934] [Render thread/DEBUG] [net.minecraftforge.registries.GameData/REGISTRIES]: Holder lookups applied: forge:global_loot_modifier_serializers
[18Jun2026 00:28:11.937] [Render thread/DEBUG] [net.minecraftforge.registries.GameData/REGISTRIES]: Applying holder lookups: forge:holder_set_type
[18Jun2026 00:28:11.938] [Render thread/DEBUG] [net.minecraftforge.registries.GameData/REGISTRIES]: Holder lookups applied: forge:holder_set_type
[18Jun2026 00:28:11.938] [Render thread/DEBUG] [net.minecraftforge.registries.GameData/REGISTRIES]: Applying holder lookups: forge:structure_modifier_serializers
[18Jun2026 00:28:11.939] [Render thread/DEBUG] [net.minecraftforge.registries.GameData/REGISTRIES]: Holder lookups applied: forge:structure_modifier_serializers
[18Jun2026 00:28:11.939] [Render thread/DEBUG] [net.minecraftforge.registries.GameData/REGISTRIES]: Applying holder lookups: irons_spellbooks:schools
[18Jun2026 00:28:11.939] [Render thread/DEBUG] [net.minecraftforge.registries.GameData/REGISTRIES]: Holder lookups applied: irons_spellbooks:schools
[18Jun2026 00:28:11.940] [Render thread/DEBUG] [net.minecraftforge.registries.GameData/REGISTRIES]: Applying holder lookups: irons_spellbooks:spells
[18Jun2026 00:28:11.940] [Render thread/DEBUG] [net.minecraftforge.registries.GameData/REGISTRIES]: Holder lookups applied: irons_spellbooks:spells
[18Jun2026 00:28:11.940] [Render thread/DEBUG] [net.minecraftforge.registries.GameData/REGISTRIES]: Applying holder lookups: minecraft:worldgen/biome
[18Jun2026 00:28:11.941] [Render thread/DEBUG] [net.minecraftforge.registries.GameData/REGISTRIES]: Holder lookups applied: minecraft:worldgen/biome
[18Jun2026 00:28:12.037] [Render thread/DEBUG] [io.redspace.ironsspellbooks.IronsSpellbooks/]: addPackFinders
[18Jun2026 00:28:12.051] [Render thread/DEBUG] [net.minecraftforge.client.loading.ClientModLoader/CORE]: Generating PackInfo named mod:configured for mod file C:\Users\user\.gradle\caches\forge_gradle\deobf_dependencies\curse\maven\configured-457570\5180900_mapped_official_1.20.1\configured-457570-5180900_mapped_official_1.20.1.jar
[18Jun2026 00:28:12.052] [Render thread/DEBUG] [net.minecraftforge.client.loading.ClientModLoader/CORE]: Generating PackInfo named mod:moonlight for mod file C:\Users\user\.gradle\caches\forge_gradle\deobf_dependencies\curse\maven\selene-499980\7664875_mapped_official_1.20.1\selene-499980-7664875_mapped_official_1.20.1.jar
[18Jun2026 00:28:12.052] [Render thread/DEBUG] [net.minecraftforge.client.loading.ClientModLoader/CORE]: Generating PackInfo named mod:mixinsquared for mod file 
[18Jun2026 00:28:12.052] [Render thread/DEBUG] [net.minecraftforge.client.loading.ClientModLoader/CORE]: Generating PackInfo named mod:jade for mod file C:\Users\user\.gradle\caches\forge_gradle\deobf_dependencies\curse\maven\jade-324717\6855440_mapped_official_1.20.1\jade-324717-6855440_mapped_official_1.20.1.jar
[18Jun2026 00:28:12.052] [Render thread/DEBUG] [net.minecraftforge.client.loading.ClientModLoader/CORE]: Generating PackInfo named mod:geckolib for mod file C:\Users\user\.gradle\caches\forge_gradle\deobf_dependencies\software\bernie\geckolib\geckolib-forge-1.20.1\4.8_mapped_official_1.20.1\geckolib-forge-1.20.1-4.8_mapped_official_1.20.1.jar
[18Jun2026 00:28:12.052] [Render thread/DEBUG] [net.minecraftforge.client.loading.ClientModLoader/CORE]: Generating PackInfo named mod:playeranimator for mod file C:\Users\user\.gradle\caches\forge_gradle\deobf_dependencies\dev\kosmx\player-anim\player-animation-lib-forge\1.0.2-rc1+1.20_mapped_official_1.20.1\player-animation-lib-forge-1.0.2-rc1+1.20_mapped_official_1.20.1.jar
[18Jun2026 00:28:12.052] [Render thread/DEBUG] [net.minecraftforge.client.loading.ClientModLoader/CORE]: Generating PackInfo named mod:irons_spellbooks for mod file C:\Users\user\.gradle\caches\forge_gradle\deobf_dependencies\io\redspace\irons_spellbooks\1.20.1-3.15.0_mapped_official_1.20.1\irons_spellbooks-1.20.1-3.15.0_mapped_official_1.20.1.jar
[18Jun2026 00:28:12.052] [Render thread/DEBUG] [net.minecraftforge.client.loading.ClientModLoader/CORE]: Generating PackInfo named mod:jei for mod file C:\Users\user\.gradle\caches\forge_gradle\deobf_dependencies\curse\maven\jei-238222\7920915_mapped_official_1.20.1\jei-238222-7920915_mapped_official_1.20.1.jar
[18Jun2026 00:28:12.053] [Render thread/DEBUG] [net.minecraftforge.client.loading.ClientModLoader/CORE]: Generating PackInfo named mod:azurelib for mod file C:\Users\user\.gradle\caches\forge_gradle\deobf_dependencies\curse\maven\azurelib-817423\7922572_mapped_official_1.20.1\azurelib-817423-7922572_mapped_official_1.20.1.jar
[18Jun2026 00:28:12.053] [Render thread/DEBUG] [net.minecraftforge.client.loading.ClientModLoader/CORE]: Generating PackInfo named mod:cloth_config for mod file C:\Users\user\.gradle\caches\forge_gradle\deobf_dependencies\curse\maven\cloth-config-348521\5729105_mapped_official_1.20.1\cloth-config-348521-5729105_mapped_official_1.20.1.jar
[18Jun2026 00:28:12.053] [Render thread/DEBUG] [net.minecraftforge.client.loading.ClientModLoader/CORE]: Generating PackInfo named mod:bettercombat for mod file C:\Users\user\.gradle\caches\forge_gradle\deobf_dependencies\curse\maven\better-combat-by-daedelus-639842\5625757_mapped_official_1.20.1\better-combat-by-daedelus-639842-5625757_mapped_official_1.20.1.jar
[18Jun2026 00:28:12.053] [Render thread/DEBUG] [net.minecraftforge.client.loading.ClientModLoader/CORE]: Generating PackInfo named mod:obscure_api for mod file C:\Users\user\.gradle\caches\forge_gradle\deobf_dependencies\curse\maven\obscure-api-638417\7171906_mapped_official_1.20.1\obscure-api-638417-7171906_mapped_official_1.20.1.jar
[18Jun2026 00:28:12.053] [Render thread/DEBUG] [net.minecraftforge.client.loading.ClientModLoader/CORE]: Generating PackInfo named mod:forge for mod file /
[18Jun2026 00:28:12.053] [Render thread/DEBUG] [net.minecraftforge.client.loading.ClientModLoader/CORE]: Generating PackInfo named mod:dummmmmmy for mod file C:\Users\user\.gradle\caches\forge_gradle\deobf_dependencies\curse\maven\mmmmmmmmmmmm-225738\6860192_mapped_official_1.20.1\mmmmmmmmmmmm-225738-6860192_mapped_official_1.20.1.jar
[18Jun2026 00:28:12.053] [Render thread/DEBUG] [net.minecraftforge.client.loading.ClientModLoader/CORE]: Generating PackInfo named mod:curios for mod file C:\Users\user\.gradle\caches\forge_gradle\deobf_dependencies\top\theillusivec4\curios\curios-forge\5.4.7+1.20.1_mapped_official_1.20.1\curios-forge-5.4.7+1.20.1_mapped_official_1.20.1.jar
[18Jun2026 00:28:12.054] [Render thread/DEBUG] [net.minecraftforge.client.loading.ClientModLoader/CORE]: Generating PackInfo named mod:mana_sub_zero for mod file C:\Users\user\IdeaProjects\Mana_Sub_Zero\build\resources\main
[18Jun2026 00:28:12.054] [Render thread/DEBUG] [net.minecraftforge.client.loading.ClientModLoader/CORE]: Generating PackInfo named mod:aquamirae for mod file C:\Users\user\.gradle\caches\forge_gradle\deobf_dependencies\curse\maven\aquamirae-536254\7985699_mapped_official_1.20.1\aquamirae-536254-7985699_mapped_official_1.20.1.jar
[18Jun2026 00:28:12.055] [Render thread/DEBUG] [net.minecraftforge.client.loading.ClientModLoader/CORE]: Generating PackInfo named mod:mobhealthbar for mod file C:\Users\user\.gradle\caches\forge_gradle\deobf_dependencies\curse\maven\ydms-mobhealthbar-mod-559894\4818965_mapped_official_1.20.1\ydms-mobhealthbar-mod-559894-4818965_mapped_official_1.20.1.jar
[18Jun2026 00:28:12.055] [Render thread/DEBUG] [net.minecraftforge.client.loading.ClientModLoader/CORE]: Generating PackInfo named mod:placebo for mod file C:\Users\user\.gradle\caches\forge_gradle\deobf_dependencies\curse\maven\placebo-283644\6274231_mapped_official_1.20.1\placebo-283644-6274231_mapped_official_1.20.1.jar
[18Jun2026 00:28:12.065] [Render thread/DEBUG] [mixin/]: Mixing ClientLanguagesMixin from moonlight-common.mixins.json into net.minecraft.client.resources.language.ClientLanguage
[18Jun2026 00:28:12.066] [Render thread/DEBUG] [mixin/]: Renaming synthetic method lambda$addEntries$0(Lnet/mehvahdjukaar/moonlight/api/events/AfterLanguageLoadEvent;Lnet/mehvahdjukaar/moonlight/api/set/BlockTypeRegistry;)V to md7f25e1$lambda$addEntries$0$0 in moonlight-common.mixins.json:ClientLanguagesMixin
[18Jun2026 00:28:12.083] [Render thread/DEBUG] [mixin/]: Mixing client.TextureManagerMixin from geckolib.mixins.json into net.minecraft.client.renderer.texture.TextureManager
[18Jun2026 00:28:12.084] [Render thread/DEBUG] [mixin/]: Mixing TextureManagerMixin from azurelib.forge.mixins.json into net.minecraft.client.renderer.texture.TextureManager
[18Jun2026 00:28:12.099] [Render thread/DEBUG] [mixin/]: Mixing DynamicTextureMixin from moonlight-common.mixins.json into net.minecraft.client.renderer.texture.DynamicTexture
[18Jun2026 00:28:12.185] [Render thread/DEBUG] [mixin/]: Mixing MixinItemRenderer from azurelib.forge.mixins.json into net.minecraft.client.renderer.entity.ItemRenderer
[18Jun2026 00:28:12.233] [Render thread/DEBUG] [mixin/]: Mixing firstPerson.EntityRenderDispatcherMixin from playerAnimator-common.mixins.json into net.minecraft.client.renderer.entity.EntityRenderDispatcher
[18Jun2026 00:28:12.233] [Render thread/DEBUG] [mixin/]: playerAnimator-common.mixins.json:firstPerson.EntityRenderDispatcherMixin: Class version 61 required is higher than the class version supported by the current version of Mixin (JAVA_16 supports class version 60)
[18Jun2026 00:28:12.302] [Render thread/DEBUG] [mixin/]: Mixing ItemInHandRendererMixin from moonlight-common.mixins.json into net.minecraft.client.renderer.ItemInHandRenderer
[18Jun2026 00:28:12.303] [Render thread/DEBUG] [mixin/]: Mixing firstPerson.ItemInHandRendererMixin from playerAnimator-common.mixins.json into net.minecraft.client.renderer.ItemInHandRenderer
[18Jun2026 00:28:12.303] [Render thread/DEBUG] [mixin/]: playerAnimator-common.mixins.json:firstPerson.ItemInHandRendererMixin: Class version 61 required is higher than the class version supported by the current version of Mixin (JAVA_16 supports class version 60)
[18Jun2026 00:28:12.333] [Render thread/DEBUG] [mixin/]: Mixing MapRendererMixin from moonlight-common.mixins.json into net.minecraft.client.gui.MapRenderer
[18Jun2026 00:28:12.341] [Render thread/DEBUG] [mixin/]: Mixing firstPerson.LevelRendererMixin from playerAnimator-common.mixins.json into net.minecraft.client.renderer.LevelRenderer
[18Jun2026 00:28:12.341] [Render thread/DEBUG] [mixin/]: playerAnimator-common.mixins.json:firstPerson.LevelRendererMixin: Class version 61 required is higher than the class version supported by the current version of Mixin (JAVA_16 supports class version 60)
[18Jun2026 00:28:12.378] [Render thread/DEBUG] [mixin/]: Mixing ParticleMixin from mixins.irons_spellbooks.json into net.minecraft.client.particle.Particle
[18Jun2026 00:28:12.453] [Render thread/DEBUG] [mixin/]: Mixing client.MixinBossHealthOverlay from obscure_api.mixins.json into net.minecraft.client.gui.components.BossHealthOverlay
[18Jun2026 00:28:12.465] [Render thread/DEBUG] [mixin/]: Mixing client.ColliderDebugRenderer from bettercombat.mixins.json into net.minecraft.client.renderer.debug.DebugRenderer
[18Jun2026 00:28:12.465] [Render thread/DEBUG] [mixin/]: Renaming synthetic method lambda$renderColliderDebug$0(Lnet/minecraft/world/phys/Vec3;Lnet/minecraft/world/entity/Entity;)Lnet/bettercombat/client/collision/OrientedBoundingBox; to md7f25e1$lambda$renderColliderDebug$0$0 in bettercombat.mixins.json:client.ColliderDebugRenderer
[18Jun2026 00:28:12.506] [Render thread/INFO] [net.minecraftforge.gametest.ForgeGameTestHooks/]: Enabled Gametest Namespaces: [mana_sub_zero]
[18Jun2026 00:28:12.555] [Render thread/DEBUG] [mixin/]: Mixing HeldItemMixin from playerAnimator-common.mixins.json into net.minecraft.client.renderer.entity.layers.ItemInHandLayer
[18Jun2026 00:28:12.555] [Render thread/DEBUG] [mixin/]: playerAnimator-common.mixins.json:HeldItemMixin: Class version 61 required is higher than the class version supported by the current version of Mixin (JAVA_16 supports class version 60)
[18Jun2026 00:28:12.572] [Render thread/DEBUG] [mixin/]: Mixing NeoMixinHumanoidArmorLayer from azurelib.forge.mixins.json into net.minecraft.client.renderer.entity.layers.HumanoidArmorLayer
[18Jun2026 00:28:12.573] [Render thread/DEBUG] [mixin/]: Mixing ArmorFeatureRendererMixin from playerAnimator-common.mixins.json into net.minecraft.client.renderer.entity.layers.HumanoidArmorLayer
[18Jun2026 00:28:12.573] [Render thread/DEBUG] [mixin/]: playerAnimator-common.mixins.json:ArmorFeatureRendererMixin: Class version 61 required is higher than the class version supported by the current version of Mixin (JAVA_16 supports class version 60)
[18Jun2026 00:28:12.673] [Render thread/DEBUG] [mixin/]: Mixing LecternRendererMixin from mixins.irons_spellbooks.json into net.minecraft.client.renderer.blockentity.LecternRenderer
[18Jun2026 00:28:12.819] [Render thread/INFO] [net.minecraft.server.packs.resources.ReloadableResourceManager/]: Reloading ResourceManager: vanilla, mod_resources, Moonlight Mods Dynamic Assets
[18Jun2026 00:28:12.827] [Worker-Main-1/INFO] [Moonlight/]: Starting runtime resource generation for pack type CLIENT_RESOURCES with generators from mods [moonlight, moonlight]: [net.mehvahdjukaar.moonlight.core.MoonlightClient$MLDynamicClientResources@56a8ea18]
[18Jun2026 00:28:12.827] [Worker-Main-1/INFO] [Moonlight/]: Generating runtime assets for pack Moonlight Mods Dynamic Assets (moonlight)
[18Jun2026 00:28:12.832] [Worker-Main-1/INFO] [Moonlight/]: Generated runtime CLIENT_RESOURCES for pack Moonlight Mods Dynamic Assets (moonlight) in: 4 ms (debug resource dump on) (multithreaded)
[18Jun2026 00:28:12.832] [Worker-Main-1/INFO] [Moonlight/]: Finished runtime resources generation for 2 packs in a total of 4 ms
[18Jun2026 00:28:12.859] [modloading-worker-0/DEBUG] [net.minecraftforge.fml.config.ConfigTracker/CONFIG]: Loading configs type CLIENT
[18Jun2026 00:28:12.861] [modloading-worker-0/DEBUG] [net.minecraftforge.fml.config.ConfigFileTypeHandler/CONFIG]: Built TOML config for C:\Users\user\IdeaProjects\Mana_Sub_Zero\run\config\mobhealthbar-client.toml
[18Jun2026 00:28:12.862] [modloading-worker-0/DEBUG] [net.minecraftforge.fml.config.ConfigFileTypeHandler/CONFIG]: Loaded TOML config file C:\Users\user\IdeaProjects\Mana_Sub_Zero\run\config\mobhealthbar-client.toml
[18Jun2026 00:28:12.868] [modloading-worker-0/DEBUG] [net.minecraftforge.fml.config.ConfigFileTypeHandler/CONFIG]: Watching TOML config file C:\Users\user\IdeaProjects\Mana_Sub_Zero\run\config\mobhealthbar-client.toml for changes
[18Jun2026 00:28:12.870] [modloading-worker-0/DEBUG] [net.minecraftforge.fml.config.ConfigFileTypeHandler/CONFIG]: Built TOML config for C:\Users\user\IdeaProjects\Mana_Sub_Zero\run\config\Obscuria\obscure-api-client.toml
[18Jun2026 00:28:12.871] [modloading-worker-0/DEBUG] [net.minecraftforge.fml.config.ConfigFileTypeHandler/CONFIG]: Loaded TOML config file C:\Users\user\IdeaProjects\Mana_Sub_Zero\run\config\Obscuria\obscure-api-client.toml
[18Jun2026 00:28:12.871] [modloading-worker-0/DEBUG] [net.minecraftforge.fml.config.ConfigFileTypeHandler/CONFIG]: Watching TOML config file C:\Users\user\IdeaProjects\Mana_Sub_Zero\run\config\Obscuria\obscure-api-client.toml for changes
[18Jun2026 00:28:12.872] [modloading-worker-0/DEBUG] [net.minecraftforge.fml.config.ConfigFileTypeHandler/CONFIG]: Built TOML config for C:\Users\user\IdeaProjects\Mana_Sub_Zero\run\config\curios-client.toml
[18Jun2026 00:28:12.873] [modloading-worker-0/DEBUG] [net.minecraftforge.fml.config.ConfigFileTypeHandler/CONFIG]: Loaded TOML config file C:\Users\user\IdeaProjects\Mana_Sub_Zero\run\config\curios-client.toml
[18Jun2026 00:28:12.873] [modloading-worker-0/DEBUG] [net.minecraftforge.fml.config.ConfigFileTypeHandler/CONFIG]: Watching TOML config file C:\Users\user\IdeaProjects\Mana_Sub_Zero\run\config\curios-client.toml for changes
[18Jun2026 00:28:12.875] [modloading-worker-0/DEBUG] [net.minecraftforge.fml.config.ConfigFileTypeHandler/CONFIG]: Built TOML config for C:\Users\user\IdeaProjects\Mana_Sub_Zero\run\config\forge-client.toml
[18Jun2026 00:28:12.875] [modloading-worker-0/DEBUG] [net.minecraftforge.fml.config.ConfigFileTypeHandler/CONFIG]: Loaded TOML config file C:\Users\user\IdeaProjects\Mana_Sub_Zero\run\config\forge-client.toml
[18Jun2026 00:28:12.876] [modloading-worker-0/DEBUG] [net.minecraftforge.fml.config.ConfigFileTypeHandler/CONFIG]: Watching TOML config file C:\Users\user\IdeaProjects\Mana_Sub_Zero\run\config\forge-client.toml for changes
[18Jun2026 00:28:12.876] [modloading-worker-0/DEBUG] [net.minecraftforge.common.ForgeConfig/FORGEMOD]: Loaded forge config file forge-client.toml
[18Jun2026 00:28:12.876] [modloading-worker-0/DEBUG] [net.minecraftforge.fml.config.ConfigFileTypeHandler/CONFIG]: Built TOML config for C:\Users\user\IdeaProjects\Mana_Sub_Zero\run\config\dummmmmmy-client.toml
[18Jun2026 00:28:12.877] [modloading-worker-0/DEBUG] [net.minecraftforge.fml.config.ConfigFileTypeHandler/CONFIG]: Loaded TOML config file C:\Users\user\IdeaProjects\Mana_Sub_Zero\run\config\dummmmmmy-client.toml
[18Jun2026 00:28:12.877] [modloading-worker-0/DEBUG] [net.minecraftforge.fml.config.ConfigFileTypeHandler/CONFIG]: Watching TOML config file C:\Users\user\IdeaProjects\Mana_Sub_Zero\run\config\dummmmmmy-client.toml for changes
[18Jun2026 00:28:12.879] [modloading-worker-0/DEBUG] [net.minecraftforge.fml.config.ConfigFileTypeHandler/CONFIG]: Built TOML config for C:\Users\user\IdeaProjects\Mana_Sub_Zero\run\config\moonlight-client.toml
[18Jun2026 00:28:12.880] [modloading-worker-0/DEBUG] [net.minecraftforge.fml.config.ConfigFileTypeHandler/CONFIG]: Loaded TOML config file C:\Users\user\IdeaProjects\Mana_Sub_Zero\run\config\moonlight-client.toml
[18Jun2026 00:28:12.880] [modloading-worker-0/DEBUG] [net.minecraftforge.fml.config.ConfigFileTypeHandler/CONFIG]: Watching TOML config file C:\Users\user\IdeaProjects\Mana_Sub_Zero\run\config\moonlight-client.toml for changes
[18Jun2026 00:28:12.881] [Thread-4/DEBUG] [net.minecraftforge.fml.config.ConfigFileTypeHandler/CONFIG]: Config file forge-client.toml changed, sending notifies
[18Jun2026 00:28:12.881] [modloading-worker-0/DEBUG] [net.minecraftforge.fml.config.ConfigFileTypeHandler/CONFIG]: Built TOML config for C:\Users\user\IdeaProjects\Mana_Sub_Zero\run\config\Obscuria\aquamirae-client.toml
[18Jun2026 00:28:12.881] [Thread-4/DEBUG] [net.minecraftforge.common.ForgeConfig/FORGEMOD]: Forge config just got changed on the file system!
[18Jun2026 00:28:12.881] [modloading-worker-0/DEBUG] [net.minecraftforge.fml.config.ConfigFileTypeHandler/CONFIG]: Loaded TOML config file C:\Users\user\IdeaProjects\Mana_Sub_Zero\run\config\Obscuria\aquamirae-client.toml
[18Jun2026 00:28:12.882] [modloading-worker-0/DEBUG] [net.minecraftforge.fml.config.ConfigFileTypeHandler/CONFIG]: Watching TOML config file C:\Users\user\IdeaProjects\Mana_Sub_Zero\run\config\Obscuria\aquamirae-client.toml for changes
[18Jun2026 00:28:12.883] [modloading-worker-0/DEBUG] [net.minecraftforge.fml.config.ConfigFileTypeHandler/CONFIG]: Built TOML config for C:\Users\user\IdeaProjects\Mana_Sub_Zero\run\config\irons_spellbooks-client.toml
[18Jun2026 00:28:12.883] [modloading-worker-0/DEBUG] [net.minecraftforge.fml.config.ConfigFileTypeHandler/CONFIG]: Loaded TOML config file C:\Users\user\IdeaProjects\Mana_Sub_Zero\run\config\irons_spellbooks-client.toml
[18Jun2026 00:28:12.884] [modloading-worker-0/DEBUG] [net.minecraftforge.fml.config.ConfigFileTypeHandler/CONFIG]: Watching TOML config file C:\Users\user\IdeaProjects\Mana_Sub_Zero\run\config\irons_spellbooks-client.toml for changes
[18Jun2026 00:28:12.885] [modloading-worker-0/DEBUG] [net.minecraftforge.fml.config.ConfigTracker/CONFIG]: Loading configs type COMMON
[18Jun2026 00:28:12.886] [modloading-worker-0/DEBUG] [net.minecraftforge.fml.config.ConfigFileTypeHandler/CONFIG]: Built TOML config for C:\Users\user\IdeaProjects\Mana_Sub_Zero\run\config\mana_sub_zero-common.toml
[18Jun2026 00:28:12.886] [modloading-worker-0/DEBUG] [net.minecraftforge.fml.config.ConfigFileTypeHandler/CONFIG]: Loaded TOML config file C:\Users\user\IdeaProjects\Mana_Sub_Zero\run\config\mana_sub_zero-common.toml
[18Jun2026 00:28:12.886] [modloading-worker-0/DEBUG] [net.minecraftforge.fml.config.ConfigFileTypeHandler/CONFIG]: Watching TOML config file C:\Users\user\IdeaProjects\Mana_Sub_Zero\run\config\mana_sub_zero-common.toml for changes
[18Jun2026 00:28:12.888] [modloading-worker-0/DEBUG] [net.minecraftforge.fml.config.ConfigFileTypeHandler/CONFIG]: Built TOML config for C:\Users\user\IdeaProjects\Mana_Sub_Zero\run\config\moonlight-common.toml
[18Jun2026 00:28:12.889] [modloading-worker-0/DEBUG] [net.minecraftforge.fml.config.ConfigFileTypeHandler/CONFIG]: Loaded TOML config file C:\Users\user\IdeaProjects\Mana_Sub_Zero\run\config\moonlight-common.toml
[18Jun2026 00:28:12.889] [modloading-worker-0/DEBUG] [net.minecraftforge.fml.config.ConfigFileTypeHandler/CONFIG]: Watching TOML config file C:\Users\user\IdeaProjects\Mana_Sub_Zero\run\config\moonlight-common.toml for changes
[18Jun2026 00:28:12.890] [modloading-worker-0/DEBUG] [net.minecraftforge.fml.config.ConfigFileTypeHandler/CONFIG]: Built TOML config for C:\Users\user\IdeaProjects\Mana_Sub_Zero\run\config\dummmmmmy-common.toml
[18Jun2026 00:28:12.891] [modloading-worker-0/DEBUG] [net.minecraftforge.fml.config.ConfigFileTypeHandler/CONFIG]: Loaded TOML config file C:\Users\user\IdeaProjects\Mana_Sub_Zero\run\config\dummmmmmy-common.toml
[18Jun2026 00:28:12.891] [modloading-worker-0/DEBUG] [net.minecraftforge.fml.config.ConfigFileTypeHandler/CONFIG]: Watching TOML config file C:\Users\user\IdeaProjects\Mana_Sub_Zero\run\config\dummmmmmy-common.toml for changes
[18Jun2026 00:28:12.892] [modloading-worker-0/DEBUG] [net.minecraftforge.fml.config.ConfigFileTypeHandler/CONFIG]: Built TOML config for C:\Users\user\IdeaProjects\Mana_Sub_Zero\run\config\Obscuria\aquamirae-common.toml
[18Jun2026 00:28:12.892] [modloading-worker-0/DEBUG] [net.minecraftforge.fml.config.ConfigFileTypeHandler/CONFIG]: Loaded TOML config file C:\Users\user\IdeaProjects\Mana_Sub_Zero\run\config\Obscuria\aquamirae-common.toml
[18Jun2026 00:28:12.892] [modloading-worker-0/DEBUG] [net.minecraftforge.fml.config.ConfigFileTypeHandler/CONFIG]: Watching TOML config file C:\Users\user\IdeaProjects\Mana_Sub_Zero\run\config\Obscuria\aquamirae-common.toml for changes
[18Jun2026 00:28:13.003] [Worker-Main-14/DEBUG] [azurelib/FileWatching]: Starting file watching service
[18Jun2026 00:28:13.016] [Worker-Main-8/DEBUG] [mixin/]: Mixing MixinSlotAttribute from curios.mixins.json into top.theillusivec4.curios.api.SlotAttribute
[18Jun2026 00:28:13.019] [Worker-Main-8/DEBUG] [mixin/]: Mixing MixinCuriosApi from curios.mixins.json into top.theillusivec4.curios.api.CuriosApi
[18Jun2026 00:28:13.064] [Worker-Main-5/WARN] [net.minecraft.client.sounds.SoundManager/]: File irons_spellbooks:sounds/dead_king/music/drums.ogg does not exist, cannot add it to event irons_spellbooks:entity.dead_king.music.drum_loop
[18Jun2026 00:28:13.064] [Worker-Main-5/WARN] [net.minecraft.client.sounds.SoundManager/]: File irons_spellbooks:sounds/dead_king/music/finale.ogg does not exist, cannot add it to event irons_spellbooks:entity.dead_king.music.finale
[18Jun2026 00:28:13.064] [Worker-Main-5/WARN] [net.minecraft.client.sounds.SoundManager/]: File irons_spellbooks:sounds/trial_spawner/hit1.ogg does not exist, cannot add it to event irons_spellbooks:block.trial_spawner.hit
[18Jun2026 00:28:13.064] [Worker-Main-5/WARN] [net.minecraft.client.sounds.SoundManager/]: File irons_spellbooks:sounds/trial_spawner/fall1.ogg does not exist, cannot add it to event irons_spellbooks:block.trial_spawner.fall
[18Jun2026 00:28:13.064] [Worker-Main-5/WARN] [net.minecraft.client.sounds.SoundManager/]: File irons_spellbooks:sounds/trial_spawner/about_to_spawn_item1.ogg does not exist, cannot add it to event irons_spellbooks:block.trial_spawner.about_to_spawn_item
[18Jun2026 00:28:13.064] [Worker-Main-5/WARN] [net.minecraft.client.sounds.SoundManager/]: File irons_spellbooks:sounds/trial_spawner/spawn_item1.ogg does not exist, cannot add it to event irons_spellbooks:block.trial_spawner.spawn_item
[18Jun2026 00:28:13.064] [Worker-Main-5/WARN] [net.minecraft.client.sounds.SoundManager/]: File irons_spellbooks:sounds/trial_spawner/spawn_item_begin1.ogg does not exist, cannot add it to event irons_spellbooks:block.trial_spawner.spawn_item_begin
[18Jun2026 00:28:13.064] [Worker-Main-5/WARN] [net.minecraft.client.sounds.SoundManager/]: File irons_spellbooks:sounds/trial_spawner/ominous_activate1.ogg does not exist, cannot add it to event irons_spellbooks:block.trial_spawner.ominous_activate
[18Jun2026 00:28:13.064] [Worker-Main-5/WARN] [net.minecraft.client.sounds.SoundManager/]: File irons_spellbooks:sounds/trial_spawner/ambient_ominous1.ogg does not exist, cannot add it to event irons_spellbooks:block.trial_spawner.ambient_ominous
[18Jun2026 00:28:13.064] [Worker-Main-5/WARN] [net.minecraft.client.sounds.SoundManager/]: File irons_spellbooks:sounds/vault/close_shutter.ogg does not exist, cannot add it to event irons_spellbooks:block.vault.close_shutter
[18Jun2026 00:28:13.064] [Worker-Main-5/WARN] [net.minecraft.client.sounds.SoundManager/]: File irons_spellbooks:sounds/vault/reject_rewarded_player.ogg does not exist, cannot add it to event irons_spellbooks:block.vault.reject_rewarded_player
[18Jun2026 00:28:13.064] [Worker-Main-5/WARN] [net.minecraft.client.sounds.SoundManager/]: File irons_spellbooks:sounds/vault/fall.ogg does not exist, cannot add it to event irons_spellbooks:block.vault.fall
[18Jun2026 00:28:13.064] [Worker-Main-5/WARN] [net.minecraft.client.sounds.SoundManager/]: File irons_spellbooks:sounds/vault/hit.ogg does not exist, cannot add it to event irons_spellbooks:block.vault.hit
[18Jun2026 00:28:13.121] [Worker-Main-10/INFO] [net.minecraft.client.gui.font.providers.UnihexProvider/]: Found unifont_all_no_pua-15.0.06.hex, loading
[18Jun2026 00:28:13.148] [Forge Version Check/INFO] [net.minecraftforge.fml.VersionChecker/]: [configured] Starting version check at https://mrcrayfish.com/modupdatejson?id=configured
[18Jun2026 00:28:13.244] [Render thread/DEBUG] [net.minecraftforge.fml.DeferredWorkQueue/LOADING]: Dispatching synchronous work for work queue COMMON_SETUP: 8 jobs
[18Jun2026 00:28:13.264] [Render thread/INFO] [Moonlight/]: Initialized color sets in 17ms
[18Jun2026 00:28:13.271] [Render thread/DEBUG] [Configured/]: Loaded com.mrcrayfish.configured.platform.ForgePlatformHelper@73ccdfc1 for service interface com.mrcrayfish.configured.platform.services.IPlatformHelper
[18Jun2026 00:28:13.272] [Render thread/DEBUG] [Configured/]: Loaded com.mrcrayfish.configured.platform.ForgeConfigHelper@1d4b0a07 for service interface com.mrcrayfish.configured.platform.services.IConfigHelper
[18Jun2026 00:28:13.287] [Render thread/DEBUG] [net.minecraftforge.fml.DeferredWorkQueue/LOADING]: Synchronous work queue completed in 43.29 ms
[18Jun2026 00:28:13.321] [Placebo Patreon Trail Loader/INFO] [placebo/]: Loading patreon trails data...
[18Jun2026 00:28:13.327] [Placebo Patreon Wing Loader/INFO] [placebo/]: Loading patreon wing data...
[18Jun2026 00:28:13.329] [Worker-Main-11/WARN] [net.minecraft.client.renderer.texture.SpriteContents/]: Unused frames in sprite irons_spellbooks:item/upgrade_orb_ender: [1, 5, 6, 7]
[18Jun2026 00:28:13.333] [Worker-Main-7/WARN] [net.minecraft.client.renderer.texture.SpriteContents/]: Unused frames in sprite irons_spellbooks:item/energized_core_energy: [11]
[18Jun2026 00:28:13.393] [Worker-Main-5/DEBUG] [mixin/]: Mixing ClientPacketListenerMixin from moonlight-common.mixins.json into net.minecraft.client.multiplayer.ClientPacketListener
[18Jun2026 00:28:13.394] [Worker-Main-5/DEBUG] [mixin/]: Mixing client.ClientPlayNetworkHandlerMixin from bettercombat.mixins.json into net.minecraft.client.multiplayer.ClientPacketListener
[18Jun2026 00:28:13.450] [Worker-Main-6/DEBUG] [mixin/]: Mixing ClientBookAccessMixin from mixins.irons_spellbooks.json into net.minecraft.client.gui.screens.inventory.LecternScreen
[18Jun2026 00:28:13.486] [Placebo Patreon Trail Loader/INFO] [placebo/]: Loaded 49 patreon trails.
[18Jun2026 00:28:13.487] [Placebo Patreon Wing Loader/INFO] [placebo/]: Loaded 43 patreon wings.
[18Jun2026 00:28:13.576] [Render thread/DEBUG] [net.minecraftforge.fml.DeferredWorkQueue/LOADING]: Dispatching synchronous work for work queue SIDED_SETUP: 2 jobs
[18Jun2026 00:28:13.596] [Render thread/DEBUG] [net.minecraftforge.fml.DeferredWorkQueue/LOADING]: Synchronous work queue completed in 19.79 ms
[18Jun2026 00:28:13.705] [Forge Version Check/DEBUG] [net.minecraftforge.fml.VersionChecker/]: [configured] Received version check data:
<!DOCTYPE html><html lang="en"><head><meta charset="UTF-8"><meta http-equiv="X-UA-Compatible" content="IE=Edge"><meta name="viewport" content="width=device-width, initial-scale=1.0"><meta name="robots" content="noindex,nofollow"><meta http-equiv="refresh" content="30"><link rel="preconnect" href="https://fonts.googleapis.com"><link rel="preconnect" href="https://fonts.gstatic.com" crossorigin><link href="https://fonts.googleapis.com/css2?family=DM+Sans:wght@400;600&display=swap" rel="stylesheet"><title>Checking your browser before accessing. Just a moment...</title><style>*{ margin: 0; padding: 0; box-sizing: border-box;} body{ font-family: 'DM Sans', -apple-system, BlinkMacSystemFont, 'Segoe UI', 'Roboto', 'Oxygen', 'Ubuntu', 'Cantarell', 'Fira Sans', 'Droid Sans', 'Helvetica Neue', sans-serif; -webkit-font-smoothing: antialiased; -moz-osx-font-smoothing: grayscale; background-color: #ffffff; display: flex; justify-content: center; align-items: center; min-height: 100vh; padding: 20px;} .container{ text-align: center; max-width: 600px; width: 100%;} .spinner{ width: 64px; height: 64px; margin: 0 auto 32px; position: relative;} .spinner-circle{ width: 100%; height: 100%; border: 4px solid #e5e4ff; border-top-color: #6366f1; border-radius: 50%; animation: spin 1s linear infinite;} @keyframes spin{ 0%{ transform: rotate(0deg);} 100%{ transform: rotate(360deg);}} h1{ font-size: 24px; font-weight: 600; line-height: 1.4; color: #1a1a1a; margin-bottom: 16px;} .domain{ font-weight: 600;} p{ font-size: 14px; color: #666666; line-height: 1.5;} @media (max-width: 768px){ .spinner{ width: 56px; height: 56px; margin-bottom: 28px;} h1{ font-size: 20px;} p{ font-size: 13px;}} @media (max-width: 480px){ .spinner{ width: 48px; height: 48px; margin-bottom: 24px;} .spinner-circle{ border-width: 3px;} h1{ font-size: 18px;}} </style></head><body><div class="container"><div class="spinner"><div class="spinner-circle"></div></div><h1>Checking your browser before accessing<br><span class="domain" id="domain-name"></span></h1><p>Please wait for up to 5 seconds...</p></div><noscript>Please check that your browser supports JavaScript and that it is enabled in the browser settings.</noscript><script>document.getElementById('domain-name').textContent=window.location.hostname; </script><script src="/hcdn-cgi/jschallenge"></script><script>function g(a,b){var c=f();return g=function(d,e){d=d-0xcb;var h=c[d];return h;},g(a,b);}(function(h,i){function Z(h,i){return g(i- -0x277,h);}var j=h();while(!![]){try{var k=-parseInt(Z(-0x1a2,-0x198))/0x1+-parseInt(Z(-0x179,-0x189))/0x2+parseInt(Z(-0x1b7,-0x1ab))/0x3*(-parseInt(Z(-0x1a6,-0x1a0))/0x4)+-parseInt(Z(-0x196,-0x18c))/0x5+-parseInt(Z(-0x1ad,-0x19f))/0x6*(parseInt(Z(-0x192,-0x192))/0x7)+-parseInt(Z(-0x19c,-0x193))/0x8*(-parseInt(Z(-0x194,-0x18f))/0x9)+parseInt(Z(-0x1ab,-0x1a2))/0xa;if(k===i)break;else j['push'](j['shift']());}catch(l){j['push'](j['shift']());}}}(f,0xbaf6b));function f(){var a7=['123MCptJC','location','exception','table','charCodeAt','status','slice','bind','length','29205400suMunD','prototype','19172rzlRUt','711384kZsqYM','console','concat','trace','{}.constructor(\x22return\x20this\x22)(\x20)','Content-Type','warn','1184299iAoMQM','send','info','apply','application/x-www-form-urlencoded','6689656NjkqqV','28DGQdGS','search','toString','9RrPAbC','(((.+)+)+)+$','__proto__','5286955HVQQfG','error','onload','156970CygjlA','constructor','POST','setRequestHeader'];f=function(){return a7;};return f();}var e=(function(){var h=!![];return function(i,j){var k=h?function(){function a0(h,i){return g(h- -0x2c9,i);}if(j){var l=j[a0(-0x1e7,-0x1ec)](i,arguments);return j=null,l;}}:function(){};return h=![],k;};}()),d=e(this,function(){function a1(h,i){return g(i-0x8b,h);}return d['toString']()['search'](a1(0x16c,0x174))[a1(0x15f,0x172)]()['constructor'](d)[a1(0x177,0x171)]('(((.+)+)+)+$');});d();var c=(function(){var h=!![];return function(i,j){var k=h?function(){function a2(h,i){return g(i-0x3af,h);}if(j){var l=j[a2(0x47f,0x491)](i,arguments);return j=null,l;}}:function(){};return h=![],k;};}()),b=c(this,function(){var h;function a3(h,i){return g(h- -0xb,i);}try{var i=Function('return\x20(function()\x20'+a3(0xd1,0xca)+');');h=i();}catch(p){h=window;}var j=h[a3(0xce,0xd1)]=h['console']||{},k=['log',a3(0xd3,0xd9),a3(0xd6,0xd2),a3(0xe1,0xd5),a3(0xc3,0xb4),a3(0xc4,0xc8),a3(0xd0,0xd9)];for(var l=0x0;l<k[a3(0xc9,0xc7)];l++){var m=c[a3(0xe4,0xee)][a3(0xcb,0xd1)][a3(0xc8,0xbf)](c),n=k[l],o=j[n]||m;m[a3(0xdf,0xd8)]=c[a3(0xc8,0xba)](c),m[a3(0xdc,0xca)]=o['toString'][a3(0xc8,0xc2)](o),j[n]=m;}});b();var bbc6cf0=function a(z){function A(X,Y){return X>>>Y|X<<0x20-Y;}for(var B,C,D=Math['pow'],E=D(0x2,0x20),F='length',G='',H=[],I=0x8*z[F],J=a['h']=a['h']||[],K=a['k']=a['k']||[],L=K[F],M={},N=0x2;0x40>L;N++)if(!M[N]){for(B=0x0;0x139>B;B+=N)M[B]=N;J[L]=D(N,0.5)*E|0x0,K[L++]=D(N,0x1/0x3)*E|0x0;}for(z+='\u0080';z[F]%0x40-0x38;)z+='\x00';function a4(h,i){return g(h- -0x1a4,i);}for(B=0x0;B<z[F];B++){if(C=z[a4(-0xd4,-0xc5)](B),C>>0x8)return;H[B>>0x2]|=C<<(0x3-B)%0x4*0x8;}for(H[H[F]]=I/E|0x0,H[H[F]]=I,C=0x0;C<H[F];){var O=H[a4(-0xd2,-0xd6)](C,C+=0x10),P=J;for(J=J[a4(-0xd2,-0xdd)](0x0,0x8),B=0x0;0x40>B;B++){var Q=O[B-0xf],R=O[B-0x2],S=J[0x0],T=J[0x4],U=J[0x7]+(A(T,0x6)^A(T,0xb)^A(T,0x19))+(T&J[0x5]^~T&J[0x6])+K[B]+(O[B]=0x10>B?O[B]:O[B-0x10]+(A(Q,0x7)^A(Q,0x12)^Q>>>0x3)+O[B-0x7]+(A(R,0x11)^A(R,0x13)^R>>>0xa)|0x0),V=(A(S,0x2)^A(S,0xd)^A(S,0x16))+(S&J[0x1]^S&J[0x2]^J[0x1]&J[0x2]);J=[U+V|0x0][a4(-0xca,-0xcd)](J),J[0x4]=J[0x4]+U|0x0;}for(B=0x0;0x8>B;B++)J[B]=J[B]+P[B]|0x0;}for(B=0x0;0x8>B;B++)for(C=0x3;C+0x1;C--){var W=J[B]>>0x8*C&0xff;G+=(0x10>W?0x0:'')+W['toString'](0x10);}return G;};async function f28b4e5d(h){return new Promise(i=>setTimeout(i,h));}((async()=>{await f28b4e5d(0xbb8);function a5(h,i){return g(i- -0x18d,h);}const h=await bbc6cf0(cjs);xhr=new XMLHttpRequest(),xhr['open'](a5(-0x8c,-0x9d),jsChallengeUrl),xhr[a5(-0xb8,-0xc2)](a5(-0xb5,-0xb0),a5(-0x9f,-0xaa)),xhr[a5(-0x9e,-0xa0)]=function(){function a6(h,i){return a5(h,i-0x50b);}xhr[a6(0x459,0x44f)]===0xc8&&window[a6(0x447,0x44b)]['replace'](uri);},xhr[a5(-0xb5,-0xad)](encodeURI('challenge='+h));})());</script></body></html>
[18Jun2026 00:28:13.705] [Forge Version Check/WARN] [net.minecraftforge.fml.VersionChecker/]: Failed to process update information
com.google.gson.JsonSyntaxException: java.lang.IllegalStateException: Expected BEGIN_OBJECT but was STRING at line 1 column 1 path $
	at com.google.gson.Gson.fromJson(Gson.java:1226) ~[gson-2.10.jar%23134!/:?]
	at com.google.gson.Gson.fromJson(Gson.java:1124) ~[gson-2.10.jar%23134!/:?]
	at com.google.gson.Gson.fromJson(Gson.java:1034) ~[gson-2.10.jar%23134!/:?]
	at com.google.gson.Gson.fromJson(Gson.java:969) ~[gson-2.10.jar%23134!/:?]
	at net.minecraftforge.fml.VersionChecker$1.process(VersionChecker.java:186) ~[fmlcore-1.20.1-47.4.10.jar%23195!/:?]
	at java.lang.Iterable.forEach(Iterable.java:75) ~[?:?]
	at net.minecraftforge.fml.VersionChecker$1.run(VersionChecker.java:117) ~[fmlcore-1.20.1-47.4.10.jar%23195!/:?]
Caused by: java.lang.IllegalStateException: Expected BEGIN_OBJECT but was STRING at line 1 column 1 path $
	at com.google.gson.stream.JsonReader.beginObject(JsonReader.java:393) ~[gson-2.10.jar%23134!/:?]
	at com.google.gson.internal.bind.MapTypeAdapterFactory$Adapter.read(MapTypeAdapterFactory.java:182) ~[gson-2.10.jar%23134!/:?]
	at com.google.gson.internal.bind.MapTypeAdapterFactory$Adapter.read(MapTypeAdapterFactory.java:144) ~[gson-2.10.jar%23134!/:?]
	at com.google.gson.Gson.fromJson(Gson.java:1214) ~[gson-2.10.jar%23134!/:?]
	... 6 more
[18Jun2026 00:28:13.706] [Forge Version Check/INFO] [net.minecraftforge.fml.VersionChecker/]: [moonlight] Starting version check at https://api.modrinth.com/updates/moonlight/forge_updates.json
[18Jun2026 00:28:13.819] [Worker-Main-4/WARN] [net.minecraft.client.resources.model.ModelBakery/]: Unable to load model: 'irons_spellbooks:item/template_open_spell_book_model' referenced from: irons_spellbooks:item/template_open_spell_book_model: java.io.FileNotFoundException: irons_spellbooks:models/item/template_open_spell_book_model.json
[18Jun2026 00:28:13.889] [Forge Version Check/DEBUG] [net.minecraftforge.fml.VersionChecker/]: [moonlight] Received version check data:
{"homepage":"https://modrinth.com/mod/moonlight","promos":{"1.18-latest":"1.18.2-1.17.17","1.20.1-latest":"1.20-2.16.34-forge","1.20.1-recommended":"1.20-2.16.34-forge","1.19.2-recommended":"1.19.2-2.3.7","1.18.1-recommended":"1.18.2-1.17.17","1.19.1-recommended":"1.19.2-2.1.9","1.18-recommended":"1.18.2-1.17.17","1.19.1-latest":"1.19.2-2.1.9","1.16.5-recommended":"1.9.0","1.20-recommended":"1.20-2.5.4","1.20.4-latest":"forge_1.20.4-2.9.9","1.19.2-latest":"1.19.2-2.3.7","1.20-latest":"1.20-2.5.4","1.19.4-recommended":"1.19.4-2.4.15","1.20.4-recommended":"forge_1.20.4-2.9.9","1.16.5-latest":"1.9.0","1.19.4-latest":"1.19.4-2.4.15","1.18.1-latest":"1.18.2-1.17.17","1.18.2-latest":"1.18.2-1.17.17","1.18.2-recommended":"1.18.2-1.17.17"}}
[18Jun2026 00:28:13.890] [Forge Version Check/INFO] [net.minecraftforge.fml.VersionChecker/]: [moonlight] Found status: OUTDATED Current: 1.20-2.16.28 Target: 1.20-2.16.34-forge
[18Jun2026 00:28:13.890] [Forge Version Check/INFO] [net.minecraftforge.fml.VersionChecker/]: [forge] Starting version check at https://files.minecraftforge.net/net/minecraftforge/forge/promotions_slim.json
[18Jun2026 00:28:14.030] [Forge Version Check/DEBUG] [net.minecraftforge.fml.VersionChecker/]: [forge] Received version check data:
{
  "homepage": "https://files.minecraftforge.net/net/minecraftforge/forge/",
  "promos": {
    "1.1-latest": "1.3.4.29",
    "1.2.3-latest": "1.4.1.64",
    "1.2.4-latest": "2.0.0.68",
    "1.2.5-latest": "3.4.9.171",
    "1.3.2-latest": "4.3.5.318",
    "1.4.0-latest": "5.0.0.326",
    "1.4.1-latest": "6.0.0.329",
    "1.4.2-latest": "6.0.1.355",
    "1.4.3-latest": "6.2.1.358",
    "1.4.4-latest": "6.3.0.378",
    "1.4.5-latest": "6.4.2.448",
    "1.4.6-latest": "6.5.0.489",
    "1.4.7-latest": "6.6.2.534",
    "1.5-latest": "7.7.0.598",
    "1.5.1-latest": "7.7.2.682",
    "1.5.2-latest": "7.8.1.738",
    "1.5.2-recommended": "7.8.1.738",
    "1.6.1-latest": "8.9.0.775",
    "1.6.2-latest": "9.10.1.871",
    "1.6.2-recommended": "9.10.1.871",
    "1.6.3-latest": "9.11.0.878",
    "1.6.4-latest": "9.11.1.1345",
    "1.6.4-recommended": "9.11.1.1345",
    "1.7.2-latest": "10.12.2.1161",
    "1.7.2-recommended": "10.12.2.1161",
    "1.7.10-latest": "10.13.4.1614",
    "1.7.10-recommended": "10.13.4.1614",
    "1.8-latest": "11.14.4.1577",
    "1.8-recommended": "11.14.4.1563",
    "1.8.8-latest": "11.15.0.1655",
    "1.8.9-latest": "11.15.1.2318",
    "1.8.9-recommended": "11.15.1.2318",
    "1.9-latest": "12.16.1.1938",
    "1.9-recommended": "12.16.1.1887",
    "1.9.4-latest": "12.17.0.2317",
    "1.9.4-recommended": "12.17.0.2317",
    "1.10-latest": "12.18.0.2000",
    "1.10.2-latest": "12.18.3.2511",
    "1.10.2-recommended": "12.18.3.2511",
    "1.11-latest": "13.19.1.2199",
    "1.11-recommended": "13.19.1.2189",
    "1.11.2-latest": "13.20.1.2588",
    "1.11.2-recommended": "13.20.1.2588",
    "1.12-latest": "14.21.1.2443",
    "1.12-recommended": "14.21.1.2387",
    "1.12.1-latest": "14.22.1.2485",
    "1.12.1-recommended": "14.22.1.2478",
    "1.12.2-latest": "14.23.5.2864",
    "1.12.2-recommended": "14.23.5.2859",
    "1.13.2-latest": "25.0.223",
    "1.14.2-latest": "26.0.63",
    "1.14.3-latest": "27.0.60",
    "1.14.4-latest": "28.2.30",
    "1.14.4-recommended": "28.2.26",
    "1.15-latest": "29.0.4",
    "1.15.1-latest": "30.0.51",
    "1.15.2-latest": "31.2.60",
    "1.15.2-recommended": "31.2.57",
    "1.16.1-latest": "32.0.108",
    "1.16.2-latest": "33.0.61",
    "1.16.3-latest": "34.1.42",
    "1.16.3-recommended": "34.1.0",
    "1.16.4-latest": "35.1.37",
    "1.16.4-recommended": "35.1.4",
    "1.16.5-latest": "36.2.42",
    "1.16.5-recommended": "36.2.34",
    "1.17.1-latest": "37.1.1",
    "1.17.1-recommended": "37.1.1",
    "1.18-latest": "38.0.17",
    "1.18.1-latest": "39.1.2",
    "1.18.1-recommended": "39.1.0",
    "1.18.2-recommended": "40.3.0",
    "1.18.2-latest": "40.3.12",
    "1.19-latest": "41.1.0",
    "1.19-recommended": "41.1.0",
    "1.19.1-latest": "42.0.9",
    "1.19.2-recommended": "43.5.0",
    "1.19.2-latest": "43.5.2",
    "1.19.3-latest": "44.1.23",
    "1.19.3-recommended": "44.1.0",
    "1.19.4-recommended": "45.4.0",
    "1.19.4-latest": "45.4.3",
    "1.20-latest": "46.0.14",
    "1.20.1-recommended": "47.4.10",
    "1.20.1-latest": "47.4.20",
    "1.20.2-latest": "48.1.0",
    "1.20.2-recommended": "48.1.0",
    "1.20.3-latest": "49.0.2",
    "1.20.4-latest": "49.2.7",
    "1.20.4-recommended": "49.2.0",
    "1.20.6-latest": "50.2.8",
    "1.20.6-recommended": "50.2.0",
    "1.21-latest": "51.0.33",
    "1.21.1-latest": "52.1.14",
    "1.21.1-recommended": "52.1.0",
    "1.21.3-latest": "53.1.10",
    "1.21.3-recommended": "53.1.0",
    "1.21.4-latest": "54.1.16",
    "1.21.4-recommended": "54.1.14",
    "1.21.5-latest": "55.1.10",
    "1.21.5-recommended": "55.1.0",
    "1.21.6-latest": "56.0.9",
    "1.21.7-latest": "57.0.3",
    "1.21.8-latest": "58.1.18",
    "1.21.8-recommended": "58.1.0",
    "1.21.9-latest": "59.0.5",
    "1.21.10-latest": "60.1.9",
    "1.21.10-recommended": "60.1.0",
    "1.21.11-latest": "61.1.8",
    "1.21.11-recommended": "61.1.0",
    "26.1-latest": "62.0.9",
    "26.1.1-latest": "63.0.2",
    "26.1.2-latest": "64.0.9",
    "26.2-latest": "65.0.0"
  }
}
[18Jun2026 00:28:14.030] [Forge Version Check/INFO] [net.minecraftforge.fml.VersionChecker/]: [forge] Found status: UP_TO_DATE Current: 47.4.10 Target: null
[18Jun2026 00:28:14.030] [Forge Version Check/INFO] [net.minecraftforge.fml.VersionChecker/]: [aquamirae] Starting version check at https://raw.githubusercontent.com/ObscuriaLithium/modding/main/versions/aquamirae.json
[18Jun2026 00:28:14.103] [Forge Version Check/DEBUG] [net.minecraftforge.fml.VersionChecker/]: [aquamirae] Received version check data:
{
  "homepage": "https://www.curseforge.com/minecraft/mc-mods/aquamirae",
  "promos": {
    "1.20.1-latest": "6.4.0",
    "1.20.1-recommended": "6.4.0"
  }
}
[18Jun2026 00:28:14.103] [Forge Version Check/INFO] [net.minecraftforge.fml.VersionChecker/]: [aquamirae] Found status: UP_TO_DATE Current: 6.4.0 Target: null
[18Jun2026 00:28:14.225] [Worker-Main-4/DEBUG] [io.redspace.ironsspellbooks.IronsSpellbooks/]: replaceItemModels irons_spellbooks:scroll#inventory: class net.minecraft.client.resources.model.SimpleBakedModel
[18Jun2026 00:28:14.325] [Worker-Main-14/INFO] [io.redspace.ironsspellbooks.IronsSpellbooks/]: Got IMC []
[18Jun2026 00:28:14.382] [Worker-Main-14/INFO] [Jade/]: Start loading plugin at snownee.jade.addon.vanilla.VanillaPlugin
[18Jun2026 00:28:14.422] [Worker-Main-14/INFO] [Jade/]: Start loading plugin at snownee.jade.addon.universal.UniversalPlugin
[18Jun2026 00:28:14.429] [Worker-Main-14/INFO] [Jade/]: Start loading plugin at snownee.jade.addon.core.CorePlugin
[18Jun2026 00:28:14.436] [Worker-Main-14/INFO] [Jade/]: Dev environment detected, loading test plugin
[18Jun2026 00:28:14.472] [Render thread/DEBUG] [net.minecraftforge.fml.DeferredWorkQueue/LOADING]: Dispatching synchronous work for work queue COMPLETE: 1 jobs
[18Jun2026 00:28:14.473] [Render thread/INFO] [Configured/]: Successfully loaded config provider: com.mrcrayfish.configured.impl.forge.ForgeConfigProvider
[18Jun2026 00:28:14.474] [Render thread/INFO] [Configured/]: Successfully loaded config provider: com.mrcrayfish.configured.impl.framework.FrameworkConfigProvider
[18Jun2026 00:28:14.474] [Render thread/INFO] [Configured/]: Successfully loaded config provider: com.mrcrayfish.configured.impl.jei.JeiConfigProvider
[18Jun2026 00:28:14.474] [Render thread/INFO] [Configured/]: Creating config GUI factories...
[18Jun2026 00:28:14.479] [Render thread/INFO] [Configured/]: Registering config factory for mod irons_spellbooks. Found 2 config(s)
[18Jun2026 00:28:14.480] [Render thread/INFO] [Configured/]: Registering config factory for mod moonlight. Found 2 config(s)
[18Jun2026 00:28:14.481] [Render thread/INFO] [Configured/]: Registering config factory for mod jei. Found 5 config(s)
[18Jun2026 00:28:14.481] [Render thread/INFO] [Configured/]: Registering config factory for mod forge. Found 2 config(s)
[18Jun2026 00:28:14.481] [Render thread/INFO] [Configured/]: Registering config factory for mod dummmmmmy. Found 2 config(s)
[18Jun2026 00:28:14.481] [Render thread/INFO] [Configured/]: Registering config factory for mod curios. Found 2 config(s)
[18Jun2026 00:28:14.481] [Render thread/INFO] [Configured/]: Registering config factory for mod mana_sub_zero. Found 1 config(s)
[18Jun2026 00:28:14.481] [Render thread/INFO] [Configured/]: Registering config factory for mod mobhealthbar. Found 1 config(s)
[18Jun2026 00:28:14.481] [Render thread/DEBUG] [net.minecraftforge.fml.DeferredWorkQueue/LOADING]: Synchronous work queue completed in 8.932 ms
[18Jun2026 00:28:14.487] [modloading-worker-0/DEBUG] [net.minecraftforge.registries.GameData/REGISTRIES]: Freezing registries
[18Jun2026 00:28:14.489] [modloading-worker-0/DEBUG] [net.minecraftforge.registries.ForgeRegistry/REGISTRIES]: Registry minecraft:block Sync: FROZEN -> ACTIVE
[18Jun2026 00:28:14.494] [modloading-worker-0/DEBUG] [net.minecraftforge.registries.ForgeRegistry/REGISTRIES]: Registry minecraft:fluid Sync: FROZEN -> ACTIVE
[18Jun2026 00:28:14.495] [modloading-worker-0/DEBUG] [net.minecraftforge.registries.ForgeRegistry/REGISTRIES]: Registry minecraft:item Sync: FROZEN -> ACTIVE
[18Jun2026 00:28:14.501] [modloading-worker-0/DEBUG] [net.minecraftforge.registries.ForgeRegistry/REGISTRIES]: Registry minecraft:mob_effect Sync: FROZEN -> ACTIVE
[18Jun2026 00:28:14.502] [modloading-worker-0/DEBUG] [net.minecraftforge.registries.ForgeRegistry/REGISTRIES]: Registry minecraft:sound_event Sync: FROZEN -> ACTIVE
[18Jun2026 00:28:14.506] [modloading-worker-0/DEBUG] [net.minecraftforge.registries.ForgeRegistry/REGISTRIES]: Registry minecraft:potion Sync: FROZEN -> ACTIVE
[18Jun2026 00:28:14.507] [modloading-worker-0/DEBUG] [net.minecraftforge.registries.ForgeRegistry/REGISTRIES]: Registry minecraft:enchantment Sync: FROZEN -> ACTIVE
[18Jun2026 00:28:14.507] [modloading-worker-0/DEBUG] [net.minecraftforge.registries.ForgeRegistry/REGISTRIES]: Registry minecraft:entity_type Sync: FROZEN -> ACTIVE
[18Jun2026 00:28:14.507] [modloading-worker-0/DEBUG] [net.minecraftforge.registries.ForgeRegistry/REGISTRIES]: Registry minecraft:block_entity_type Sync: FROZEN -> ACTIVE
[18Jun2026 00:28:14.508] [modloading-worker-0/DEBUG] [net.minecraftforge.registries.ForgeRegistry/REGISTRIES]: Registry minecraft:particle_type Sync: FROZEN -> ACTIVE
[18Jun2026 00:28:14.508] [modloading-worker-0/DEBUG] [net.minecraftforge.registries.ForgeRegistry/REGISTRIES]: Registry minecraft:menu Sync: FROZEN -> ACTIVE
[18Jun2026 00:28:14.508] [modloading-worker-0/DEBUG] [net.minecraftforge.registries.ForgeRegistry/REGISTRIES]: Registry minecraft:painting_variant Sync: FROZEN -> ACTIVE
[18Jun2026 00:28:14.508] [modloading-worker-0/DEBUG] [net.minecraftforge.registries.ForgeRegistry/REGISTRIES]: Registry minecraft:recipe_type Sync: FROZEN -> ACTIVE
[18Jun2026 00:28:14.508] [modloading-worker-0/DEBUG] [net.minecraftforge.registries.ForgeRegistry/REGISTRIES]: Registry minecraft:recipe_serializer Sync: FROZEN -> ACTIVE
[18Jun2026 00:28:14.509] [modloading-worker-0/DEBUG] [net.minecraftforge.registries.ForgeRegistry/REGISTRIES]: Registry minecraft:attribute Sync: FROZEN -> ACTIVE
[18Jun2026 00:28:14.509] [modloading-worker-0/DEBUG] [net.minecraftforge.registries.ForgeRegistry/REGISTRIES]: Registry minecraft:stat_type Sync: FROZEN -> ACTIVE
[18Jun2026 00:28:14.509] [modloading-worker-0/DEBUG] [net.minecraftforge.registries.ForgeRegistry/REGISTRIES]: Registry minecraft:command_argument_type Sync: FROZEN -> ACTIVE
[18Jun2026 00:28:14.509] [modloading-worker-0/DEBUG] [net.minecraftforge.registries.ForgeRegistry/REGISTRIES]: Registry minecraft:villager_profession Sync: FROZEN -> ACTIVE
[18Jun2026 00:28:14.509] [modloading-worker-0/DEBUG] [net.minecraftforge.registries.ForgeRegistry/REGISTRIES]: Registry minecraft:point_of_interest_type Sync: FROZEN -> ACTIVE
[18Jun2026 00:28:14.510] [modloading-worker-0/DEBUG] [net.minecraftforge.registries.ForgeRegistry/REGISTRIES]: Registry minecraft:memory_module_type Sync: FROZEN -> ACTIVE
[18Jun2026 00:28:14.510] [modloading-worker-0/DEBUG] [net.minecraftforge.registries.ForgeRegistry/REGISTRIES]: Registry minecraft:sensor_type Sync: FROZEN -> ACTIVE
[18Jun2026 00:28:14.511] [modloading-worker-0/DEBUG] [net.minecraftforge.registries.ForgeRegistry/REGISTRIES]: Registry minecraft:schedule Sync: FROZEN -> ACTIVE
[18Jun2026 00:28:14.511] [modloading-worker-0/DEBUG] [net.minecraftforge.registries.ForgeRegistry/REGISTRIES]: Registry minecraft:activity Sync: FROZEN -> ACTIVE
[18Jun2026 00:28:14.511] [modloading-worker-0/DEBUG] [net.minecraftforge.registries.ForgeRegistry/REGISTRIES]: Registry minecraft:worldgen/carver Sync: FROZEN -> ACTIVE
[18Jun2026 00:28:14.511] [modloading-worker-0/DEBUG] [net.minecraftforge.registries.ForgeRegistry/REGISTRIES]: Registry minecraft:worldgen/feature Sync: FROZEN -> ACTIVE
[18Jun2026 00:28:14.511] [modloading-worker-0/DEBUG] [net.minecraftforge.registries.ForgeRegistry/REGISTRIES]: Registry minecraft:chunk_status Sync: FROZEN -> ACTIVE
[18Jun2026 00:28:14.511] [modloading-worker-0/DEBUG] [net.minecraftforge.registries.ForgeRegistry/REGISTRIES]: Registry minecraft:worldgen/block_state_provider_type Sync: FROZEN -> ACTIVE
[18Jun2026 00:28:14.511] [modloading-worker-0/DEBUG] [net.minecraftforge.registries.ForgeRegistry/REGISTRIES]: Registry minecraft:worldgen/foliage_placer_type Sync: FROZEN -> ACTIVE
[18Jun2026 00:28:14.511] [modloading-worker-0/DEBUG] [net.minecraftforge.registries.ForgeRegistry/REGISTRIES]: Registry minecraft:worldgen/tree_decorator_type Sync: FROZEN -> ACTIVE
[18Jun2026 00:28:14.511] [modloading-worker-0/DEBUG] [net.minecraftforge.registries.ForgeRegistry/REGISTRIES]: Registry minecraft:worldgen/biome Sync: FROZEN -> ACTIVE
[18Jun2026 00:28:14.511] [modloading-worker-0/DEBUG] [net.minecraftforge.registries.ForgeRegistry/REGISTRIES]: Registry irons_spellbooks:schools Sync: FROZEN -> ACTIVE
[18Jun2026 00:28:14.511] [modloading-worker-0/DEBUG] [net.minecraftforge.registries.ForgeRegistry/REGISTRIES]: Registry irons_spellbooks:spells Sync: FROZEN -> ACTIVE
[18Jun2026 00:28:14.512] [modloading-worker-0/DEBUG] [net.minecraftforge.registries.ForgeRegistry/REGISTRIES]: Registry forge:entity_data_serializers Sync: FROZEN -> ACTIVE
[18Jun2026 00:28:14.512] [modloading-worker-0/DEBUG] [net.minecraftforge.registries.ForgeRegistry/REGISTRIES]: Registry forge:global_loot_modifier_serializers Sync: FROZEN -> ACTIVE
[18Jun2026 00:28:14.512] [modloading-worker-0/DEBUG] [net.minecraftforge.registries.ForgeRegistry/REGISTRIES]: Registry forge:biome_modifier_serializers Sync: FROZEN -> ACTIVE
[18Jun2026 00:28:14.513] [modloading-worker-0/DEBUG] [net.minecraftforge.registries.ForgeRegistry/REGISTRIES]: Registry forge:fluid_type Sync: FROZEN -> ACTIVE
[18Jun2026 00:28:14.513] [modloading-worker-0/DEBUG] [net.minecraftforge.registries.ForgeRegistry/REGISTRIES]: Registry forge:structure_modifier_serializers Sync: FROZEN -> ACTIVE
[18Jun2026 00:28:14.513] [modloading-worker-0/DEBUG] [net.minecraftforge.registries.ForgeRegistry/REGISTRIES]: Registry forge:holder_set_type Sync: FROZEN -> ACTIVE
[18Jun2026 00:28:14.513] [modloading-worker-0/DEBUG] [net.minecraftforge.registries.ForgeRegistry/REGISTRIES]: Registry forge:display_contexts Sync: FROZEN -> ACTIVE
[18Jun2026 00:28:15.070] [modloading-worker-0/DEBUG] [net.minecraftforge.registries.GameData/REGISTRIES]: All registries frozen
[18Jun2026 00:28:15.119] [Render thread/DEBUG] [net.minecraftforge.common.ForgeI18n/CORE]: Loading I18N data entries: 8831
[18Jun2026 00:28:15.143] [Render thread/WARN] [net.minecraft.client.sounds.SoundEngine/]: Missing sound for event: minecraft:item.goat_horn.play
[18Jun2026 00:28:15.143] [Render thread/WARN] [net.minecraft.client.sounds.SoundEngine/]: Missing sound for event: minecraft:entity.goat.screaming.horn_break
[18Jun2026 00:28:15.144] [Render thread/WARN] [net.minecraft.client.sounds.SoundEngine/]: Missing sound for event: irons_spellbooks:entity.generic.swing_weird
[18Jun2026 00:28:15.607] [Render thread/INFO] [com.mojang.blaze3d.audio.Library/]: OpenAL initialized on device OpenAL Soft on Headphones (Realtek(R) Audio)
[18Jun2026 00:28:15.607] [Render thread/INFO] [net.minecraft.client.sounds.SoundEngine/SOUNDS]: Sound engine started
[18Jun2026 00:28:15.738] [Render thread/INFO] [net.minecraft.client.renderer.texture.TextureAtlas/]: Created: 1024x1024x4 minecraft:textures/atlas/blocks.png-atlas
[18Jun2026 00:28:15.745] [Render thread/INFO] [net.minecraft.client.renderer.texture.TextureAtlas/]: Created: 256x256x4 minecraft:textures/atlas/signs.png-atlas
[18Jun2026 00:28:15.748] [Render thread/INFO] [net.minecraft.client.renderer.texture.TextureAtlas/]: Created: 512x512x4 minecraft:textures/atlas/banner_patterns.png-atlas
[18Jun2026 00:28:15.748] [Render thread/INFO] [net.minecraft.client.renderer.texture.TextureAtlas/]: Created: 512x512x4 minecraft:textures/atlas/shield_patterns.png-atlas
[18Jun2026 00:28:15.749] [Render thread/INFO] [net.minecraft.client.renderer.texture.TextureAtlas/]: Created: 1024x1024x4 minecraft:textures/atlas/armor_trims.png-atlas
[18Jun2026 00:28:15.751] [Render thread/INFO] [net.minecraft.client.renderer.texture.TextureAtlas/]: Created: 256x256x4 minecraft:textures/atlas/chest.png-atlas
[18Jun2026 00:28:15.752] [Render thread/INFO] [net.minecraft.client.renderer.texture.TextureAtlas/]: Created: 128x64x4 minecraft:textures/atlas/decorated_pot.png-atlas
[18Jun2026 00:28:15.752] [Render thread/INFO] [net.minecraft.client.renderer.texture.TextureAtlas/]: Created: 512x256x4 minecraft:textures/atlas/beds.png-atlas
[18Jun2026 00:28:15.753] [Render thread/INFO] [net.minecraft.client.renderer.texture.TextureAtlas/]: Created: 512x256x4 minecraft:textures/atlas/shulker_boxes.png-atlas
[18Jun2026 00:28:15.756] [Render thread/DEBUG] [mixin/]: Mixing PlayerModelMixin from playerAnimator-common.mixins.json into net.minecraft.client.model.PlayerModel
[18Jun2026 00:28:15.756] [Render thread/DEBUG] [mixin/]: playerAnimator-common.mixins.json:PlayerModelMixin: Class version 61 required is higher than the class version supported by the current version of Mixin (JAVA_16 supports class version 60)
[18Jun2026 00:28:15.777] [Render thread/DEBUG] [mixin/]: Mixing SpinAttackEffectLayerMixin from mixins.irons_spellbooks.json into net.minecraft.client.renderer.entity.layers.SpinAttackEffectLayer
[18Jun2026 00:28:15.793] [Render thread/DEBUG] [mixin/]: Mixing ModelPartMixin from playerAnimator-common.mixins.json into net.minecraft.client.model.geom.ModelPart
[18Jun2026 00:28:15.794] [Render thread/DEBUG] [mixin/]: playerAnimator-common.mixins.json:ModelPartMixin: Class version 61 required is higher than the class version supported by the current version of Mixin (JAVA_16 supports class version 60)
[18Jun2026 00:28:15.840] [Render thread/DEBUG] [mixin/]: Mixing PlayerItemInHandLayerMixin from moonlight-common.mixins.json into net.minecraft.client.renderer.entity.layers.PlayerItemInHandLayer
[18Jun2026 00:28:15.872] [Render thread/WARN] [net.minecraft.client.renderer.ShaderInstance/]: Shader rendertype_entity_translucent_emissive could not find sampler named Sampler2 in the specified shader program.
[18Jun2026 00:28:15.897] [Render thread/WARN] [net.minecraft.client.renderer.ShaderInstance/]: Shader moonlight:text_alpha_color could not find sampler named Sampler2 in the specified shader program.
[18Jun2026 00:28:15.897] [Render thread/WARN] [net.minecraft.client.renderer.ShaderInstance/]: Shader moonlight:text_alpha_color could not find uniform named IViewRotMat in the specified shader program.
[18Jun2026 00:28:15.913] [Render thread/INFO] [net.minecraft.client.renderer.texture.TextureAtlas/]: Created: 512x512x0 minecraft:textures/atlas/particles.png-atlas
[18Jun2026 00:28:15.914] [Render thread/INFO] [net.minecraft.client.renderer.texture.TextureAtlas/]: Created: 256x256x0 minecraft:textures/atlas/paintings.png-atlas
[18Jun2026 00:28:15.914] [Render thread/INFO] [net.minecraft.client.renderer.texture.TextureAtlas/]: Created: 256x128x0 minecraft:textures/atlas/mob_effects.png-atlas
[18Jun2026 00:28:15.915] [Render thread/INFO] [net.minecraft.client.renderer.texture.TextureAtlas/]: Created: 256x256x0 moonlight:textures/atlas/map_markers.png-atlas
[18Jun2026 00:28:15.939] [Render thread/INFO] [net.minecraft.client.renderer.texture.TextureAtlas/]: Created: 256x256x0 jei:textures/atlas/gui.png-atlas
[18Jun2026 00:28:15.963] [Render thread/DEBUG] [mixin/]: Mixing ButtonAccessor from moonlight.mixins.json into net.minecraft.client.gui.components.Button
[18Jun2026 00:28:15.979] [Render thread/DEBUG] [mixin/]: Generating mapped inner class net/minecraft/client/gui/screens/TitleScreen$Anonymous$223bfc3a973f40feb3c9e28b4d63480a (originally com/obscuria/obscureapi/mixin/client/MixinTitleScreen$1)
[18Jun2026 00:28:16.188] [Realms Notification Availability checker #1/INFO] [com.mojang.realmsclient.client.RealmsClient/]: Could not authorize you against Realms server: java.lang.RuntimeException: Failed to parse into SignedJWT: 0
[18Jun2026 00:28:17.988] [Render thread/DEBUG] [mixin/]: Mixing StringRenderOutputMixin from jade.mixins.json into net.minecraft.client.gui.Font$StringRenderOutput
[18Jun2026 00:28:17.988] [Render thread/DEBUG] [mixin/]: jade.mixins.json:StringRenderOutputMixin: Class version 61 required is higher than the class version supported by the current version of Mixin (JAVA_16 supports class version 60)
[18Jun2026 00:28:19.829] [Render thread/DEBUG] [mixin/]: Mixing client.AbstractSelectionListMixin from configured.common.mixins.json into net.minecraft.client.gui.components.AbstractSelectionList
[18Jun2026 00:28:19.839] [Render thread/DEBUG] [mixin/]: Mixing client.MixinWorldSelectionList from obscure_api.mixins.json into net.minecraft.client.gui.screens.worldselection.WorldSelectionList$WorldListEntry
[18Jun2026 00:28:21.291] [Render thread/DEBUG] [io.redspace.ironsspellbooks.IronsSpellbooks/]: addPackFinders
[18Jun2026 00:28:21.311] [Render thread/INFO] [net.minecraftforge.registries.GameData/REGISTRIES]: Injecting existing registry data into this CLIENT instance
[18Jun2026 00:28:21.320] [Render thread/DEBUG] [net.minecraftforge.registries.ForgeRegistry/REGISTRIES]: Registry minecraft:block: Fixed minecraft:block id mismatch aquamirae:elodea: 1038 (init) -> 1039 (map).
[18Jun2026 00:28:21.321] [Render thread/DEBUG] [net.minecraftforge.registries.ForgeRegistry/REGISTRIES]: Registry minecraft:block: Fixed minecraft:block id mismatch aquamirae:frozen_chest: 1036 (init) -> 1037 (map).
[18Jun2026 00:28:21.321] [Render thread/DEBUG] [net.minecraftforge.registries.ForgeRegistry/REGISTRIES]: Registry minecraft:block: Fixed minecraft:block id mismatch aquamirae:golden_moth_in_a_jar: 1035 (init) -> 1036 (map).
[18Jun2026 00:28:21.321] [Render thread/DEBUG] [net.minecraftforge.registries.ForgeRegistry/REGISTRIES]: Registry minecraft:block: Fixed minecraft:block id mismatch aquamirae:luminescent_bubble: 1040 (init) -> 1041 (map).
[18Jun2026 00:28:21.321] [Render thread/DEBUG] [net.minecraftforge.registries.ForgeRegistry/REGISTRIES]: Registry minecraft:block: Fixed minecraft:block id mismatch aquamirae:luminescent_lamp: 1037 (init) -> 1038 (map).
[18Jun2026 00:28:21.321] [Render thread/DEBUG] [net.minecraftforge.registries.ForgeRegistry/REGISTRIES]: Registry minecraft:block: Fixed minecraft:block id mismatch aquamirae:oxygelium: 1039 (init) -> 1040 (map).
[18Jun2026 00:28:21.321] [Render thread/DEBUG] [net.minecraftforge.registries.ForgeRegistry/REGISTRIES]: Registry minecraft:block: Fixed minecraft:block id mismatch aquamirae:painting_anglerfish: 1031 (init) -> 1032 (map).
[18Jun2026 00:28:21.321] [Render thread/DEBUG] [net.minecraftforge.registries.ForgeRegistry/REGISTRIES]: Registry minecraft:block: Fixed minecraft:block id mismatch aquamirae:painting_aurora: 1034 (init) -> 1035 (map).
[18Jun2026 00:28:21.321] [Render thread/DEBUG] [net.minecraftforge.registries.ForgeRegistry/REGISTRIES]: Registry minecraft:block: Fixed minecraft:block id mismatch aquamirae:painting_oxygelium: 1032 (init) -> 1033 (map).
[18Jun2026 00:28:21.321] [Render thread/DEBUG] [net.minecraftforge.registries.ForgeRegistry/REGISTRIES]: Registry minecraft:block: Fixed minecraft:block id mismatch aquamirae:painting_tortured_soul: 1033 (init) -> 1034 (map).
[18Jun2026 00:28:21.321] [Render thread/DEBUG] [net.minecraftforge.registries.ForgeRegistry/REGISTRIES]: Registry minecraft:block: Fixed minecraft:block id mismatch aquamirae:wisteria_niveis: 1041 (init) -> 1042 (map).
[18Jun2026 00:28:21.324] [Render thread/DEBUG] [net.minecraftforge.registries.ForgeRegistry/REGISTRIES]: Registry minecraft:entity_type: Fixed minecraft:entity_type id mismatch dummmmmmy:target_dummy: 219 (init) -> 218 (map).
[18Jun2026 00:28:21.325] [Render thread/DEBUG] [net.minecraftforge.registries.ForgeRegistry/REGISTRIES]: Registry minecraft:entity_type: Fixed minecraft:entity_type id mismatch obscure_api:vfx: 218 (init) -> 219 (map).
[18Jun2026 00:28:21.325] [Render thread/DEBUG] [net.minecraftforge.registries.ForgeRegistry/REGISTRIES]: Registry minecraft:item: Fixed minecraft:item id mismatch aquamirae:abyssal_amethyst: 1550 (init) -> 1547 (map).
[18Jun2026 00:28:21.325] [Render thread/DEBUG] [net.minecraftforge.registries.ForgeRegistry/REGISTRIES]: Registry minecraft:item: Fixed minecraft:item id mismatch aquamirae:abyssal_boots: 1522 (init) -> 1519 (map).
[18Jun2026 00:28:21.325] [Render thread/DEBUG] [net.minecraftforge.registries.ForgeRegistry/REGISTRIES]: Registry minecraft:item: Fixed minecraft:item id mismatch aquamirae:abyssal_brigantine: 1520 (init) -> 1517 (map).
[18Jun2026 00:28:21.325] [Render thread/DEBUG] [net.minecraftforge.registries.ForgeRegistry/REGISTRIES]: Registry minecraft:item: Fixed minecraft:item id mismatch aquamirae:abyssal_heaume: 1519 (init) -> 1516 (map).
[18Jun2026 00:28:21.325] [Render thread/DEBUG] [net.minecraftforge.registries.ForgeRegistry/REGISTRIES]: Registry minecraft:item: Fixed minecraft:item id mismatch aquamirae:abyssal_leggings: 1521 (init) -> 1518 (map).
[18Jun2026 00:28:21.325] [Render thread/DEBUG] [net.minecraftforge.registries.ForgeRegistry/REGISTRIES]: Registry minecraft:item: Fixed minecraft:item id mismatch aquamirae:abyssal_scyphoid_spawn_egg: 1542 (init) -> 1539 (map).
[18Jun2026 00:28:21.325] [Render thread/DEBUG] [net.minecraftforge.registries.ForgeRegistry/REGISTRIES]: Registry minecraft:item: Fixed minecraft:item id mismatch aquamirae:abyssal_tiara: 1523 (init) -> 1520 (map).
[18Jun2026 00:28:21.325] [Render thread/DEBUG] [net.minecraftforge.registries.ForgeRegistry/REGISTRIES]: Registry minecraft:item: Fixed minecraft:item id mismatch aquamirae:anglerfish_spawn_egg: 1516 (init) -> 1513 (map).
[18Jun2026 00:28:21.325] [Render thread/DEBUG] [net.minecraftforge.registries.ForgeRegistry/REGISTRIES]: Registry minecraft:item: Fixed minecraft:item id mismatch aquamirae:anglers_fang: 1549 (init) -> 1546 (map).
[18Jun2026 00:28:21.325] [Render thread/DEBUG] [net.minecraftforge.registries.ForgeRegistry/REGISTRIES]: Registry minecraft:item: Fixed minecraft:item id mismatch aquamirae:captain_cornelia_spawn_egg: 1525 (init) -> 1522 (map).
[18Jun2026 00:28:21.325] [Render thread/DEBUG] [net.minecraftforge.registries.ForgeRegistry/REGISTRIES]: Registry minecraft:item: Fixed minecraft:item id mismatch aquamirae:cooked_spinefish: 1560 (init) -> 1557 (map).
[18Jun2026 00:28:21.325] [Render thread/DEBUG] [net.minecraftforge.registries.ForgeRegistry/REGISTRIES]: Registry minecraft:item: Fixed minecraft:item id mismatch aquamirae:coral_lance: 1535 (init) -> 1532 (map).
[18Jun2026 00:28:21.325] [Render thread/DEBUG] [net.minecraftforge.registries.ForgeRegistry/REGISTRIES]: Registry minecraft:item: Fixed minecraft:item id mismatch aquamirae:dagger_of_greed: 1536 (init) -> 1533 (map).
[18Jun2026 00:28:21.325] [Render thread/DEBUG] [net.minecraftforge.registries.ForgeRegistry/REGISTRIES]: Registry minecraft:item: Fixed minecraft:item id mismatch aquamirae:dead_sea_scroll: 1532 (init) -> 1529 (map).
[18Jun2026 00:28:21.325] [Render thread/DEBUG] [net.minecraftforge.registries.ForgeRegistry/REGISTRIES]: Registry minecraft:item: Fixed minecraft:item id mismatch aquamirae:divider: 1517 (init) -> 1514 (map).
[18Jun2026 00:28:21.325] [Render thread/DEBUG] [net.minecraftforge.registries.ForgeRegistry/REGISTRIES]: Registry minecraft:item: Fixed minecraft:item id mismatch aquamirae:eel_spawn_egg: 1539 (init) -> 1536 (map).
[18Jun2026 00:28:21.325] [Render thread/DEBUG] [net.minecraftforge.registries.ForgeRegistry/REGISTRIES]: Registry minecraft:item: Fixed minecraft:item id mismatch aquamirae:elodea: 1571 (init) -> 1568 (map).
[18Jun2026 00:28:21.325] [Render thread/DEBUG] [net.minecraftforge.registries.ForgeRegistry/REGISTRIES]: Registry minecraft:item: Fixed minecraft:item id mismatch aquamirae:esca: 1558 (init) -> 1555 (map).
[18Jun2026 00:28:21.325] [Render thread/DEBUG] [net.minecraftforge.registries.ForgeRegistry/REGISTRIES]: Registry minecraft:item: Fixed minecraft:item id mismatch aquamirae:fin: 1557 (init) -> 1554 (map).
[18Jun2026 00:28:21.325] [Render thread/DEBUG] [net.minecraftforge.registries.ForgeRegistry/REGISTRIES]: Registry minecraft:item: Fixed minecraft:item id mismatch aquamirae:fin_cutter: 1509 (init) -> 1506 (map).
[18Jun2026 00:28:21.325] [Render thread/DEBUG] [net.minecraftforge.registries.ForgeRegistry/REGISTRIES]: Registry minecraft:item: Fixed minecraft:item id mismatch aquamirae:frozen_chest: 1569 (init) -> 1566 (map).
[18Jun2026 00:28:21.325] [Render thread/DEBUG] [net.minecraftforge.registries.ForgeRegistry/REGISTRIES]: Registry minecraft:item: Fixed minecraft:item id mismatch aquamirae:frozen_key: 1538 (init) -> 1535 (map).
[18Jun2026 00:28:21.325] [Render thread/DEBUG] [net.minecraftforge.registries.ForgeRegistry/REGISTRIES]: Registry minecraft:item: Fixed minecraft:item id mismatch aquamirae:golden_moth_in_a_jar: 1572 (init) -> 1569 (map).
[18Jun2026 00:28:21.325] [Render thread/DEBUG] [net.minecraftforge.registries.ForgeRegistry/REGISTRIES]: Registry minecraft:item: Fixed minecraft:item id mismatch aquamirae:golden_moth_spawn_egg: 1507 (init) -> 1504 (map).
[18Jun2026 00:28:21.325] [Render thread/DEBUG] [net.minecraftforge.registries.ForgeRegistry/REGISTRIES]: Registry minecraft:item: Fixed minecraft:item id mismatch aquamirae:jellyfish_jelly: 1561 (init) -> 1558 (map).
[18Jun2026 00:28:21.325] [Render thread/DEBUG] [net.minecraftforge.registries.ForgeRegistry/REGISTRIES]: Registry minecraft:item: Fixed minecraft:item id mismatch aquamirae:luminescent_bubble: 1553 (init) -> 1550 (map).
[18Jun2026 00:28:21.325] [Render thread/DEBUG] [net.minecraftforge.registries.ForgeRegistry/REGISTRIES]: Registry minecraft:item: Fixed minecraft:item id mismatch aquamirae:luminescent_lamp: 1570 (init) -> 1567 (map).
[18Jun2026 00:28:21.325] [Render thread/DEBUG] [net.minecraftforge.registries.ForgeRegistry/REGISTRIES]: Registry minecraft:item: Fixed minecraft:item id mismatch aquamirae:maw_spawn_egg: 1515 (init) -> 1512 (map).
[18Jun2026 00:28:21.325] [Render thread/DEBUG] [net.minecraftforge.registries.ForgeRegistry/REGISTRIES]: Registry minecraft:item: Fixed minecraft:item id mismatch aquamirae:maze_mother_spawn_egg: 1524 (init) -> 1521 (map).
[18Jun2026 00:28:21.325] [Render thread/DEBUG] [net.minecraftforge.registries.ForgeRegistry/REGISTRIES]: Registry minecraft:item: Fixed minecraft:item id mismatch aquamirae:maze_rose: 1544 (init) -> 1541 (map).
[18Jun2026 00:28:21.325] [Render thread/DEBUG] [net.minecraftforge.registries.ForgeRegistry/REGISTRIES]: Registry minecraft:item: Fixed minecraft:item id mismatch aquamirae:music_disc_forsaken_drownage: 1548 (init) -> 1545 (map).
[18Jun2026 00:28:21.325] [Render thread/DEBUG] [net.minecraftforge.registries.ForgeRegistry/REGISTRIES]: Registry minecraft:item: Fixed minecraft:item id mismatch aquamirae:music_disc_horizon: 1547 (init) -> 1544 (map).
[18Jun2026 00:28:21.325] [Render thread/DEBUG] [net.minecraftforge.registries.ForgeRegistry/REGISTRIES]: Registry minecraft:item: Fixed minecraft:item id mismatch aquamirae:oxygelium: 1554 (init) -> 1551 (map).
[18Jun2026 00:28:21.325] [Render thread/DEBUG] [net.minecraftforge.registries.ForgeRegistry/REGISTRIES]: Registry minecraft:item: Fixed minecraft:item id mismatch aquamirae:oxygen_tank: 1552 (init) -> 1549 (map).
[18Jun2026 00:28:21.325] [Render thread/DEBUG] [net.minecraftforge.registries.ForgeRegistry/REGISTRIES]: Registry minecraft:item: Fixed minecraft:item id mismatch aquamirae:painting_anglerfish: 1565 (init) -> 1562 (map).
[18Jun2026 00:28:21.325] [Render thread/DEBUG] [net.minecraftforge.registries.ForgeRegistry/REGISTRIES]: Registry minecraft:item: Fixed minecraft:item id mismatch aquamirae:painting_aurora: 1568 (init) -> 1565 (map).
[18Jun2026 00:28:21.325] [Render thread/DEBUG] [net.minecraftforge.registries.ForgeRegistry/REGISTRIES]: Registry minecraft:item: Fixed minecraft:item id mismatch aquamirae:painting_oxygelium: 1566 (init) -> 1563 (map).
[18Jun2026 00:28:21.325] [Render thread/DEBUG] [net.minecraftforge.registries.ForgeRegistry/REGISTRIES]: Registry minecraft:item: Fixed minecraft:item id mismatch aquamirae:painting_tortured_soul: 1567 (init) -> 1564 (map).
[18Jun2026 00:28:21.325] [Render thread/DEBUG] [net.minecraftforge.registries.ForgeRegistry/REGISTRIES]: Registry minecraft:item: Fixed minecraft:item id mismatch aquamirae:pillagers_patrol_spawn_egg: 1533 (init) -> 1530 (map).
[18Jun2026 00:28:21.325] [Render thread/DEBUG] [net.minecraftforge.registries.ForgeRegistry/REGISTRIES]: Registry minecraft:item: Fixed minecraft:item id mismatch aquamirae:pirate_pouch: 1545 (init) -> 1542 (map).
[18Jun2026 00:28:21.325] [Render thread/DEBUG] [net.minecraftforge.registries.ForgeRegistry/REGISTRIES]: Registry minecraft:item: Fixed minecraft:item id mismatch aquamirae:poisoned_blade: 1527 (init) -> 1524 (map).
[18Jun2026 00:28:21.325] [Render thread/DEBUG] [net.minecraftforge.registries.ForgeRegistry/REGISTRIES]: Registry minecraft:item: Fixed minecraft:item id mismatch aquamirae:poisoned_chakra: 1543 (init) -> 1540 (map).
[18Jun2026 00:28:21.325] [Render thread/DEBUG] [net.minecraftforge.registries.ForgeRegistry/REGISTRIES]: Registry minecraft:item: Fixed minecraft:item id mismatch aquamirae:poseidons_breakfast: 1564 (init) -> 1561 (map).
[18Jun2026 00:28:21.325] [Render thread/DEBUG] [net.minecraftforge.registries.ForgeRegistry/REGISTRIES]: Registry minecraft:item: Fixed minecraft:item id mismatch aquamirae:remnants_saber: 1526 (init) -> 1523 (map).
[18Jun2026 00:28:21.325] [Render thread/DEBUG] [net.minecraftforge.registries.ForgeRegistry/REGISTRIES]: Registry minecraft:item: Fixed minecraft:item id mismatch aquamirae:rune_of_the_storm: 1506 (init) -> 1503 (map).
[18Jun2026 00:28:21.326] [Render thread/DEBUG] [net.minecraftforge.registries.ForgeRegistry/REGISTRIES]: Registry minecraft:item: Fixed minecraft:item id mismatch aquamirae:sea_casserole: 1562 (init) -> 1559 (map).
[18Jun2026 00:28:21.326] [Render thread/DEBUG] [net.minecraftforge.registries.ForgeRegistry/REGISTRIES]: Registry minecraft:item: Fixed minecraft:item id mismatch aquamirae:sea_stew: 1563 (init) -> 1560 (map).
[18Jun2026 00:28:21.326] [Render thread/DEBUG] [net.minecraftforge.registries.ForgeRegistry/REGISTRIES]: Registry minecraft:item: Fixed minecraft:item id mismatch aquamirae:sharp_bones: 1556 (init) -> 1553 (map).
[18Jun2026 00:28:21.326] [Render thread/DEBUG] [net.minecraftforge.registries.ForgeRegistry/REGISTRIES]: Registry minecraft:item: Fixed minecraft:item id mismatch aquamirae:shell_horn: 1537 (init) -> 1534 (map).
[18Jun2026 00:28:21.326] [Render thread/DEBUG] [net.minecraftforge.registries.ForgeRegistry/REGISTRIES]: Registry minecraft:item: Fixed minecraft:item id mismatch aquamirae:ship_graveyard_echo: 1514 (init) -> 1511 (map).
[18Jun2026 00:28:21.326] [Render thread/DEBUG] [net.minecraftforge.registries.ForgeRegistry/REGISTRIES]: Registry minecraft:item: Fixed minecraft:item id mismatch aquamirae:spinefish: 1559 (init) -> 1556 (map).
[18Jun2026 00:28:21.326] [Render thread/DEBUG] [net.minecraftforge.registries.ForgeRegistry/REGISTRIES]: Registry minecraft:item: Fixed minecraft:item id mismatch aquamirae:spinefish_bucket: 1551 (init) -> 1548 (map).
[18Jun2026 00:28:21.326] [Render thread/DEBUG] [net.minecraftforge.registries.ForgeRegistry/REGISTRIES]: Registry minecraft:item: Fixed minecraft:item id mismatch aquamirae:spinefish_spawn_egg: 1541 (init) -> 1538 (map).
[18Jun2026 00:28:21.326] [Render thread/DEBUG] [net.minecraftforge.registries.ForgeRegistry/REGISTRIES]: Registry minecraft:item: Fixed minecraft:item id mismatch aquamirae:sweet_lance: 1540 (init) -> 1537 (map).
[18Jun2026 00:28:21.326] [Render thread/DEBUG] [net.minecraftforge.registries.ForgeRegistry/REGISTRIES]: Registry minecraft:item: Fixed minecraft:item id mismatch aquamirae:terrible_boots: 1513 (init) -> 1510 (map).
[18Jun2026 00:28:21.326] [Render thread/DEBUG] [net.minecraftforge.registries.ForgeRegistry/REGISTRIES]: Registry minecraft:item: Fixed minecraft:item id mismatch aquamirae:terrible_chestplate: 1511 (init) -> 1508 (map).
[18Jun2026 00:28:21.326] [Render thread/DEBUG] [net.minecraftforge.registries.ForgeRegistry/REGISTRIES]: Registry minecraft:item: Fixed minecraft:item id mismatch aquamirae:terrible_helmet: 1510 (init) -> 1507 (map).
[18Jun2026 00:28:21.326] [Render thread/DEBUG] [net.minecraftforge.registries.ForgeRegistry/REGISTRIES]: Registry minecraft:item: Fixed minecraft:item id mismatch aquamirae:terrible_leggings: 1512 (init) -> 1509 (map).
[18Jun2026 00:28:21.326] [Render thread/DEBUG] [net.minecraftforge.registries.ForgeRegistry/REGISTRIES]: Registry minecraft:item: Fixed minecraft:item id mismatch aquamirae:terrible_sword: 1508 (init) -> 1505 (map).
[18Jun2026 00:28:21.326] [Render thread/DEBUG] [net.minecraftforge.registries.ForgeRegistry/REGISTRIES]: Registry minecraft:item: Fixed minecraft:item id mismatch aquamirae:three_bolt_boots: 1531 (init) -> 1528 (map).
[18Jun2026 00:28:21.326] [Render thread/DEBUG] [net.minecraftforge.registries.ForgeRegistry/REGISTRIES]: Registry minecraft:item: Fixed minecraft:item id mismatch aquamirae:three_bolt_helmet: 1528 (init) -> 1525 (map).
[18Jun2026 00:28:21.326] [Render thread/DEBUG] [net.minecraftforge.registries.ForgeRegistry/REGISTRIES]: Registry minecraft:item: Fixed minecraft:item id mismatch aquamirae:three_bolt_leggings: 1530 (init) -> 1527 (map).
[18Jun2026 00:28:21.326] [Render thread/DEBUG] [net.minecraftforge.registries.ForgeRegistry/REGISTRIES]: Registry minecraft:item: Fixed minecraft:item id mismatch aquamirae:three_bolt_suit: 1529 (init) -> 1526 (map).
[18Jun2026 00:28:21.326] [Render thread/DEBUG] [net.minecraftforge.registries.ForgeRegistry/REGISTRIES]: Registry minecraft:item: Fixed minecraft:item id mismatch aquamirae:tortured_soul_spawn_egg: 1534 (init) -> 1531 (map).
[18Jun2026 00:28:21.326] [Render thread/DEBUG] [net.minecraftforge.registries.ForgeRegistry/REGISTRIES]: Registry minecraft:item: Fixed minecraft:item id mismatch aquamirae:treasure_pouch: 1546 (init) -> 1543 (map).
[18Jun2026 00:28:21.326] [Render thread/DEBUG] [net.minecraftforge.registries.ForgeRegistry/REGISTRIES]: Registry minecraft:item: Fixed minecraft:item id mismatch aquamirae:whisper_of_the_abyss: 1518 (init) -> 1515 (map).
[18Jun2026 00:28:21.326] [Render thread/DEBUG] [net.minecraftforge.registries.ForgeRegistry/REGISTRIES]: Registry minecraft:item: Fixed minecraft:item id mismatch aquamirae:wisteria_niveis: 1555 (init) -> 1552 (map).
[18Jun2026 00:28:21.326] [Render thread/DEBUG] [net.minecraftforge.registries.ForgeRegistry/REGISTRIES]: Registry minecraft:item: Fixed minecraft:item id mismatch dummmmmmy:target_dummy: 1497 (init) -> 1495 (map).
[18Jun2026 00:28:21.327] [Render thread/DEBUG] [net.minecraftforge.registries.ForgeRegistry/REGISTRIES]: Registry minecraft:item: Fixed minecraft:item id mismatch mana_sub_zero:abyssal_warlock_boots: 1501 (init) -> 1573 (map).
[18Jun2026 00:28:21.327] [Render thread/DEBUG] [net.minecraftforge.registries.ForgeRegistry/REGISTRIES]: Registry minecraft:item: Fixed minecraft:item id mismatch mana_sub_zero:abyssal_warlock_chestplate: 1499 (init) -> 1571 (map).
[18Jun2026 00:28:21.327] [Render thread/DEBUG] [net.minecraftforge.registries.ForgeRegistry/REGISTRIES]: Registry minecraft:item: Fixed minecraft:item id mismatch mana_sub_zero:abyssal_warlock_helmet: 1498 (init) -> 1570 (map).
[18Jun2026 00:28:21.327] [Render thread/DEBUG] [net.minecraftforge.registries.ForgeRegistry/REGISTRIES]: Registry minecraft:item: Fixed minecraft:item id mismatch mana_sub_zero:abyssal_warlock_leggings: 1500 (init) -> 1572 (map).
[18Jun2026 00:28:21.327] [Render thread/DEBUG] [net.minecraftforge.registries.ForgeRegistry/REGISTRIES]: Registry minecraft:item: Fixed minecraft:item id mismatch mana_sub_zero:terrible_warlock_boots: 1505 (init) -> 1577 (map).
[18Jun2026 00:28:21.327] [Render thread/DEBUG] [net.minecraftforge.registries.ForgeRegistry/REGISTRIES]: Registry minecraft:item: Fixed minecraft:item id mismatch mana_sub_zero:terrible_warlock_chestplate: 1503 (init) -> 1575 (map).
[18Jun2026 00:28:21.327] [Render thread/DEBUG] [net.minecraftforge.registries.ForgeRegistry/REGISTRIES]: Registry minecraft:item: Fixed minecraft:item id mismatch mana_sub_zero:terrible_warlock_helmet: 1502 (init) -> 1574 (map).
[18Jun2026 00:28:21.327] [Render thread/DEBUG] [net.minecraftforge.registries.ForgeRegistry/REGISTRIES]: Registry minecraft:item: Fixed minecraft:item id mismatch mana_sub_zero:terrible_warlock_leggings: 1504 (init) -> 1576 (map).
[18Jun2026 00:28:21.330] [Render thread/DEBUG] [net.minecraftforge.registries.ForgeRegistry/REGISTRIES]: Registry minecraft:item: Fixed minecraft:item id mismatch obscure_api:astral_dust: 1495 (init) -> 1501 (map).
[18Jun2026 00:28:21.330] [Render thread/DEBUG] [net.minecraftforge.registries.ForgeRegistry/REGISTRIES]: Registry minecraft:item: Fixed minecraft:item id mismatch obscure_api:vial_of_knowledge: 1496 (init) -> 1502 (map).
[18Jun2026 00:28:21.344] [Render thread/DEBUG] [net.minecraftforge.registries.ForgeRegistry/REGISTRIES]: Registry minecraft:block Sync: ACTIVE -> STAGING
[18Jun2026 00:28:21.347] [Render thread/DEBUG] [net.minecraftforge.registries.ForgeRegistry/REGISTRIES]: Registry minecraft:fluid Sync: ACTIVE -> STAGING
[18Jun2026 00:28:21.347] [Render thread/DEBUG] [net.minecraftforge.registries.ForgeRegistry/REGISTRIES]: Registry minecraft:item Sync: ACTIVE -> STAGING
[18Jun2026 00:28:21.351] [Render thread/DEBUG] [net.minecraftforge.registries.ForgeRegistry/REGISTRIES]: Registry minecraft:mob_effect Sync: ACTIVE -> STAGING
[18Jun2026 00:28:21.351] [Render thread/DEBUG] [net.minecraftforge.registries.ForgeRegistry/REGISTRIES]: Registry minecraft:sound_event Sync: ACTIVE -> STAGING
[18Jun2026 00:28:21.354] [Render thread/DEBUG] [net.minecraftforge.registries.ForgeRegistry/REGISTRIES]: Registry minecraft:potion Sync: ACTIVE -> STAGING
[18Jun2026 00:28:21.355] [Render thread/DEBUG] [net.minecraftforge.registries.ForgeRegistry/REGISTRIES]: Registry minecraft:enchantment Sync: ACTIVE -> STAGING
[18Jun2026 00:28:21.355] [Render thread/DEBUG] [net.minecraftforge.registries.ForgeRegistry/REGISTRIES]: Registry minecraft:entity_type Sync: ACTIVE -> STAGING
[18Jun2026 00:28:21.355] [Render thread/DEBUG] [net.minecraftforge.registries.ForgeRegistry/REGISTRIES]: Registry minecraft:block_entity_type Sync: ACTIVE -> STAGING
[18Jun2026 00:28:21.355] [Render thread/DEBUG] [net.minecraftforge.registries.ForgeRegistry/REGISTRIES]: Registry minecraft:particle_type Sync: ACTIVE -> STAGING
[18Jun2026 00:28:21.356] [Render thread/DEBUG] [net.minecraftforge.registries.ForgeRegistry/REGISTRIES]: Registry minecraft:menu Sync: ACTIVE -> STAGING
[18Jun2026 00:28:21.356] [Render thread/DEBUG] [net.minecraftforge.registries.ForgeRegistry/REGISTRIES]: Registry minecraft:painting_variant Sync: ACTIVE -> STAGING
[18Jun2026 00:28:21.356] [Render thread/DEBUG] [net.minecraftforge.registries.ForgeRegistry/REGISTRIES]: Registry minecraft:recipe_type Sync: ACTIVE -> STAGING
[18Jun2026 00:28:21.356] [Render thread/DEBUG] [net.minecraftforge.registries.ForgeRegistry/REGISTRIES]: Registry minecraft:recipe_serializer Sync: ACTIVE -> STAGING
[18Jun2026 00:28:21.356] [Render thread/DEBUG] [net.minecraftforge.registries.ForgeRegistry/REGISTRIES]: Registry minecraft:attribute Sync: ACTIVE -> STAGING
[18Jun2026 00:28:21.356] [Render thread/DEBUG] [net.minecraftforge.registries.ForgeRegistry/REGISTRIES]: Registry minecraft:stat_type Sync: ACTIVE -> STAGING
[18Jun2026 00:28:21.356] [Render thread/DEBUG] [net.minecraftforge.registries.ForgeRegistry/REGISTRIES]: Registry minecraft:command_argument_type Sync: ACTIVE -> STAGING
[18Jun2026 00:28:21.356] [Render thread/DEBUG] [net.minecraftforge.registries.ForgeRegistry/REGISTRIES]: Registry minecraft:villager_profession Sync: ACTIVE -> STAGING
[18Jun2026 00:28:21.356] [Render thread/DEBUG] [net.minecraftforge.registries.ForgeRegistry/REGISTRIES]: Registry minecraft:point_of_interest_type Sync: ACTIVE -> STAGING
[18Jun2026 00:28:21.357] [Render thread/DEBUG] [net.minecraftforge.registries.ForgeRegistry/REGISTRIES]: Registry minecraft:memory_module_type Sync: ACTIVE -> STAGING
[18Jun2026 00:28:21.357] [Render thread/DEBUG] [net.minecraftforge.registries.ForgeRegistry/REGISTRIES]: Registry minecraft:sensor_type Sync: ACTIVE -> STAGING
[18Jun2026 00:28:21.357] [Render thread/DEBUG] [net.minecraftforge.registries.ForgeRegistry/REGISTRIES]: Registry minecraft:schedule Sync: ACTIVE -> STAGING
[18Jun2026 00:28:21.357] [Render thread/DEBUG] [net.minecraftforge.registries.ForgeRegistry/REGISTRIES]: Registry minecraft:activity Sync: ACTIVE -> STAGING
[18Jun2026 00:28:21.357] [Render thread/DEBUG] [net.minecraftforge.registries.ForgeRegistry/REGISTRIES]: Registry minecraft:worldgen/carver Sync: ACTIVE -> STAGING
[18Jun2026 00:28:21.357] [Render thread/DEBUG] [net.minecraftforge.registries.ForgeRegistry/REGISTRIES]: Registry minecraft:worldgen/feature Sync: ACTIVE -> STAGING
[18Jun2026 00:28:21.357] [Render thread/DEBUG] [net.minecraftforge.registries.ForgeRegistry/REGISTRIES]: Registry minecraft:chunk_status Sync: ACTIVE -> STAGING
[18Jun2026 00:28:21.357] [Render thread/DEBUG] [net.minecraftforge.registries.ForgeRegistry/REGISTRIES]: Registry minecraft:worldgen/block_state_provider_type Sync: ACTIVE -> STAGING
[18Jun2026 00:28:21.357] [Render thread/DEBUG] [net.minecraftforge.registries.ForgeRegistry/REGISTRIES]: Registry minecraft:worldgen/foliage_placer_type Sync: ACTIVE -> STAGING
[18Jun2026 00:28:21.357] [Render thread/DEBUG] [net.minecraftforge.registries.ForgeRegistry/REGISTRIES]: Registry minecraft:worldgen/tree_decorator_type Sync: ACTIVE -> STAGING
[18Jun2026 00:28:21.357] [Render thread/DEBUG] [net.minecraftforge.registries.ForgeRegistry/REGISTRIES]: Registry minecraft:worldgen/biome Sync: ACTIVE -> STAGING
[18Jun2026 00:28:21.357] [Render thread/DEBUG] [net.minecraftforge.registries.ForgeRegistry/REGISTRIES]: Registry irons_spellbooks:schools Sync: ACTIVE -> STAGING
[18Jun2026 00:28:21.357] [Render thread/DEBUG] [net.minecraftforge.registries.ForgeRegistry/REGISTRIES]: Registry irons_spellbooks:spells Sync: ACTIVE -> STAGING
[18Jun2026 00:28:21.358] [Render thread/DEBUG] [net.minecraftforge.registries.ForgeRegistry/REGISTRIES]: Registry forge:entity_data_serializers Sync: ACTIVE -> STAGING
[18Jun2026 00:28:21.358] [Render thread/DEBUG] [net.minecraftforge.registries.ForgeRegistry/REGISTRIES]: Registry forge:global_loot_modifier_serializers Sync: ACTIVE -> STAGING
[18Jun2026 00:28:21.358] [Render thread/DEBUG] [net.minecraftforge.registries.ForgeRegistry/REGISTRIES]: Registry forge:biome_modifier_serializers Sync: ACTIVE -> STAGING
[18Jun2026 00:28:21.358] [Render thread/DEBUG] [net.minecraftforge.registries.ForgeRegistry/REGISTRIES]: Registry forge:fluid_type Sync: ACTIVE -> STAGING
[18Jun2026 00:28:21.358] [Render thread/DEBUG] [net.minecraftforge.registries.ForgeRegistry/REGISTRIES]: Registry forge:structure_modifier_serializers Sync: ACTIVE -> STAGING
[18Jun2026 00:28:21.358] [Render thread/DEBUG] [net.minecraftforge.registries.ForgeRegistry/REGISTRIES]: Registry forge:holder_set_type Sync: ACTIVE -> STAGING
[18Jun2026 00:28:21.358] [Render thread/DEBUG] [net.minecraftforge.registries.ForgeRegistry/REGISTRIES]: Registry forge:display_contexts Sync: ACTIVE -> STAGING
[18Jun2026 00:28:21.581] [Render thread/DEBUG] [net.minecraftforge.registries.ObjectHolderRegistry/REGISTRIES]: Applying holder lookups
[18Jun2026 00:28:21.585] [Render thread/DEBUG] [net.minecraftforge.registries.ObjectHolderRegistry/REGISTRIES]: Holder lookups applied
[18Jun2026 00:28:21.600] [Render thread/DEBUG] [mixin/]: Mixing WorldLoaderMixin from moonlight-common.mixins.json into net.minecraft.server.WorldLoader
[18Jun2026 00:28:21.617] [Render thread/DEBUG] [net.minecraftforge.server.ServerLifecycleHooks/CORE]: Generating PackInfo named mod:configured for mod file C:\Users\user\.gradle\caches\forge_gradle\deobf_dependencies\curse\maven\configured-457570\5180900_mapped_official_1.20.1\configured-457570-5180900_mapped_official_1.20.1.jar
[18Jun2026 00:28:21.617] [Render thread/DEBUG] [net.minecraftforge.server.ServerLifecycleHooks/CORE]: Generating PackInfo named mod:moonlight for mod file C:\Users\user\.gradle\caches\forge_gradle\deobf_dependencies\curse\maven\selene-499980\7664875_mapped_official_1.20.1\selene-499980-7664875_mapped_official_1.20.1.jar
[18Jun2026 00:28:21.617] [Render thread/DEBUG] [net.minecraftforge.server.ServerLifecycleHooks/CORE]: Generating PackInfo named mod:mixinsquared for mod file 
[18Jun2026 00:28:21.617] [Render thread/DEBUG] [net.minecraftforge.server.ServerLifecycleHooks/CORE]: Generating PackInfo named mod:jade for mod file C:\Users\user\.gradle\caches\forge_gradle\deobf_dependencies\curse\maven\jade-324717\6855440_mapped_official_1.20.1\jade-324717-6855440_mapped_official_1.20.1.jar
[18Jun2026 00:28:21.617] [Render thread/DEBUG] [net.minecraftforge.server.ServerLifecycleHooks/CORE]: Generating PackInfo named mod:geckolib for mod file C:\Users\user\.gradle\caches\forge_gradle\deobf_dependencies\software\bernie\geckolib\geckolib-forge-1.20.1\4.8_mapped_official_1.20.1\geckolib-forge-1.20.1-4.8_mapped_official_1.20.1.jar
[18Jun2026 00:28:21.617] [Render thread/DEBUG] [net.minecraftforge.server.ServerLifecycleHooks/CORE]: Generating PackInfo named mod:playeranimator for mod file C:\Users\user\.gradle\caches\forge_gradle\deobf_dependencies\dev\kosmx\player-anim\player-animation-lib-forge\1.0.2-rc1+1.20_mapped_official_1.20.1\player-animation-lib-forge-1.0.2-rc1+1.20_mapped_official_1.20.1.jar
[18Jun2026 00:28:21.618] [Render thread/DEBUG] [net.minecraftforge.server.ServerLifecycleHooks/CORE]: Generating PackInfo named mod:irons_spellbooks for mod file C:\Users\user\.gradle\caches\forge_gradle\deobf_dependencies\io\redspace\irons_spellbooks\1.20.1-3.15.0_mapped_official_1.20.1\irons_spellbooks-1.20.1-3.15.0_mapped_official_1.20.1.jar
[18Jun2026 00:28:21.618] [Render thread/DEBUG] [net.minecraftforge.server.ServerLifecycleHooks/CORE]: Generating PackInfo named mod:jei for mod file C:\Users\user\.gradle\caches\forge_gradle\deobf_dependencies\curse\maven\jei-238222\7920915_mapped_official_1.20.1\jei-238222-7920915_mapped_official_1.20.1.jar
[18Jun2026 00:28:21.618] [Render thread/DEBUG] [net.minecraftforge.server.ServerLifecycleHooks/CORE]: Generating PackInfo named mod:azurelib for mod file C:\Users\user\.gradle\caches\forge_gradle\deobf_dependencies\curse\maven\azurelib-817423\7922572_mapped_official_1.20.1\azurelib-817423-7922572_mapped_official_1.20.1.jar
[18Jun2026 00:28:21.618] [Render thread/DEBUG] [net.minecraftforge.server.ServerLifecycleHooks/CORE]: Generating PackInfo named mod:cloth_config for mod file C:\Users\user\.gradle\caches\forge_gradle\deobf_dependencies\curse\maven\cloth-config-348521\5729105_mapped_official_1.20.1\cloth-config-348521-5729105_mapped_official_1.20.1.jar
[18Jun2026 00:28:21.618] [Render thread/DEBUG] [net.minecraftforge.server.ServerLifecycleHooks/CORE]: Generating PackInfo named mod:bettercombat for mod file C:\Users\user\.gradle\caches\forge_gradle\deobf_dependencies\curse\maven\better-combat-by-daedelus-639842\5625757_mapped_official_1.20.1\better-combat-by-daedelus-639842-5625757_mapped_official_1.20.1.jar
[18Jun2026 00:28:21.618] [Render thread/DEBUG] [net.minecraftforge.server.ServerLifecycleHooks/CORE]: Generating PackInfo named mod:obscure_api for mod file C:\Users\user\.gradle\caches\forge_gradle\deobf_dependencies\curse\maven\obscure-api-638417\7171906_mapped_official_1.20.1\obscure-api-638417-7171906_mapped_official_1.20.1.jar
[18Jun2026 00:28:21.618] [Render thread/DEBUG] [net.minecraftforge.server.ServerLifecycleHooks/CORE]: Generating PackInfo named mod:forge for mod file /
[18Jun2026 00:28:21.618] [Render thread/DEBUG] [net.minecraftforge.server.ServerLifecycleHooks/CORE]: Generating PackInfo named mod:dummmmmmy for mod file C:\Users\user\.gradle\caches\forge_gradle\deobf_dependencies\curse\maven\mmmmmmmmmmmm-225738\6860192_mapped_official_1.20.1\mmmmmmmmmmmm-225738-6860192_mapped_official_1.20.1.jar
[18Jun2026 00:28:21.618] [Render thread/DEBUG] [net.minecraftforge.server.ServerLifecycleHooks/CORE]: Generating PackInfo named mod:curios for mod file C:\Users\user\.gradle\caches\forge_gradle\deobf_dependencies\top\theillusivec4\curios\curios-forge\5.4.7+1.20.1_mapped_official_1.20.1\curios-forge-5.4.7+1.20.1_mapped_official_1.20.1.jar
[18Jun2026 00:28:21.619] [Render thread/DEBUG] [net.minecraftforge.server.ServerLifecycleHooks/CORE]: Generating PackInfo named mod:mana_sub_zero for mod file C:\Users\user\IdeaProjects\Mana_Sub_Zero\build\resources\main
[18Jun2026 00:28:21.619] [Render thread/DEBUG] [net.minecraftforge.server.ServerLifecycleHooks/CORE]: Generating PackInfo named mod:aquamirae for mod file C:\Users\user\.gradle\caches\forge_gradle\deobf_dependencies\curse\maven\aquamirae-536254\7985699_mapped_official_1.20.1\aquamirae-536254-7985699_mapped_official_1.20.1.jar
[18Jun2026 00:28:21.619] [Render thread/DEBUG] [net.minecraftforge.server.ServerLifecycleHooks/CORE]: Generating PackInfo named mod:mobhealthbar for mod file C:\Users\user\.gradle\caches\forge_gradle\deobf_dependencies\curse\maven\ydms-mobhealthbar-mod-559894\4818965_mapped_official_1.20.1\ydms-mobhealthbar-mod-559894-4818965_mapped_official_1.20.1.jar
[18Jun2026 00:28:21.619] [Render thread/DEBUG] [net.minecraftforge.server.ServerLifecycleHooks/CORE]: Generating PackInfo named mod:placebo for mod file C:\Users\user\.gradle\caches\forge_gradle\deobf_dependencies\curse\maven\placebo-283644\6274231_mapped_official_1.20.1\placebo-283644-6274231_mapped_official_1.20.1.jar
[18Jun2026 00:28:21.625] [Render thread/INFO] [Moonlight/]: Starting runtime resource generation for pack type SERVER_DATA with generators from mods [moonlight, moonlight]: [net.mehvahdjukaar.moonlight.core.Moonlight$MlTestGen@47a5ca1]
[18Jun2026 00:28:21.626] [Render thread/INFO] [Moonlight/]: Generating runtime assets for pack Moonlight Generated Pack (moonlight)
[18Jun2026 00:28:21.639] [Render thread/INFO] [Moonlight/]: Generated runtime SERVER_DATA for pack Moonlight Generated Pack (moonlight) in: 13 ms (debug resource dump on) (multithreaded)
[18Jun2026 00:28:21.639] [Render thread/INFO] [Moonlight/]: Finished runtime resources generation for 2 packs in a total of 13 ms
[18Jun2026 00:28:22.021] [Render thread/DEBUG] [mixin/]: Mixing MixinPrimaryLevelData from obscure_api.mixins.json into net.minecraft.world.level.storage.PrimaryLevelData
[18Jun2026 00:28:22.042] [Render thread/DEBUG] [mixin/]: Mixing LootTablesMixin from placebo.mixins.json into net.minecraft.world.level.storage.loot.LootDataManager
[18Jun2026 00:28:22.042] [Render thread/DEBUG] [mixin/]: Renaming synthetic method lambda$apply$0(Lnet/minecraft/world/level/storage/loot/LootDataId;Lnet/minecraft/world/level/storage/loot/LootTable;)V to md7f25e1$lambda$apply$0$0 in placebo.mixins.json:LootTablesMixin
[18Jun2026 00:28:22.192] [Render thread/DEBUG] [net.minecraftforge.coremod.transformer.CoreModBaseTransformer/COREMOD]: Transforming net/minecraft/server/commands/SummonCommand
[18Jun2026 00:28:22.400] [Worker-Main-10/DEBUG] [mixin/]: Mixing MixinNbtPredicate from curios.mixins.json into net.minecraft.advancements.critereon.NbtPredicate
[18Jun2026 00:28:22.429] [Worker-Main-10/DEBUG] [net.minecraftforge.coremod.transformer.CoreModBaseTransformer/COREMOD]: Transforming net/minecraft/world/entity/raid/Raid
[18Jun2026 00:28:22.521] [Worker-Main-10/ERROR] [net.minecraftforge.common.ForgeHooks/]: Couldn't parse element loot_tables:irons_spellbooks:chests/citadel/citadel_tomes
com.google.gson.JsonSyntaxException: Unknown type 'minecraft:set_written_book_pages'
	at net.minecraft.world.level.storage.loot.GsonAdapterFactory$JsonAdapter.deserialize(GsonAdapterFactory.java:94) ~[forge-1.20.1-47.4.10_mapped_official_1.20.1-recomp.jar%23191!/:?]
	at com.google.gson.internal.bind.TreeTypeAdapter.read(TreeTypeAdapter.java:76) ~[gson-2.10.jar%23134!/:?]
	at com.google.gson.internal.bind.TypeAdapterRuntimeTypeWrapper.read(TypeAdapterRuntimeTypeWrapper.java:40) ~[gson-2.10.jar%23134!/:?]
	at com.google.gson.internal.bind.ArrayTypeAdapter.read(ArrayTypeAdapter.java:72) ~[gson-2.10.jar%23134!/:?]
	at com.google.gson.Gson.fromJson(Gson.java:1214) ~[gson-2.10.jar%23134!/:?]
	at com.google.gson.Gson.fromJson(Gson.java:1319) ~[gson-2.10.jar%23134!/:?]
	at com.google.gson.Gson.fromJson(Gson.java:1290) ~[gson-2.10.jar%23134!/:?]
	at com.google.gson.internal.bind.TreeTypeAdapter$GsonContextImpl.deserialize(TreeTypeAdapter.java:179) ~[gson-2.10.jar%23134!/:?]
	at net.minecraft.util.GsonHelper.convertToObject(GsonHelper.java:383) ~[forge-1.20.1-47.4.10_mapped_official_1.20.1-recomp.jar%23191!/:?]
	at net.minecraft.util.GsonHelper.getAsObject(GsonHelper.java:400) ~[forge-1.20.1-47.4.10_mapped_official_1.20.1-recomp.jar%23191!/:?]
	at net.minecraft.world.level.storage.loot.entries.LootPoolSingletonContainer$Serializer.deserializeCustom(LootPoolSingletonContainer.java:137) ~[forge-1.20.1-47.4.10_mapped_official_1.20.1-recomp.jar%23191!/:?]
	at net.minecraft.world.level.storage.loot.entries.LootPoolSingletonContainer$Serializer.deserializeCustom(LootPoolSingletonContainer.java:118) ~[forge-1.20.1-47.4.10_mapped_official_1.20.1-recomp.jar%23191!/:?]
	at net.minecraft.world.level.storage.loot.entries.LootPoolEntryContainer$Serializer.deserialize(LootPoolEntryContainer.java:83) ~[forge-1.20.1-47.4.10_mapped_official_1.20.1-recomp.jar%23191!/:?]
	at net.minecraft.world.level.storage.loot.entries.LootPoolEntryContainer$Serializer.deserialize(LootPoolEntryContainer.java:72) ~[forge-1.20.1-47.4.10_mapped_official_1.20.1-recomp.jar%23191!/:?]
	at net.minecraft.world.level.storage.loot.GsonAdapterFactory$JsonAdapter.deserialize(GsonAdapterFactory.java:96) ~[forge-1.20.1-47.4.10_mapped_official_1.20.1-recomp.jar%23191!/:?]
	at com.google.gson.internal.bind.TreeTypeAdapter.read(TreeTypeAdapter.java:76) ~[gson-2.10.jar%23134!/:?]
	at com.google.gson.internal.bind.TypeAdapterRuntimeTypeWrapper.read(TypeAdapterRuntimeTypeWrapper.java:40) ~[gson-2.10.jar%23134!/:?]
	at com.google.gson.internal.bind.ArrayTypeAdapter.read(ArrayTypeAdapter.java:72) ~[gson-2.10.jar%23134!/:?]
	at com.google.gson.Gson.fromJson(Gson.java:1214) ~[gson-2.10.jar%23134!/:?]
	at com.google.gson.Gson.fromJson(Gson.java:1319) ~[gson-2.10.jar%23134!/:?]
	at com.google.gson.Gson.fromJson(Gson.java:1290) ~[gson-2.10.jar%23134!/:?]
	at com.google.gson.internal.bind.TreeTypeAdapter$GsonContextImpl.deserialize(TreeTypeAdapter.java:179) ~[gson-2.10.jar%23134!/:?]
	at net.minecraft.util.GsonHelper.convertToObject(GsonHelper.java:383) ~[forge-1.20.1-47.4.10_mapped_official_1.20.1-recomp.jar%23191!/:?]
	at net.minecraft.util.GsonHelper.getAsObject(GsonHelper.java:391) ~[forge-1.20.1-47.4.10_mapped_official_1.20.1-recomp.jar%23191!/:?]
	at net.minecraft.world.level.storage.loot.LootPool$Serializer.deserialize(LootPool.java:192) ~[forge-1.20.1-47.4.10_mapped_official_1.20.1-recomp.jar%23191!/:?]
	at net.minecraft.world.level.storage.loot.LootPool$Serializer.deserialize(LootPool.java:189) ~[forge-1.20.1-47.4.10_mapped_official_1.20.1-recomp.jar%23191!/:?]
	at com.google.gson.internal.bind.TreeTypeAdapter.read(TreeTypeAdapter.java:76) ~[gson-2.10.jar%23134!/:?]
	at com.google.gson.internal.bind.TypeAdapterRuntimeTypeWrapper.read(TypeAdapterRuntimeTypeWrapper.java:40) ~[gson-2.10.jar%23134!/:?]
	at com.google.gson.internal.bind.ArrayTypeAdapter.read(ArrayTypeAdapter.java:72) ~[gson-2.10.jar%23134!/:?]
	at com.google.gson.Gson.fromJson(Gson.java:1214) ~[gson-2.10.jar%23134!/:?]
	at com.google.gson.Gson.fromJson(Gson.java:1319) ~[gson-2.10.jar%23134!/:?]
	at com.google.gson.Gson.fromJson(Gson.java:1290) ~[gson-2.10.jar%23134!/:?]
	at com.google.gson.internal.bind.TreeTypeAdapter$GsonContextImpl.deserialize(TreeTypeAdapter.java:179) ~[gson-2.10.jar%23134!/:?]
	at net.minecraft.util.GsonHelper.convertToObject(GsonHelper.java:383) ~[forge-1.20.1-47.4.10_mapped_official_1.20.1-recomp.jar%23191!/:?]
	at net.minecraft.util.GsonHelper.getAsObject(GsonHelper.java:400) ~[forge-1.20.1-47.4.10_mapped_official_1.20.1-recomp.jar%23191!/:?]
	at net.minecraft.world.level.storage.loot.LootTable$Serializer.deserialize(LootTable.java:294) ~[forge-1.20.1-47.4.10_mapped_official_1.20.1-recomp.jar%23191!/:?]
	at net.minecraft.world.level.storage.loot.LootTable$Serializer.deserialize(LootTable.java:291) ~[forge-1.20.1-47.4.10_mapped_official_1.20.1-recomp.jar%23191!/:?]
	at com.google.gson.internal.bind.TreeTypeAdapter.read(TreeTypeAdapter.java:76) ~[gson-2.10.jar%23134!/:?]
	at com.google.gson.Gson.fromJson(Gson.java:1214) ~[gson-2.10.jar%23134!/:?]
	at com.google.gson.Gson.fromJson(Gson.java:1319) ~[gson-2.10.jar%23134!/:?]
	at com.google.gson.Gson.fromJson(Gson.java:1261) ~[gson-2.10.jar%23134!/:?]
	at net.minecraftforge.common.ForgeHooks.loadLootTable(ForgeHooks.java:874) ~[forge-1.20.1-47.4.10_mapped_official_1.20.1-recomp.jar%23190%23197!/:?]
	at net.minecraftforge.common.ForgeHooks.lambda$getLootTableDeserializer$3(ForgeHooks.java:851) ~[forge-1.20.1-47.4.10_mapped_official_1.20.1-recomp.jar%23190%23197!/:?]
	at net.minecraft.world.level.storage.loot.LootDataType.deserialize(LootDataType.java:45) ~[forge-1.20.1-47.4.10_mapped_official_1.20.1-recomp.jar%23191!/:?]
	at net.minecraft.world.level.storage.loot.LootDataManager.lambda$scheduleElementParse$4(LootDataManager.java:56) ~[forge-1.20.1-47.4.10_mapped_official_1.20.1-recomp.jar%23191!/:?]
	at java.util.HashMap.forEach(HashMap.java:1421) ~[?:?]
	at net.minecraft.world.level.storage.loot.LootDataManager.lambda$scheduleElementParse$5(LootDataManager.java:55) ~[forge-1.20.1-47.4.10_mapped_official_1.20.1-recomp.jar%23191!/:?]
	at java.util.concurrent.CompletableFuture$AsyncRun.run(CompletableFuture.java:1804) ~[?:?]
	at java.util.concurrent.CompletableFuture$AsyncRun.exec(CompletableFuture.java:1796) ~[?:?]
	at java.util.concurrent.ForkJoinTask.doExec(ForkJoinTask.java:373) ~[?:?]
	at java.util.concurrent.ForkJoinPool$WorkQueue.topLevelExec(ForkJoinPool.java:1182) ~[?:?]
	at java.util.concurrent.ForkJoinPool.scan(ForkJoinPool.java:1655) ~[?:?]
	at java.util.concurrent.ForkJoinPool.runWorker(ForkJoinPool.java:1622) ~[?:?]
	at java.util.concurrent.ForkJoinWorkerThread.run(ForkJoinWorkerThread.java:165) ~[?:?]
[18Jun2026 00:28:22.533] [Worker-Main-10/ERROR] [net.minecraftforge.common.ForgeHooks/]: Couldn't parse element loot_tables:irons_spellbooks:chests/trial_chambers/additional_ominous_vault_loot
com.google.gson.JsonSyntaxException: Expected name to be an item, was unknown string 'irons_spellbooks:expulsion_ring'
	at net.minecraft.util.GsonHelper.lambda$convertToItem$0(GsonHelper.java:116) ~[forge-1.20.1-47.4.10_mapped_official_1.20.1-recomp.jar%23191!/:?]
	at java.util.Optional.orElseThrow(Optional.java:403) ~[?:?]
	at net.minecraft.util.GsonHelper.convertToItem(GsonHelper.java:115) ~[forge-1.20.1-47.4.10_mapped_official_1.20.1-recomp.jar%23191!/:?]
	at net.minecraft.util.GsonHelper.getAsItem(GsonHelper.java:125) ~[forge-1.20.1-47.4.10_mapped_official_1.20.1-recomp.jar%23191!/:?]
	at net.minecraft.world.level.storage.loot.entries.LootItem$Serializer.deserialize(LootItem.java:51) ~[forge-1.20.1-47.4.10_mapped_official_1.20.1-recomp.jar%23191!/:?]
	at net.minecraft.world.level.storage.loot.entries.LootItem$Serializer.deserialize(LootItem.java:39) ~[forge-1.20.1-47.4.10_mapped_official_1.20.1-recomp.jar%23191!/:?]
	at net.minecraft.world.level.storage.loot.entries.LootPoolSingletonContainer$Serializer.deserializeCustom(LootPoolSingletonContainer.java:138) ~[forge-1.20.1-47.4.10_mapped_official_1.20.1-recomp.jar%23191!/:?]
	at net.minecraft.world.level.storage.loot.entries.LootPoolSingletonContainer$Serializer.deserializeCustom(LootPoolSingletonContainer.java:118) ~[forge-1.20.1-47.4.10_mapped_official_1.20.1-recomp.jar%23191!/:?]
	at net.minecraft.world.level.storage.loot.entries.LootPoolEntryContainer$Serializer.deserialize(LootPoolEntryContainer.java:83) ~[forge-1.20.1-47.4.10_mapped_official_1.20.1-recomp.jar%23191!/:?]
	at net.minecraft.world.level.storage.loot.entries.LootPoolEntryContainer$Serializer.deserialize(LootPoolEntryContainer.java:72) ~[forge-1.20.1-47.4.10_mapped_official_1.20.1-recomp.jar%23191!/:?]
	at net.minecraft.world.level.storage.loot.GsonAdapterFactory$JsonAdapter.deserialize(GsonAdapterFactory.java:96) ~[forge-1.20.1-47.4.10_mapped_official_1.20.1-recomp.jar%23191!/:?]
	at com.google.gson.internal.bind.TreeTypeAdapter.read(TreeTypeAdapter.java:76) ~[gson-2.10.jar%23134!/:?]
	at com.google.gson.internal.bind.TypeAdapterRuntimeTypeWrapper.read(TypeAdapterRuntimeTypeWrapper.java:40) ~[gson-2.10.jar%23134!/:?]
	at com.google.gson.internal.bind.ArrayTypeAdapter.read(ArrayTypeAdapter.java:72) ~[gson-2.10.jar%23134!/:?]
	at com.google.gson.Gson.fromJson(Gson.java:1214) ~[gson-2.10.jar%23134!/:?]
	at com.google.gson.Gson.fromJson(Gson.java:1319) ~[gson-2.10.jar%23134!/:?]
	at com.google.gson.Gson.fromJson(Gson.java:1290) ~[gson-2.10.jar%23134!/:?]
	at com.google.gson.internal.bind.TreeTypeAdapter$GsonContextImpl.deserialize(TreeTypeAdapter.java:179) ~[gson-2.10.jar%23134!/:?]
	at net.minecraft.util.GsonHelper.convertToObject(GsonHelper.java:383) ~[forge-1.20.1-47.4.10_mapped_official_1.20.1-recomp.jar%23191!/:?]
	at net.minecraft.util.GsonHelper.getAsObject(GsonHelper.java:391) ~[forge-1.20.1-47.4.10_mapped_official_1.20.1-recomp.jar%23191!/:?]
	at net.minecraft.world.level.storage.loot.LootPool$Serializer.deserialize(LootPool.java:192) ~[forge-1.20.1-47.4.10_mapped_official_1.20.1-recomp.jar%23191!/:?]
	at net.minecraft.world.level.storage.loot.LootPool$Serializer.deserialize(LootPool.java:189) ~[forge-1.20.1-47.4.10_mapped_official_1.20.1-recomp.jar%23191!/:?]
	at com.google.gson.internal.bind.TreeTypeAdapter.read(TreeTypeAdapter.java:76) ~[gson-2.10.jar%23134!/:?]
	at com.google.gson.internal.bind.TypeAdapterRuntimeTypeWrapper.read(TypeAdapterRuntimeTypeWrapper.java:40) ~[gson-2.10.jar%23134!/:?]
	at com.google.gson.internal.bind.ArrayTypeAdapter.read(ArrayTypeAdapter.java:72) ~[gson-2.10.jar%23134!/:?]
	at com.google.gson.Gson.fromJson(Gson.java:1214) ~[gson-2.10.jar%23134!/:?]
	at com.google.gson.Gson.fromJson(Gson.java:1319) ~[gson-2.10.jar%23134!/:?]
	at com.google.gson.Gson.fromJson(Gson.java:1290) ~[gson-2.10.jar%23134!/:?]
	at com.google.gson.internal.bind.TreeTypeAdapter$GsonContextImpl.deserialize(TreeTypeAdapter.java:179) ~[gson-2.10.jar%23134!/:?]
	at net.minecraft.util.GsonHelper.convertToObject(GsonHelper.java:383) ~[forge-1.20.1-47.4.10_mapped_official_1.20.1-recomp.jar%23191!/:?]
	at net.minecraft.util.GsonHelper.getAsObject(GsonHelper.java:400) ~[forge-1.20.1-47.4.10_mapped_official_1.20.1-recomp.jar%23191!/:?]
	at net.minecraft.world.level.storage.loot.LootTable$Serializer.deserialize(LootTable.java:294) ~[forge-1.20.1-47.4.10_mapped_official_1.20.1-recomp.jar%23191!/:?]
	at net.minecraft.world.level.storage.loot.LootTable$Serializer.deserialize(LootTable.java:291) ~[forge-1.20.1-47.4.10_mapped_official_1.20.1-recomp.jar%23191!/:?]
	at com.google.gson.internal.bind.TreeTypeAdapter.read(TreeTypeAdapter.java:76) ~[gson-2.10.jar%23134!/:?]
	at com.google.gson.Gson.fromJson(Gson.java:1214) ~[gson-2.10.jar%23134!/:?]
	at com.google.gson.Gson.fromJson(Gson.java:1319) ~[gson-2.10.jar%23134!/:?]
	at com.google.gson.Gson.fromJson(Gson.java:1261) ~[gson-2.10.jar%23134!/:?]
	at net.minecraftforge.common.ForgeHooks.loadLootTable(ForgeHooks.java:874) ~[forge-1.20.1-47.4.10_mapped_official_1.20.1-recomp.jar%23190%23197!/:?]
	at net.minecraftforge.common.ForgeHooks.lambda$getLootTableDeserializer$3(ForgeHooks.java:851) ~[forge-1.20.1-47.4.10_mapped_official_1.20.1-recomp.jar%23190%23197!/:?]
	at net.minecraft.world.level.storage.loot.LootDataType.deserialize(LootDataType.java:45) ~[forge-1.20.1-47.4.10_mapped_official_1.20.1-recomp.jar%23191!/:?]
	at net.minecraft.world.level.storage.loot.LootDataManager.lambda$scheduleElementParse$4(LootDataManager.java:56) ~[forge-1.20.1-47.4.10_mapped_official_1.20.1-recomp.jar%23191!/:?]
	at java.util.HashMap.forEach(HashMap.java:1421) ~[?:?]
	at net.minecraft.world.level.storage.loot.LootDataManager.lambda$scheduleElementParse$5(LootDataManager.java:55) ~[forge-1.20.1-47.4.10_mapped_official_1.20.1-recomp.jar%23191!/:?]
	at java.util.concurrent.CompletableFuture$AsyncRun.run(CompletableFuture.java:1804) ~[?:?]
	at java.util.concurrent.CompletableFuture$AsyncRun.exec(CompletableFuture.java:1796) ~[?:?]
	at java.util.concurrent.ForkJoinTask.doExec(ForkJoinTask.java:373) ~[?:?]
	at java.util.concurrent.ForkJoinPool$WorkQueue.topLevelExec(ForkJoinPool.java:1182) ~[?:?]
	at java.util.concurrent.ForkJoinPool.scan(ForkJoinPool.java:1655) ~[?:?]
	at java.util.concurrent.ForkJoinPool.runWorker(ForkJoinPool.java:1622) ~[?:?]
	at java.util.concurrent.ForkJoinWorkerThread.run(ForkJoinWorkerThread.java:165) ~[?:?]
[18Jun2026 00:28:22.563] [Render thread/WARN] [net.minecraft.world.level.storage.loot.LootDataManager/]: Found loot table element validation problem in {loot_tables:irons_spellbooks:chests/citadel/citadel_bookshelf}.pools[8].entries[0]: Unknown loot table called irons_spellbooks:chests/citadel/citadel_tomes
[18Jun2026 00:28:22.585] [Render thread/DEBUG] [mixin/]: Mixing SmithingRecipeMixin from mixins.irons_spellbooks.json into net.minecraft.world.item.crafting.SmithingTransformRecipe
[18Jun2026 00:28:22.609] [Render thread/ERROR] [net.minecraft.world.item.crafting.RecipeManager/]: Parsing error loading recipe irons_spellbooks:expulsion_ring
com.google.gson.JsonSyntaxException: Unknown item 'minecraft:wind_charge'
	at net.minecraft.world.item.crafting.ShapedRecipe.lambda$itemFromJson$2(ShapedRecipe.java:292) ~[forge-1.20.1-47.4.10_mapped_official_1.20.1-recomp.jar:?]
	at java.util.Optional.orElseThrow(Optional.java:403) ~[?:?]
	at net.minecraft.world.item.crafting.ShapedRecipe.itemFromJson(ShapedRecipe.java:291) ~[forge-1.20.1-47.4.10_mapped_official_1.20.1-recomp.jar:?]
	at net.minecraft.world.item.crafting.Ingredient.valueFromJson(Ingredient.java:219) ~[forge-1.20.1-47.4.10_mapped_official_1.20.1-recomp.jar:?]
	at net.minecraftforge.common.crafting.VanillaIngredientSerializer.parse(VanillaIngredientSerializer.java:27) ~[forge-1.20.1-47.4.10_mapped_official_1.20.1-recomp.jar:?]
	at net.minecraftforge.common.crafting.CraftingHelper.getIngredient(CraftingHelper.java:148) ~[forge-1.20.1-47.4.10_mapped_official_1.20.1-recomp.jar:?]
	at net.minecraft.world.item.crafting.Ingredient.fromJson(Ingredient.java:194) ~[forge-1.20.1-47.4.10_mapped_official_1.20.1-recomp.jar:?]
	at net.minecraft.world.item.crafting.ShapedRecipe.keyFromJson(ShapedRecipe.java:278) ~[forge-1.20.1-47.4.10_mapped_official_1.20.1-recomp.jar:?]
	at net.minecraft.world.item.crafting.ShapedRecipe$Serializer.fromJson(ShapedRecipe.java:306) ~[forge-1.20.1-47.4.10_mapped_official_1.20.1-recomp.jar:?]
	at net.minecraft.world.item.crafting.ShapedRecipe$Serializer.fromJson(ShapedRecipe.java:301) ~[forge-1.20.1-47.4.10_mapped_official_1.20.1-recomp.jar:?]
	at net.minecraftforge.common.extensions.IForgeRecipeSerializer.fromJson(IForgeRecipeSerializer.java:23) ~[forge-1.20.1-47.4.10_mapped_official_1.20.1-recomp.jar:?]
	at net.minecraft.world.item.crafting.RecipeManager.fromJson(RecipeManager.java:171) ~[forge-1.20.1-47.4.10_mapped_official_1.20.1-recomp.jar:?]
	at net.minecraft.world.item.crafting.RecipeManager.apply(RecipeManager.java:67) ~[forge-1.20.1-47.4.10_mapped_official_1.20.1-recomp.jar:?]
	at net.minecraft.world.item.crafting.RecipeManager.apply(RecipeManager.java:34) ~[forge-1.20.1-47.4.10_mapped_official_1.20.1-recomp.jar:?]
	at net.minecraft.server.packs.resources.SimplePreparableReloadListener.lambda$reload$1(SimplePreparableReloadListener.java:12) ~[forge-1.20.1-47.4.10_mapped_official_1.20.1-recomp.jar:?]
	at java.util.concurrent.CompletableFuture$UniAccept.tryFire(CompletableFuture.java:718) ~[?:?]
	at java.util.concurrent.CompletableFuture$Completion.run(CompletableFuture.java:482) ~[?:?]
	at net.minecraft.server.packs.resources.SimpleReloadInstance.lambda$new$3(SimpleReloadInstance.java:65) ~[forge-1.20.1-47.4.10_mapped_official_1.20.1-recomp.jar:?]
	at net.minecraft.util.thread.BlockableEventLoop.doRunTask(BlockableEventLoop.java:143) ~[forge-1.20.1-47.4.10_mapped_official_1.20.1-recomp.jar:?]
	at net.minecraft.util.thread.ReentrantBlockableEventLoop.doRunTask(ReentrantBlockableEventLoop.java:22) ~[forge-1.20.1-47.4.10_mapped_official_1.20.1-recomp.jar:?]
	at net.minecraft.util.thread.BlockableEventLoop.pollTask(BlockableEventLoop.java:116) ~[forge-1.20.1-47.4.10_mapped_official_1.20.1-recomp.jar:?]
	at net.minecraft.util.thread.BlockableEventLoop.managedBlock(BlockableEventLoop.java:126) ~[forge-1.20.1-47.4.10_mapped_official_1.20.1-recomp.jar:?]
	at net.minecraft.client.gui.screens.worldselection.WorldOpenFlows.loadWorldDataBlocking(WorldOpenFlows.java:163) ~[forge-1.20.1-47.4.10_mapped_official_1.20.1-recomp.jar:?]
	at net.minecraft.client.gui.screens.worldselection.WorldOpenFlows.loadWorldStem(WorldOpenFlows.java:113) ~[forge-1.20.1-47.4.10_mapped_official_1.20.1-recomp.jar:?]
	at net.minecraft.client.gui.screens.worldselection.WorldOpenFlows.doLoadLevel(WorldOpenFlows.java:181) ~[forge-1.20.1-47.4.10_mapped_official_1.20.1-recomp.jar:?]
	at net.minecraft.client.gui.screens.worldselection.WorldOpenFlows.doLoadLevel(WorldOpenFlows.java:169) ~[forge-1.20.1-47.4.10_mapped_official_1.20.1-recomp.jar:?]
	at net.minecraft.client.gui.screens.worldselection.WorldOpenFlows.loadLevel(WorldOpenFlows.java:65) ~[forge-1.20.1-47.4.10_mapped_official_1.20.1-recomp.jar:?]
	at net.minecraft.client.gui.screens.worldselection.WorldSelectionList$WorldListEntry.loadWorld(WorldSelectionList.java:575) ~[forge-1.20.1-47.4.10_mapped_official_1.20.1-recomp.jar:?]
	at net.minecraft.client.gui.screens.worldselection.WorldSelectionList$WorldListEntry.joinWorld(WorldSelectionList.java:474) ~[forge-1.20.1-47.4.10_mapped_official_1.20.1-recomp.jar:?]
	at net.minecraft.client.gui.screens.worldselection.WorldSelectionList$WorldListEntry.mouseClicked(WorldSelectionList.java:413) ~[forge-1.20.1-47.4.10_mapped_official_1.20.1-recomp.jar:?]
	at net.minecraft.client.gui.components.AbstractSelectionList.mouseClicked(AbstractSelectionList.java:298) ~[forge-1.20.1-47.4.10_mapped_official_1.20.1-recomp.jar:?]
	at net.minecraft.client.gui.components.events.ContainerEventHandler.mouseClicked(ContainerEventHandler.java:39) ~[forge-1.20.1-47.4.10_mapped_official_1.20.1-recomp.jar:?]
	at net.minecraft.client.MouseHandler.lambda$onPress$0(MouseHandler.java:92) ~[forge-1.20.1-47.4.10_mapped_official_1.20.1-recomp.jar:?]
	at net.minecraft.client.gui.screens.Screen.wrapScreenError(Screen.java:437) ~[forge-1.20.1-47.4.10_mapped_official_1.20.1-recomp.jar:?]
	at net.minecraft.client.MouseHandler.onPress(MouseHandler.java:89) ~[forge-1.20.1-47.4.10_mapped_official_1.20.1-recomp.jar:?]
	at net.minecraft.client.MouseHandler.lambda$setup$4(MouseHandler.java:189) ~[forge-1.20.1-47.4.10_mapped_official_1.20.1-recomp.jar:?]
	at net.minecraft.util.thread.BlockableEventLoop.execute(BlockableEventLoop.java:90) ~[forge-1.20.1-47.4.10_mapped_official_1.20.1-recomp.jar:?]
	at net.minecraft.client.MouseHandler.lambda$setup$5(MouseHandler.java:188) ~[forge-1.20.1-47.4.10_mapped_official_1.20.1-recomp.jar:?]
	at org.lwjgl.glfw.GLFWMouseButtonCallbackI.callback(GLFWMouseButtonCallbackI.java:43) ~[lwjgl-glfw-3.3.1.jar:build 7]
	at org.lwjgl.system.JNI.invokeV(Native Method) ~[lwjgl-3.3.1.jar:build 7]
	at org.lwjgl.glfw.GLFW.glfwWaitEventsTimeout(GLFW.java:3474) ~[lwjgl-glfw-3.3.1.jar:build 7]
	at com.mojang.blaze3d.systems.RenderSystem.limitDisplayFPS(RenderSystem.java:207) ~[forge-1.20.1-47.4.10_mapped_official_1.20.1-recomp.jar:?]
	at net.minecraft.client.Minecraft.runTick(Minecraft.java:1173) ~[forge-1.20.1-47.4.10_mapped_official_1.20.1-recomp.jar:?]
	at net.minecraft.client.Minecraft.run(Minecraft.java:718) ~[forge-1.20.1-47.4.10_mapped_official_1.20.1-recomp.jar:?]
	at net.minecraft.client.main.Main.main(Main.java:218) ~[forge-1.20.1-47.4.10_mapped_official_1.20.1-recomp.jar:?]
	at jdk.internal.reflect.NativeMethodAccessorImpl.invoke0(Native Method) ~[?:?]
	at jdk.internal.reflect.NativeMethodAccessorImpl.invoke(NativeMethodAccessorImpl.java:77) ~[?:?]
	at jdk.internal.reflect.DelegatingMethodAccessorImpl.invoke(DelegatingMethodAccessorImpl.java:43) ~[?:?]
	at java.lang.reflect.Method.invoke(Method.java:569) ~[?:?]
	at net.minecraftforge.fml.loading.targets.CommonLaunchHandler.runTarget(CommonLaunchHandler.java:111) ~[fmlloader-1.20.1-47.4.10.jar:?]
	at net.minecraftforge.fml.loading.targets.CommonLaunchHandler.clientService(CommonLaunchHandler.java:99) ~[fmlloader-1.20.1-47.4.10.jar:?]
	at net.minecraftforge.fml.loading.targets.ForgeClientUserdevLaunchHandler.devService(ForgeClientUserdevLaunchHandler.java:19) ~[fmlloader-1.20.1-47.4.10.jar:?]
	at net.minecraftforge.fml.loading.targets.CommonDevLaunchHandler.lambda$makeService$7(CommonDevLaunchHandler.java:135) ~[fmlloader-1.20.1-47.4.10.jar:?]
	at cpw.mods.modlauncher.LaunchServiceHandlerDecorator.launch(LaunchServiceHandlerDecorator.java:30) ~[modlauncher-10.0.10.jar:?]
	at cpw.mods.modlauncher.LaunchServiceHandler.launch(LaunchServiceHandler.java:53) ~[modlauncher-10.0.10.jar:?]
	at cpw.mods.modlauncher.LaunchServiceHandler.launch(LaunchServiceHandler.java:71) ~[modlauncher-10.0.10.jar:?]
	at cpw.mods.modlauncher.Launcher.run(Launcher.java:108) ~[modlauncher-10.0.10.jar:?]
	at cpw.mods.modlauncher.Launcher.main(Launcher.java:78) ~[modlauncher-10.0.10.jar:?]
	at cpw.mods.modlauncher.BootstrapLaunchConsumer.accept(BootstrapLaunchConsumer.java:26) ~[modlauncher-10.0.10.jar:?]
	at cpw.mods.modlauncher.BootstrapLaunchConsumer.accept(BootstrapLaunchConsumer.java:23) ~[modlauncher-10.0.10.jar:?]
	at cpw.mods.bootstraplauncher.BootstrapLauncher.main(BootstrapLauncher.java:141) ~[bootstraplauncher-1.1.2.jar:?]
[18Jun2026 00:28:22.656] [Render thread/INFO] [net.minecraft.world.item.crafting.RecipeManager/]: Loaded 10 recipes
[18Jun2026 00:28:22.707] [Render thread/INFO] [net.minecraft.advancements.AdvancementList/]: Loaded 1333 advancements
[18Jun2026 00:28:22.710] [Render thread/INFO] [placebo/]: Registered 0 additional recipes.
[18Jun2026 00:28:22.715] [Render thread/INFO] [top.theillusivec4.curios.Curios/]: Loaded 11 curio slots
[18Jun2026 00:28:22.717] [Render thread/INFO] [top.theillusivec4.curios.Curios/]: Loaded 1 curio entities
[18Jun2026 00:28:22.727] [Render thread/INFO] [placebo/]: Registered 0 gear_sets.
[18Jun2026 00:28:22.937] [Render thread/DEBUG] [azurelib/IO]: Reading config azurelib
[18Jun2026 00:28:22.943] [Render thread/DEBUG] [io.redspace.ironsspellbooks.IronsSpellbooks/]: ClientPlayerNetworkEvent onPlayerLogOut
[18Jun2026 00:28:22.954] [Render thread/DEBUG] [net.minecraftforge.common.ForgeHooks/WP]: Gathering id map for writing to world save New World
[18Jun2026 00:28:22.973] [Render thread/DEBUG] [net.minecraftforge.common.ForgeHooks/WP]: ID Map collection complete New World
[18Jun2026 00:28:23.030] [Server thread/INFO] [net.minecraft.client.server.IntegratedServer/]: Starting integrated minecraft server version 1.20.1
[18Jun2026 00:28:23.030] [Server thread/INFO] [net.minecraft.server.MinecraftServer/]: Generating keypair
[18Jun2026 00:28:23.091] [Server thread/DEBUG] [net.minecraftforge.fml.config.ConfigTracker/CONFIG]: Loading configs type SERVER
[18Jun2026 00:28:23.091] [Server thread/DEBUG] [net.minecraftforge.fml.config.ConfigFileTypeHandler/CONFIG]: Built TOML config for .\saves\New World\serverconfig\jei-server.toml
[18Jun2026 00:28:23.092] [Server thread/DEBUG] [net.minecraftforge.fml.config.ConfigFileTypeHandler/CONFIG]: Loaded TOML config file .\saves\New World\serverconfig\jei-server.toml
[18Jun2026 00:28:23.093] [Server thread/DEBUG] [net.minecraftforge.fml.config.ConfigFileTypeHandler/CONFIG]: Watching TOML config file .\saves\New World\serverconfig\jei-server.toml for changes
[18Jun2026 00:28:23.093] [Server thread/DEBUG] [net.minecraftforge.fml.config.ConfigFileTypeHandler/CONFIG]: Built TOML config for .\saves\New World\serverconfig\curios-server.toml
[18Jun2026 00:28:23.093] [Server thread/DEBUG] [net.minecraftforge.fml.config.ConfigFileTypeHandler/CONFIG]: Loaded TOML config file .\saves\New World\serverconfig\curios-server.toml
[18Jun2026 00:28:23.094] [Server thread/DEBUG] [net.minecraftforge.fml.config.ConfigFileTypeHandler/CONFIG]: Watching TOML config file .\saves\New World\serverconfig\curios-server.toml for changes
[18Jun2026 00:28:23.094] [Server thread/DEBUG] [net.minecraftforge.fml.config.ConfigFileTypeHandler/CONFIG]: Built TOML config for .\saves\New World\serverconfig\forge-server.toml
[18Jun2026 00:28:23.095] [Server thread/DEBUG] [net.minecraftforge.fml.config.ConfigFileTypeHandler/CONFIG]: Loaded TOML config file .\saves\New World\serverconfig\forge-server.toml
[18Jun2026 00:28:23.095] [Server thread/DEBUG] [net.minecraftforge.fml.config.ConfigFileTypeHandler/CONFIG]: Watching TOML config file .\saves\New World\serverconfig\forge-server.toml for changes
[18Jun2026 00:28:23.095] [Server thread/DEBUG] [net.minecraftforge.common.ForgeConfig/FORGEMOD]: Loaded forge config file forge-server.toml
[18Jun2026 00:28:23.096] [Server thread/DEBUG] [net.minecraftforge.fml.config.ConfigFileTypeHandler/CONFIG]: Built TOML config for .\saves\New World\serverconfig\irons_spellbooks-server.toml
[18Jun2026 00:28:23.096] [Server thread/DEBUG] [net.minecraftforge.fml.config.ConfigFileTypeHandler/CONFIG]: Loaded TOML config file .\saves\New World\serverconfig\irons_spellbooks-server.toml
[18Jun2026 00:28:23.096] [Server thread/DEBUG] [net.minecraftforge.fml.config.ConfigFileTypeHandler/CONFIG]: Watching TOML config file .\saves\New World\serverconfig\irons_spellbooks-server.toml for changes
[18Jun2026 00:28:23.097] [Server thread/DEBUG] [io.redspace.ironsspellbooks.IronsSpellbooks/]: ServerConfigs load item blacklists:
[18Jun2026 00:28:23.098] [Thread-4/DEBUG] [net.minecraftforge.fml.config.ConfigFileTypeHandler/CONFIG]: Config file forge-server.toml changed, sending notifies
[18Jun2026 00:28:23.098] [Thread-4/DEBUG] [net.minecraftforge.common.ForgeConfig/FORGEMOD]: Forge config just got changed on the file system!
[18Jun2026 00:28:23.144] [Server thread/DEBUG] [net.minecraftforge.coremod.transformer.CoreModBaseTransformer/COREMOD]: Transforming net/minecraft/world/level/levelgen/PhantomSpawner
[18Jun2026 00:28:23.148] [Server thread/DEBUG] [net.minecraftforge.coremod.transformer.CoreModBaseTransformer/COREMOD]: Transforming net/minecraft/world/level/levelgen/PatrolSpawner
[18Jun2026 00:28:23.150] [Server thread/DEBUG] [net.minecraftforge.coremod.transformer.CoreModBaseTransformer/COREMOD]: Transforming net/minecraft/world/entity/npc/CatSpawner
[18Jun2026 00:28:23.153] [Server thread/DEBUG] [net.minecraftforge.coremod.transformer.CoreModBaseTransformer/COREMOD]: Transforming net/minecraft/world/entity/ai/village/VillageSiege
[18Jun2026 00:28:23.168] [Server thread/DEBUG] [mixin/]: Mixing MapDataMixin from moonlight-common.mixins.json into net.minecraft.world.level.saveddata.maps.MapItemSavedData
[18Jun2026 00:28:23.169] [Server thread/DEBUG] [mixin/]: Renaming synthetic method lambda$save$3(Lnet/minecraft/nbt/CompoundTag;Lnet/minecraft/resources/ResourceLocation;Lnet/mehvahdjukaar/moonlight/api/map/CustomMapData;)V to md7f25e1$lambda$save$3$0 in moonlight-common.mixins.json:MapDataMixin
[18Jun2026 00:28:23.169] [Server thread/DEBUG] [mixin/]: Renaming synthetic method lambda$load$2(Lnet/minecraft/nbt/CompoundTag;Lnet/mehvahdjukaar/moonlight/api/map/CustomMapData;)V to md7f25e1$lambda$load$2$1 in moonlight-common.mixins.json:MapDataMixin
[18Jun2026 00:28:23.169] [Server thread/DEBUG] [mixin/]: Renaming synthetic method lambda$setCustomDataDirty$1(Lnet/mehvahdjukaar/moonlight/api/map/CustomMapData$Type;Ljava/util/function/Consumer;Lnet/minecraft/world/level/saveddata/maps/MapItemSavedData$HoldingPlayer;)V to md7f25e1$lambda$setCustomDataDirty$1$2 in moonlight-common.mixins.json:MapDataMixin
[18Jun2026 00:28:23.169] [Server thread/DEBUG] [mixin/]: Renaming synthetic method lambda$setCustomDecorationsDirty$0(Lnet/minecraft/world/level/saveddata/maps/MapItemSavedData$HoldingPlayer;)V to md7f25e1$lambda$setCustomDecorationsDirty$0$3 in moonlight-common.mixins.json:MapDataMixin
[18Jun2026 00:28:23.364] [Server thread/INFO] [net.minecraft.server.MinecraftServer/]: Preparing start region for dimension minecraft:overworld
[18Jun2026 00:28:24.643] [Render thread/INFO] [net.minecraft.server.level.progress.LoggerChunkProgressListener/]: Preparing spawn area: 0%
[18Jun2026 00:28:24.643] [Render thread/INFO] [net.minecraft.server.level.progress.LoggerChunkProgressListener/]: Preparing spawn area: 0%
[18Jun2026 00:28:24.643] [Render thread/INFO] [net.minecraft.server.level.progress.LoggerChunkProgressListener/]: Preparing spawn area: 0%
[18Jun2026 00:28:24.817] [Server thread/DEBUG] [mixin/]: Mixing accessor.BrainAccessor from moonlight-common.mixins.json into net.minecraft.world.entity.ai.Brain
[18Jun2026 00:28:24.893] [Render thread/INFO] [net.minecraft.server.level.progress.LoggerChunkProgressListener/]: Preparing spawn area: 23%
[18Jun2026 00:28:25.112] [Server thread/INFO] [net.minecraftforge.server.permission.PermissionAPI/]: Successfully initialized permission handler forge:default_handler
[18Jun2026 00:28:25.128] [Render thread/INFO] [net.minecraft.server.level.progress.LoggerChunkProgressListener/]: Time elapsed: 1744 ms
[18Jun2026 00:28:25.141] [Server thread/INFO] [net.bettercombat.logic.WeaponRegistry/]: Encoded Weapon Attribute registry size (with package overhead): 28971 bytes (in 3 string chunks with the size of 10000)
[18Jun2026 00:28:25.200] [Server thread/DEBUG] [net.minecraftforge.coremod.transformer.CoreModBaseTransformer/COREMOD]: Transforming net/minecraft/world/level/NaturalSpawner
[18Jun2026 00:28:25.234] [Server thread/INFO] [net.minecraft.client.server.IntegratedServer/]: Changing view distance to 12, from 10
[18Jun2026 00:28:25.235] [Server thread/INFO] [net.minecraft.client.server.IntegratedServer/]: Changing simulation distance to 12, from 0
[18Jun2026 00:28:25.250] [Render thread/DEBUG] [io.netty.channel.MultithreadEventLoopGroup/]: -Dio.netty.eventLoopThreads: 32
[18Jun2026 00:28:25.268] [Render thread/DEBUG] [io.netty.channel.nio.NioEventLoop/]: -Dio.netty.noKeySetOptimization: false
[18Jun2026 00:28:25.268] [Render thread/DEBUG] [io.netty.channel.nio.NioEventLoop/]: -Dio.netty.selectorAutoRebuildThreshold: 512
[18Jun2026 00:28:25.275] [Render thread/DEBUG] [io.netty.util.internal.PlatformDependent/]: org.jctools-core.MpscChunkedArrayQueue: available
[18Jun2026 00:28:25.317] [Render thread/DEBUG] [io.netty.channel.DefaultChannelId/]: -Dio.netty.processId: 24216 (auto-detected)
[18Jun2026 00:28:25.318] [Render thread/WARN] [io.netty.util.internal.SystemPropertyUtil/]: Unable to parse the boolean system property 'java.net.preferIPv6Addresses':system - using the default value: false
[18Jun2026 00:28:25.318] [Render thread/DEBUG] [io.netty.util.NetUtil/]: -Djava.net.preferIPv4Stack: false
[18Jun2026 00:28:25.318] [Render thread/DEBUG] [io.netty.util.NetUtil/]: -Djava.net.preferIPv6Addresses: false
[18Jun2026 00:28:25.332] [Render thread/DEBUG] [io.netty.util.NetUtilInitializations/]: Loopback interface: lo (Software Loopback Interface 1, 127.0.0.1)
[18Jun2026 00:28:25.333] [Render thread/DEBUG] [io.netty.util.NetUtil/]: Failed to get SOMAXCONN from sysctl and file \proc\sys\net\core\somaxconn. Default: 200
[18Jun2026 00:28:25.361] [Render thread/DEBUG] [io.netty.channel.DefaultChannelId/]: -Dio.netty.machineId: 9c:67:d6:ff:fe:fd:d5:ea (auto-detected)
[18Jun2026 00:28:25.375] [Render thread/DEBUG] [io.netty.buffer.PooledByteBufAllocator/]: -Dio.netty.allocator.numHeapArenas: 32
[18Jun2026 00:28:25.375] [Render thread/DEBUG] [io.netty.buffer.PooledByteBufAllocator/]: -Dio.netty.allocator.numDirectArenas: 32
[18Jun2026 00:28:25.375] [Render thread/DEBUG] [io.netty.buffer.PooledByteBufAllocator/]: -Dio.netty.allocator.pageSize: 8192
[18Jun2026 00:28:25.375] [Render thread/DEBUG] [io.netty.buffer.PooledByteBufAllocator/]: -Dio.netty.allocator.maxOrder: 9
[18Jun2026 00:28:25.375] [Render thread/DEBUG] [io.netty.buffer.PooledByteBufAllocator/]: -Dio.netty.allocator.chunkSize: 4194304
[18Jun2026 00:28:25.375] [Render thread/DEBUG] [io.netty.buffer.PooledByteBufAllocator/]: -Dio.netty.allocator.smallCacheSize: 256
[18Jun2026 00:28:25.377] [Render thread/DEBUG] [io.netty.buffer.PooledByteBufAllocator/]: -Dio.netty.allocator.normalCacheSize: 64
[18Jun2026 00:28:25.377] [Render thread/DEBUG] [io.netty.buffer.PooledByteBufAllocator/]: -Dio.netty.allocator.maxCachedBufferCapacity: 32768
[18Jun2026 00:28:25.377] [Render thread/DEBUG] [io.netty.buffer.PooledByteBufAllocator/]: -Dio.netty.allocator.cacheTrimInterval: 8192
[18Jun2026 00:28:25.377] [Render thread/DEBUG] [io.netty.buffer.PooledByteBufAllocator/]: -Dio.netty.allocator.cacheTrimIntervalMillis: 0
[18Jun2026 00:28:25.377] [Render thread/DEBUG] [io.netty.buffer.PooledByteBufAllocator/]: -Dio.netty.allocator.useCacheForAllThreads: false
[18Jun2026 00:28:25.377] [Render thread/DEBUG] [io.netty.buffer.PooledByteBufAllocator/]: -Dio.netty.allocator.maxCachedByteBuffersPerChunk: 1023
[18Jun2026 00:28:25.386] [Render thread/DEBUG] [io.netty.buffer.ByteBufUtil/]: -Dio.netty.allocator.type: pooled
[18Jun2026 00:28:25.386] [Render thread/DEBUG] [io.netty.buffer.ByteBufUtil/]: -Dio.netty.threadLocalDirectBufferSize: 0
[18Jun2026 00:28:25.386] [Render thread/DEBUG] [io.netty.buffer.ByteBufUtil/]: -Dio.netty.maxThreadLocalCharBufferSize: 16384
[18Jun2026 00:28:25.412] [Netty Local Client IO #0/DEBUG] [net.minecraftforge.network.HandshakeHandler/FMLHANDSHAKE]: Starting local connection.
[18Jun2026 00:28:25.427] [Netty Local Client IO #0/DEBUG] [mixin/]: Mixing MapItemDataPacketMixin from moonlight-common.mixins.json into net.minecraft.network.protocol.game.ClientboundMapItemDataPacket
[18Jun2026 00:28:25.427] [Netty Local Client IO #0/DEBUG] [mixin/]: Renaming synthetic method lambda$moonlight$sendCustomDecorations$1(I)[Lnet/mehvahdjukaar/moonlight/api/map/CustomMapDecoration; to md7f25e1$lambda$moonlight$sendCustomDecorations$1$0 in moonlight-common.mixins.json:MapItemDataPacketMixin
[18Jun2026 00:28:25.427] [Netty Local Client IO #0/DEBUG] [mixin/]: Renaming synthetic method lambda$moonlight$sendCustomDecorations$0(Lnet/minecraft/network/FriendlyByteBuf;Lnet/mehvahdjukaar/moonlight/api/map/CustomMapDecoration;)Lnet/mehvahdjukaar/moonlight/api/map/CustomMapDecoration; to md7f25e1$lambda$moonlight$sendCustomDecorations$0$1 in moonlight-common.mixins.json:MapItemDataPacketMixin
[18Jun2026 00:28:25.518] [Netty Local Client IO #0/DEBUG] [io.netty.util.Recycler/]: -Dio.netty.recycler.maxCapacityPerThread: 4096
[18Jun2026 00:28:25.518] [Netty Local Client IO #0/DEBUG] [io.netty.util.Recycler/]: -Dio.netty.recycler.ratio: 8
[18Jun2026 00:28:25.518] [Netty Local Client IO #0/DEBUG] [io.netty.util.Recycler/]: -Dio.netty.recycler.chunkSize: 32
[18Jun2026 00:28:25.518] [Netty Local Client IO #0/DEBUG] [io.netty.util.Recycler/]: -Dio.netty.recycler.blocking: false
[18Jun2026 00:28:25.525] [Netty Server IO #1/DEBUG] [net.minecraftforge.network.HandshakeHandler/FMLHANDSHAKE]: Starting local connection.
[18Jun2026 00:28:25.557] [Server thread/DEBUG] [net.minecraftforge.network.HandshakeHandler/FMLHANDSHAKE]: Sending ticking packet info 'net.minecraftforge.network.HandshakeMessages$S2CModData' to 'fml:handshake' sequence 0
[18Jun2026 00:28:25.564] [Netty Local Client IO #0/DEBUG] [net.minecraftforge.network.LoginWrapper/FMLHANDSHAKE]: Recieved login wrapper packet event for channel fml:handshake with index 0
[18Jun2026 00:28:25.601] [Server thread/DEBUG] [net.minecraftforge.network.HandshakeHandler/FMLHANDSHAKE]: Sending ticking packet info 'net.minecraftforge.network.HandshakeMessages$S2CModList' to 'fml:handshake' sequence 1
[18Jun2026 00:28:25.602] [Netty Local Client IO #0/DEBUG] [net.minecraftforge.network.LoginWrapper/FMLHANDSHAKE]: Recieved login wrapper packet event for channel fml:handshake with index 1
[18Jun2026 00:28:25.603] [Netty Local Client IO #0/DEBUG] [net.minecraftforge.network.HandshakeHandler/FMLHANDSHAKE]: Logging into server with mod list [configured, minecraft, moonlight, mixinsquared, jade, geckolib, playeranimator, irons_spellbooks, jei, azurelib, cloth_config, bettercombat, obscure_api, forge, dummmmmmy, curios, mana_sub_zero, aquamirae, mobhealthbar, placebo]
[18Jun2026 00:28:25.603] [Netty Local Client IO #0/DEBUG] [net.minecraftforge.network.NetworkRegistry/NETREGISTRY]: Channel 'irons_spellbooks:messages' : Version test of '1.0' from server : ACCEPTED
[18Jun2026 00:28:25.603] [Netty Local Client IO #0/DEBUG] [net.minecraftforge.network.NetworkRegistry/NETREGISTRY]: Channel 'fml:loginwrapper' : Version test of 'FML3' from server : ACCEPTED
[18Jun2026 00:28:25.603] [Netty Local Client IO #0/DEBUG] [net.minecraftforge.network.NetworkRegistry/NETREGISTRY]: Channel 'forge:tier_sorting' : Version test of '1.0' from server : ACCEPTED
[18Jun2026 00:28:25.603] [Netty Local Client IO #0/DEBUG] [net.minecraftforge.network.NetworkRegistry/NETREGISTRY]: Channel 'configured:play' : Version test of '1' from server : ACCEPTED
[18Jun2026 00:28:25.603] [Netty Local Client IO #0/DEBUG] [net.minecraftforge.network.NetworkRegistry/NETREGISTRY]: Channel 'aquamirae:main' : Version test of '1' from server : ACCEPTED
[18Jun2026 00:28:25.603] [Netty Local Client IO #0/DEBUG] [net.minecraftforge.network.NetworkRegistry/NETREGISTRY]: Channel 'bettercombat:network' : Version test of '1.0' from server : ACCEPTED
[18Jun2026 00:28:25.604] [Netty Local Client IO #0/DEBUG] [net.minecraftforge.network.NetworkRegistry/NETREGISTRY]: Channel 'dummmmmmy:channel' : Version test of '1' from server : ACCEPTED
[18Jun2026 00:28:25.604] [Netty Local Client IO #0/DEBUG] [net.minecraftforge.network.NetworkRegistry/NETREGISTRY]: Channel 'jei:channel' : Version test of '1.0.0' from server : ACCEPTED
[18Jun2026 00:28:25.604] [Netty Local Client IO #0/DEBUG] [net.minecraftforge.network.NetworkRegistry/NETREGISTRY]: Channel 'minecraft:unregister' : Version test of 'FML3' from server : ACCEPTED
[18Jun2026 00:28:25.604] [Netty Local Client IO #0/DEBUG] [net.minecraftforge.network.NetworkRegistry/NETREGISTRY]: Channel 'fml:play' : Version test of 'FML3' from server : ACCEPTED
[18Jun2026 00:28:25.604] [Netty Local Client IO #0/DEBUG] [net.minecraftforge.network.NetworkRegistry/NETREGISTRY]: Channel 'obscure_api:obscure_api' : Version test of '1' from server : ACCEPTED
[18Jun2026 00:28:25.604] [Netty Local Client IO #0/DEBUG] [net.minecraftforge.network.NetworkRegistry/NETREGISTRY]: Channel 'azurelib:main' : Version test of '1' from server : ACCEPTED
[18Jun2026 00:28:25.604] [Netty Local Client IO #0/DEBUG] [net.minecraftforge.network.NetworkRegistry/NETREGISTRY]: Channel 'azurelib:network_channel' : Version test of '2.0.0' from server : ACCEPTED
[18Jun2026 00:28:25.604] [Netty Local Client IO #0/DEBUG] [net.minecraftforge.network.NetworkRegistry/NETREGISTRY]: Channel 'fml:handshake' : Version test of 'FML3' from server : ACCEPTED
[18Jun2026 00:28:25.604] [Netty Local Client IO #0/DEBUG] [net.minecraftforge.network.NetworkRegistry/NETREGISTRY]: Channel 'curios:main' : Version test of '1' from server : ACCEPTED
[18Jun2026 00:28:25.604] [Netty Local Client IO #0/DEBUG] [net.minecraftforge.network.NetworkRegistry/NETREGISTRY]: Channel 'placebo:placebo' : Version test of '1.0.0' from server : ACCEPTED
[18Jun2026 00:28:25.604] [Netty Local Client IO #0/DEBUG] [net.minecraftforge.network.NetworkRegistry/NETREGISTRY]: Channel 'minecraft:register' : Version test of 'FML3' from server : ACCEPTED
[18Jun2026 00:28:25.604] [Netty Local Client IO #0/DEBUG] [net.minecraftforge.network.NetworkRegistry/NETREGISTRY]: Channel 'forge:split' : Version test of '1.1' from server : ACCEPTED
[18Jun2026 00:28:25.604] [Netty Local Client IO #0/DEBUG] [net.minecraftforge.network.NetworkRegistry/NETREGISTRY]: Channel 'geckolib:main' : Version test of '1' from server : ACCEPTED
[18Jun2026 00:28:25.604] [Netty Local Client IO #0/DEBUG] [net.minecraftforge.network.NetworkRegistry/NETREGISTRY]: Channel 'jade:networking' : Version test of '2' from server : ACCEPTED
[18Jun2026 00:28:25.604] [Netty Local Client IO #0/DEBUG] [net.minecraftforge.network.NetworkRegistry/NETREGISTRY]: Channel 'moonlight:channel' : Version test of '0' from server : ACCEPTED
[18Jun2026 00:28:25.604] [Netty Local Client IO #0/DEBUG] [net.minecraftforge.network.NetworkRegistry/NETREGISTRY]: Accepting channel list from server
[18Jun2026 00:28:25.605] [Netty Local Client IO #0/DEBUG] [net.minecraftforge.network.LoginWrapper/FMLHANDSHAKE]: Dispatching wrapped packet reply for channel fml:handshake with index 1
[18Jun2026 00:28:25.605] [Netty Local Client IO #0/DEBUG] [net.minecraftforge.network.HandshakeHandler/FMLHANDSHAKE]: Accepted server connection
[18Jun2026 00:28:25.605] [Netty Server IO #1/DEBUG] [net.minecraftforge.network.LoginWrapper/FMLHANDSHAKE]: Recieved login wrapper packet event for channel fml:handshake with index 1
[18Jun2026 00:28:25.606] [Netty Local Client IO #0/DEBUG] [net.minecraftforge.network.HandshakeHandler/REGISTRIES]: Expecting 21 registries: [minecraft:command_argument_type, minecraft:recipe_serializer, minecraft:sound_event, minecraft:particle_type, irons_spellbooks:schools, minecraft:villager_profession, minecraft:item, minecraft:potion, minecraft:painting_variant, forge:fluid_type, minecraft:block_entity_type, forge:display_contexts, minecraft:block, forge:entity_data_serializers, irons_spellbooks:spells, minecraft:mob_effect, minecraft:stat_type, minecraft:menu, minecraft:enchantment, minecraft:fluid, minecraft:entity_type]
[18Jun2026 00:28:25.606] [Netty Server IO #1/DEBUG] [net.minecraftforge.network.HandshakeHandler/FMLHANDSHAKE]: Received client indexed reply 1 of type net.minecraftforge.network.HandshakeMessages$C2SModListReply
[18Jun2026 00:28:25.606] [Netty Server IO #1/DEBUG] [net.minecraftforge.network.HandshakeHandler/FMLHANDSHAKE]: Received client connection with modlist [configured, minecraft, moonlight, mixinsquared, jade, geckolib, playeranimator, irons_spellbooks, jei, azurelib, cloth_config, bettercombat, obscure_api, forge, dummmmmmy, curios, mana_sub_zero, aquamirae, mobhealthbar, placebo]
[18Jun2026 00:28:25.606] [Netty Server IO #1/DEBUG] [net.minecraftforge.network.NetworkRegistry/NETREGISTRY]: Channel 'irons_spellbooks:messages' : Version test of '1.0' from client : ACCEPTED
[18Jun2026 00:28:25.606] [Netty Server IO #1/DEBUG] [net.minecraftforge.network.NetworkRegistry/NETREGISTRY]: Channel 'fml:loginwrapper' : Version test of 'FML3' from client : ACCEPTED
[18Jun2026 00:28:25.606] [Netty Server IO #1/DEBUG] [net.minecraftforge.network.NetworkRegistry/NETREGISTRY]: Channel 'forge:tier_sorting' : Version test of '1.0' from client : ACCEPTED
[18Jun2026 00:28:25.606] [Netty Server IO #1/DEBUG] [net.minecraftforge.network.NetworkRegistry/NETREGISTRY]: Channel 'configured:play' : Version test of '1' from client : ACCEPTED
[18Jun2026 00:28:25.606] [Netty Server IO #1/DEBUG] [net.minecraftforge.network.NetworkRegistry/NETREGISTRY]: Channel 'aquamirae:main' : Version test of '1' from client : ACCEPTED
[18Jun2026 00:28:25.606] [Netty Server IO #1/DEBUG] [net.minecraftforge.network.NetworkRegistry/NETREGISTRY]: Channel 'bettercombat:network' : Version test of '1.0' from client : ACCEPTED
[18Jun2026 00:28:25.606] [Netty Server IO #1/DEBUG] [net.minecraftforge.network.NetworkRegistry/NETREGISTRY]: Channel 'dummmmmmy:channel' : Version test of '1' from client : ACCEPTED
[18Jun2026 00:28:25.606] [Netty Server IO #1/DEBUG] [net.minecraftforge.network.NetworkRegistry/NETREGISTRY]: Channel 'jei:channel' : Version test of '1.0.0' from client : ACCEPTED
[18Jun2026 00:28:25.606] [Netty Server IO #1/DEBUG] [net.minecraftforge.network.NetworkRegistry/NETREGISTRY]: Channel 'minecraft:unregister' : Version test of 'FML3' from client : ACCEPTED
[18Jun2026 00:28:25.607] [Netty Server IO #1/DEBUG] [net.minecraftforge.network.NetworkRegistry/NETREGISTRY]: Channel 'fml:play' : Version test of 'FML3' from client : ACCEPTED
[18Jun2026 00:28:25.607] [Netty Server IO #1/DEBUG] [net.minecraftforge.network.NetworkRegistry/NETREGISTRY]: Channel 'obscure_api:obscure_api' : Version test of '1' from client : ACCEPTED
[18Jun2026 00:28:25.607] [Netty Server IO #1/DEBUG] [net.minecraftforge.network.NetworkRegistry/NETREGISTRY]: Channel 'azurelib:main' : Version test of '1' from client : ACCEPTED
[18Jun2026 00:28:25.607] [Netty Server IO #1/DEBUG] [net.minecraftforge.network.NetworkRegistry/NETREGISTRY]: Channel 'azurelib:network_channel' : Version test of '2.0.0' from client : ACCEPTED
[18Jun2026 00:28:25.607] [Netty Server IO #1/DEBUG] [net.minecraftforge.network.NetworkRegistry/NETREGISTRY]: Channel 'fml:handshake' : Version test of 'FML3' from client : ACCEPTED
[18Jun2026 00:28:25.607] [Netty Server IO #1/DEBUG] [net.minecraftforge.network.NetworkRegistry/NETREGISTRY]: Channel 'curios:main' : Version test of '1' from client : ACCEPTED
[18Jun2026 00:28:25.607] [Netty Server IO #1/DEBUG] [net.minecraftforge.network.NetworkRegistry/NETREGISTRY]: Channel 'placebo:placebo' : Version test of '1.0.0' from client : ACCEPTED
[18Jun2026 00:28:25.607] [Netty Server IO #1/DEBUG] [net.minecraftforge.network.NetworkRegistry/NETREGISTRY]: Channel 'minecraft:register' : Version test of 'FML3' from client : ACCEPTED
[18Jun2026 00:28:25.607] [Netty Server IO #1/DEBUG] [net.minecraftforge.network.NetworkRegistry/NETREGISTRY]: Channel 'forge:split' : Version test of '1.1' from client : ACCEPTED
[18Jun2026 00:28:25.607] [Netty Server IO #1/DEBUG] [net.minecraftforge.network.NetworkRegistry/NETREGISTRY]: Channel 'geckolib:main' : Version test of '1' from client : ACCEPTED
[18Jun2026 00:28:25.607] [Netty Server IO #1/DEBUG] [net.minecraftforge.network.NetworkRegistry/NETREGISTRY]: Channel 'jade:networking' : Version test of '2' from client : ACCEPTED
[18Jun2026 00:28:25.607] [Netty Server IO #1/DEBUG] [net.minecraftforge.network.NetworkRegistry/NETREGISTRY]: Channel 'moonlight:channel' : Version test of '0' from client : ACCEPTED
[18Jun2026 00:28:25.607] [Netty Server IO #1/DEBUG] [net.minecraftforge.network.NetworkRegistry/NETREGISTRY]: Accepting channel list from client
[18Jun2026 00:28:25.607] [Netty Server IO #1/DEBUG] [net.minecraftforge.network.HandshakeHandler/FMLHANDSHAKE]: Accepted client connection mod list
[18Jun2026 00:28:25.649] [Server thread/DEBUG] [net.minecraftforge.network.HandshakeHandler/FMLHANDSHAKE]: Sending ticking packet info 'Config curios-server.toml' to 'fml:handshake' sequence 2
[18Jun2026 00:28:25.650] [Netty Local Client IO #0/DEBUG] [net.minecraftforge.network.LoginWrapper/FMLHANDSHAKE]: Recieved login wrapper packet event for channel fml:handshake with index 2
[18Jun2026 00:28:25.650] [Netty Local Client IO #0/DEBUG] [net.minecraftforge.network.HandshakeHandler/FMLHANDSHAKE]: Received config sync from server
[18Jun2026 00:28:25.650] [Netty Local Client IO #0/DEBUG] [net.minecraftforge.network.LoginWrapper/FMLHANDSHAKE]: Dispatching wrapped packet reply for channel fml:handshake with index 2
[18Jun2026 00:28:25.650] [Netty Server IO #1/DEBUG] [net.minecraftforge.network.LoginWrapper/FMLHANDSHAKE]: Recieved login wrapper packet event for channel fml:handshake with index 2
[18Jun2026 00:28:25.650] [Netty Server IO #1/DEBUG] [net.minecraftforge.network.HandshakeHandler/FMLHANDSHAKE]: Received client indexed reply 2 of type net.minecraftforge.network.HandshakeMessages$C2SAcknowledge
[18Jun2026 00:28:25.650] [Netty Server IO #1/DEBUG] [net.minecraftforge.network.HandshakeHandler/FMLHANDSHAKE]: Received acknowledgement from client
[18Jun2026 00:28:25.698] [Server thread/DEBUG] [net.minecraftforge.network.HandshakeHandler/FMLHANDSHAKE]: Sending ticking packet info 'Config irons_spellbooks-server.toml' to 'fml:handshake' sequence 3
[18Jun2026 00:28:25.698] [Netty Local Client IO #0/DEBUG] [net.minecraftforge.network.LoginWrapper/FMLHANDSHAKE]: Recieved login wrapper packet event for channel fml:handshake with index 3
[18Jun2026 00:28:25.698] [Netty Local Client IO #0/DEBUG] [net.minecraftforge.network.HandshakeHandler/FMLHANDSHAKE]: Received config sync from server
[18Jun2026 00:28:25.698] [Netty Local Client IO #0/DEBUG] [net.minecraftforge.network.LoginWrapper/FMLHANDSHAKE]: Dispatching wrapped packet reply for channel fml:handshake with index 3
[18Jun2026 00:28:25.698] [Netty Server IO #1/DEBUG] [net.minecraftforge.network.LoginWrapper/FMLHANDSHAKE]: Recieved login wrapper packet event for channel fml:handshake with index 3
[18Jun2026 00:28:25.698] [Netty Server IO #1/DEBUG] [net.minecraftforge.network.HandshakeHandler/FMLHANDSHAKE]: Received client indexed reply 3 of type net.minecraftforge.network.HandshakeMessages$C2SAcknowledge
[18Jun2026 00:28:25.699] [Netty Server IO #1/DEBUG] [net.minecraftforge.network.HandshakeHandler/FMLHANDSHAKE]: Received acknowledgement from client
[18Jun2026 00:28:25.749] [Server thread/DEBUG] [net.minecraftforge.network.HandshakeHandler/FMLHANDSHAKE]: Sending ticking packet info 'Config jei-server.toml' to 'fml:handshake' sequence 4
[18Jun2026 00:28:25.750] [Netty Local Client IO #0/DEBUG] [net.minecraftforge.network.LoginWrapper/FMLHANDSHAKE]: Recieved login wrapper packet event for channel fml:handshake with index 4
[18Jun2026 00:28:25.750] [Netty Local Client IO #0/DEBUG] [net.minecraftforge.network.HandshakeHandler/FMLHANDSHAKE]: Received config sync from server
[18Jun2026 00:28:25.750] [Netty Local Client IO #0/DEBUG] [net.minecraftforge.network.LoginWrapper/FMLHANDSHAKE]: Dispatching wrapped packet reply for channel fml:handshake with index 4
[18Jun2026 00:28:25.750] [Netty Server IO #1/DEBUG] [net.minecraftforge.network.LoginWrapper/FMLHANDSHAKE]: Recieved login wrapper packet event for channel fml:handshake with index 4
[18Jun2026 00:28:25.750] [Netty Server IO #1/DEBUG] [net.minecraftforge.network.HandshakeHandler/FMLHANDSHAKE]: Received client indexed reply 4 of type net.minecraftforge.network.HandshakeMessages$C2SAcknowledge
[18Jun2026 00:28:25.750] [Netty Server IO #1/DEBUG] [net.minecraftforge.network.HandshakeHandler/FMLHANDSHAKE]: Received acknowledgement from client
[18Jun2026 00:28:25.803] [Server thread/DEBUG] [net.minecraftforge.network.HandshakeHandler/FMLHANDSHAKE]: Sending ticking packet info 'Config forge-server.toml' to 'fml:handshake' sequence 5
[18Jun2026 00:28:25.803] [Netty Local Client IO #0/DEBUG] [net.minecraftforge.network.LoginWrapper/FMLHANDSHAKE]: Recieved login wrapper packet event for channel fml:handshake with index 5
[18Jun2026 00:28:25.804] [Netty Local Client IO #0/DEBUG] [net.minecraftforge.network.HandshakeHandler/FMLHANDSHAKE]: Received config sync from server
[18Jun2026 00:28:25.804] [Netty Local Client IO #0/DEBUG] [net.minecraftforge.network.LoginWrapper/FMLHANDSHAKE]: Dispatching wrapped packet reply for channel fml:handshake with index 5
[18Jun2026 00:28:25.804] [Netty Server IO #1/DEBUG] [net.minecraftforge.network.LoginWrapper/FMLHANDSHAKE]: Recieved login wrapper packet event for channel fml:handshake with index 5
[18Jun2026 00:28:25.804] [Netty Server IO #1/DEBUG] [net.minecraftforge.network.HandshakeHandler/FMLHANDSHAKE]: Received client indexed reply 5 of type net.minecraftforge.network.HandshakeMessages$C2SAcknowledge
[18Jun2026 00:28:25.804] [Netty Server IO #1/DEBUG] [net.minecraftforge.network.HandshakeHandler/FMLHANDSHAKE]: Received acknowledgement from client
[18Jun2026 00:28:25.849] [Server thread/DEBUG] [net.minecraftforge.network.HandshakeHandler/FMLHANDSHAKE]: Handshake complete!
[18Jun2026 00:28:25.905] [Netty Local Client IO #0/INFO] [net.minecraftforge.network.NetworkHooks/]: Connected to a modded server.
[18Jun2026 00:28:25.946] [Server thread/INFO] [net.minecraft.server.players.PlayerList/]: Dev[local:E:b23d922c] logged in with entity id 3 at (0.3486721813948812, 56.0, 1.5131831627097165)
[18Jun2026 00:28:25.953] [Server thread/DEBUG] [mixin/]: Mixing PacketDistributorHackMixin from moonlight.mixins.json into net.minecraftforge.network.PacketDistributor
[18Jun2026 00:28:26.028] [Server thread/INFO] [net.minecraft.server.MinecraftServer/]: Dev joined the game
[18Jun2026 00:28:26.085] [Server thread/INFO] [Jade/]: Syncing config to Dev (380df991-f603-344c-a090-369bad2a924a)
[18Jun2026 00:28:26.090] [Netty Local Client IO #0/INFO] [net.bettercombat.logic.WeaponRegistry/]: Decoded Weapon Attribute registry in 3 string chunks
[18Jun2026 00:28:26.302] [Render thread/INFO] [mezz.jei.forge.startup.StartEventObserver/]: JEI StartEventObserver received class net.minecraftforge.client.event.ClientPlayerNetworkEvent$LoggingIn
[18Jun2026 00:28:26.302] [Render thread/INFO] [mezz.jei.forge.startup.StartEventObserver/]: JEI StartEventObserver transitioning state from DISABLED to ENABLED
[18Jun2026 00:28:26.323] [Render thread/DEBUG] [mixin/]: Mixing FullTextSearchTreeMixin from jade.mixins.json into net.minecraft.client.searchtree.FullTextSearchTree
[18Jun2026 00:28:26.324] [Render thread/DEBUG] [mixin/]: jade.mixins.json:FullTextSearchTreeMixin: Class version 61 required is higher than the class version supported by the current version of Mixin (JAVA_16 supports class version 60)
[18Jun2026 00:28:26.465] [Render thread/INFO] [mezz.jei.forge.startup.StartEventObserver/]: JEI StartEventObserver received class net.minecraftforge.client.event.RecipesUpdatedEvent
[18Jun2026 00:28:26.477] [Render thread/INFO] [mezz.jei.forge.startup.StartEventObserver/]: JEI StartEventObserver received class net.minecraftforge.event.TagsUpdatedEvent
[18Jun2026 00:28:26.477] [Render thread/INFO] [mezz.jei.forge.startup.StartEventObserver/]: JEI StartEventObserver transitioning state from ENABLED to JEI_STARTED
[18Jun2026 00:28:26.477] [Render thread/INFO] [mezz.jei.core.util.LoggedTimer/]: Starting JEI...
[18Jun2026 00:28:26.483] [Render thread/INFO] [mezz.jei.library.load.PluginCaller/]: Registering item subtypes...
[18Jun2026 00:28:26.484] [Render thread/DEBUG] [mezz.jei.library.load.PluginCallerTimerRunnable/]: Registering item subtypes: jei:minecraft...
[18Jun2026 00:28:26.485] [Render thread/DEBUG] [mezz.jei.library.load.PluginCallerTimerRunnable/]: Registering item subtypes: configured:jei_plugin...
[18Jun2026 00:28:26.485] [Render thread/DEBUG] [mezz.jei.library.load.PluginCallerTimerRunnable/]: Registering item subtypes: jade:main...
[18Jun2026 00:28:26.485] [Render thread/DEBUG] [mezz.jei.library.load.PluginCallerTimerRunnable/]: Registering item subtypes: irons_spellbooks:jei_plugin...
[18Jun2026 00:28:26.488] [Render thread/DEBUG] [mezz.jei.library.load.PluginCallerTimerRunnable/]: Registering item subtypes: jei:debug...
[18Jun2026 00:28:26.488] [Render thread/DEBUG] [mezz.jei.library.load.PluginCallerTimerRunnable/]: Registering item subtypes: jei:gui...
[18Jun2026 00:28:26.488] [Render thread/DEBUG] [mezz.jei.library.load.PluginCallerTimerRunnable/]: Registering item subtypes: jei:forge_gui...
[18Jun2026 00:28:26.488] [Render thread/DEBUG] [mezz.jei.library.load.PluginCallerTimerRunnable/]: Registering item subtypes: curios:curios...
[18Jun2026 00:28:26.488] [Render thread/DEBUG] [mezz.jei.library.load.PluginCallerTimerRunnable/]: Registering item subtypes: aquamirae:jei...
[18Jun2026 00:28:26.488] [Render thread/DEBUG] [mezz.jei.library.load.PluginCallerTimerRunnable/]: Registering item subtypes: jei:internal...
[18Jun2026 00:28:26.488] [Render thread/INFO] [mezz.jei.library.load.PluginCaller/]: Registering item subtypes took 3.911 ms
[18Jun2026 00:28:26.488] [Render thread/INFO] [mezz.jei.library.load.PluginCaller/]: Registering fluid subtypes...
[18Jun2026 00:28:26.488] [Render thread/DEBUG] [mezz.jei.library.load.PluginCallerTimerRunnable/]: Registering fluid subtypes: jei:minecraft...
[18Jun2026 00:28:26.488] [Render thread/DEBUG] [mezz.jei.library.load.PluginCallerTimerRunnable/]: Registering fluid subtypes: configured:jei_plugin...
[18Jun2026 00:28:26.488] [Render thread/DEBUG] [mezz.jei.library.load.PluginCallerTimerRunnable/]: Registering fluid subtypes: jade:main...
[18Jun2026 00:28:26.488] [Render thread/DEBUG] [mezz.jei.library.load.PluginCallerTimerRunnable/]: Registering fluid subtypes: irons_spellbooks:jei_plugin...
[18Jun2026 00:28:26.488] [Render thread/DEBUG] [mezz.jei.library.load.PluginCallerTimerRunnable/]: Registering fluid subtypes: jei:debug...
[18Jun2026 00:28:26.489] [Render thread/DEBUG] [mezz.jei.library.load.PluginCallerTimerRunnable/]: Registering fluid subtypes: jei:gui...
[18Jun2026 00:28:26.489] [Render thread/DEBUG] [mezz.jei.library.load.PluginCallerTimerRunnable/]: Registering fluid subtypes: jei:forge_gui...
[18Jun2026 00:28:26.489] [Render thread/DEBUG] [mezz.jei.library.load.PluginCallerTimerRunnable/]: Registering fluid subtypes: curios:curios...
[18Jun2026 00:28:26.489] [Render thread/DEBUG] [mezz.jei.library.load.PluginCallerTimerRunnable/]: Registering fluid subtypes: aquamirae:jei...
[18Jun2026 00:28:26.489] [Render thread/DEBUG] [mezz.jei.library.load.PluginCallerTimerRunnable/]: Registering fluid subtypes: jei:internal...
[18Jun2026 00:28:26.489] [Render thread/INFO] [mezz.jei.library.load.PluginCaller/]: Registering fluid subtypes took 1.281 ms
[18Jun2026 00:28:26.491] [Render thread/INFO] [mezz.jei.library.load.PluginCaller/]: Registering ingredients...
[18Jun2026 00:28:26.491] [Render thread/DEBUG] [mezz.jei.library.load.PluginCallerTimerRunnable/]: Registering ingredients: jei:minecraft...
[18Jun2026 00:28:26.501] [Render thread/DEBUG] [mezz.jei.library.plugins.vanilla.ingredients.ItemStackListFactory/]: Added  348/ 348 new items from 'Building Blocks' creative tab's displayItems
[18Jun2026 00:28:26.502] [Render thread/DEBUG] [mezz.jei.library.plugins.vanilla.ingredients.ItemStackListFactory/]: Added  198/ 198 new items from 'Colored Blocks' creative tab's displayItems
[18Jun2026 00:28:26.503] [Render thread/DEBUG] [mezz.jei.library.plugins.vanilla.ingredients.ItemStackListFactory/]: Added  204/ 228 new items from 'Natural Blocks' creative tab's displayItems
[18Jun2026 00:28:26.509] [Render thread/DEBUG] [mezz.jei.library.plugins.vanilla.ingredients.ItemStackListFactory/]: Added  125/ 204 new items from 'Functional Blocks' creative tab's displayItems
[18Jun2026 00:28:26.509] [Render thread/DEBUG] [mezz.jei.library.plugins.vanilla.ingredients.ItemStackListFactory/]: Added    0/ 204 new items from 'Functional Blocks' creative tab's searchTabDisplayItems
[18Jun2026 00:28:26.509] [Render thread/DEBUG] [mezz.jei.library.plugins.vanilla.ingredients.ItemStackListFactory/]: Added   28/  62 new items from 'Redstone Blocks' creative tab's displayItems
[18Jun2026 00:28:26.510] [Render thread/DEBUG] [mezz.jei.library.plugins.vanilla.ingredients.ItemStackListFactory/]: Skipping creative tab: 'Saved Hotbars' because it is type: HOTBAR
[18Jun2026 00:28:26.510] [Render thread/DEBUG] [mezz.jei.library.plugins.vanilla.ingredients.ItemStackListFactory/]: Skipping creative tab: 'Search Items' because it is type: SEARCH
[18Jun2026 00:28:26.511] [Render thread/DEBUG] [mezz.jei.library.plugins.vanilla.ingredients.ItemStackListFactory/]: Added   97/ 109 new items from 'Tools & Utilities' creative tab's displayItems
[18Jun2026 00:28:26.514] [Render thread/DEBUG] [mezz.jei.library.plugins.vanilla.ingredients.ItemStackListFactory/]: Added   93/ 104 new items from 'Combat' creative tab's displayItems
[18Jun2026 00:28:26.518] [Render thread/DEBUG] [mezz.jei.library.plugins.vanilla.ingredients.ItemStackListFactory/]: Added  192/ 195 new items from 'Food & Drinks' creative tab's displayItems
[18Jun2026 00:28:26.522] [Render thread/DEBUG] [mezz.jei.library.plugins.vanilla.ingredients.ItemStackListFactory/]: Added  158/ 172 new items from 'Ingredients' creative tab's displayItems
[18Jun2026 00:28:26.523] [Render thread/DEBUG] [mezz.jei.library.plugins.vanilla.ingredients.ItemStackListFactory/]: Added   74/ 246 new items from 'Ingredients' creative tab's searchTabDisplayItems
[18Jun2026 00:28:26.523] [Render thread/DEBUG] [mezz.jei.library.plugins.vanilla.ingredients.ItemStackListFactory/]: Added   76/  76 new items from 'Spawn Eggs' creative tab's displayItems
[18Jun2026 00:28:26.523] [Render thread/WARN] [mezz.jei.library.plugins.vanilla.ingredients.ItemStackListFactory/]: Item Group has no display items and no search tab display items. Items from this group will be missing from the JEI ingredient list. Operator Utilities
[18Jun2026 00:28:26.523] [Render thread/DEBUG] [mezz.jei.library.plugins.vanilla.ingredients.ItemStackListFactory/]: Skipping creative tab: 'Survival Inventory' because it is type: INVENTORY
[18Jun2026 00:28:26.523] [Render thread/DEBUG] [mezz.jei.library.plugins.vanilla.ingredients.ItemStackListFactory/]: Added   19/  19 new items from 'Geckolib Examples' creative tab's displayItems
[18Jun2026 00:28:26.525] [Render thread/DEBUG] [mezz.jei.library.plugins.vanilla.ingredients.ItemStackListFactory/]: Added  102/ 102 new items from 'Iron's Spellbooks Equipment' creative tab's displayItems
[18Jun2026 00:28:26.526] [Render thread/DEBUG] [mezz.jei.library.plugins.vanilla.ingredients.ItemStackListFactory/]: Added   86/  87 new items from 'Iron's Spellbooks Materials' creative tab's displayItems
[18Jun2026 00:28:26.526] [Render thread/WARN] [mezz.jei.library.plugins.vanilla.ingredients.ItemStackListFactory/]: 1 duplicate items were found in 'Iron's Spellbooks Materials' creative tab's: displayItems
This may indicate that these types of item need a subtype interpreter added to JEI:
[furled_map]
[18Jun2026 00:28:26.526] [Render thread/DEBUG] [mezz.jei.library.plugins.vanilla.ingredients.ItemStackListFactory/]: Added    9/  19 new items from 'Iron's Spellbooks Blocks' creative tab's displayItems
[18Jun2026 00:28:26.544] [Render thread/DEBUG] [mezz.jei.library.plugins.vanilla.ingredients.ItemStackListFactory/]: Added  740/ 740 new items from 'Iron's Spellbooks Scrolls' creative tab's displayItems
[18Jun2026 00:28:26.545] [Render thread/DEBUG] [mezz.jei.library.plugins.vanilla.ingredients.ItemStackListFactory/]: Added    8/   8 new items from 'creativetab.mana_sub_zero.equipment' creative tab's displayItems
[18Jun2026 00:28:26.546] [Render thread/DEBUG] [mezz.jei.library.plugins.vanilla.ingredients.ItemStackListFactory/]: Added   66/  70 new items from 'Aquamirae' creative tab's displayItems
[18Jun2026 00:28:26.546] [Render thread/WARN] [mezz.jei.library.plugins.vanilla.ingredients.ItemStackListFactory/]: 4 duplicate items were found in 'Aquamirae' creative tab's: displayItems
This may indicate that these types of item need a subtype interpreter added to JEI:
[poisoned_chakra, written_book, maze_rose]
[18Jun2026 00:28:26.562] [Render thread/INFO] [mezz.jei.library.load.PluginCallerTimerRunnable/]: Registering ingredients: jei:minecraft took 70.05 milliseconds
[18Jun2026 00:28:26.562] [Render thread/DEBUG] [mezz.jei.library.load.PluginCallerTimerRunnable/]: Registering ingredients: configured:jei_plugin...
[18Jun2026 00:28:26.562] [Render thread/DEBUG] [mezz.jei.library.load.PluginCallerTimerRunnable/]: Registering ingredients: jade:main...
[18Jun2026 00:28:26.562] [Render thread/DEBUG] [mezz.jei.library.load.PluginCallerTimerRunnable/]: Registering ingredients: irons_spellbooks:jei_plugin...
[18Jun2026 00:28:26.562] [Render thread/DEBUG] [mezz.jei.library.load.PluginCallerTimerRunnable/]: Registering ingredients: jei:debug...
[18Jun2026 00:28:26.562] [Render thread/DEBUG] [mezz.jei.library.load.PluginCallerTimerRunnable/]: Registering ingredients: jei:gui...
[18Jun2026 00:28:26.562] [Render thread/DEBUG] [mezz.jei.library.load.PluginCallerTimerRunnable/]: Registering ingredients: jei:forge_gui...
[18Jun2026 00:28:26.562] [Render thread/DEBUG] [mezz.jei.library.load.PluginCallerTimerRunnable/]: Registering ingredients: curios:curios...
[18Jun2026 00:28:26.562] [Render thread/DEBUG] [mezz.jei.library.load.PluginCallerTimerRunnable/]: Registering ingredients: aquamirae:jei...
[18Jun2026 00:28:26.562] [Render thread/DEBUG] [mezz.jei.library.load.PluginCallerTimerRunnable/]: Registering ingredients: jei:internal...
[18Jun2026 00:28:26.562] [Render thread/INFO] [mezz.jei.library.load.PluginCaller/]: Registering ingredients took 70.59 ms
[18Jun2026 00:28:26.562] [Render thread/INFO] [mezz.jei.library.load.PluginCaller/]: Registering extra ingredients...
[18Jun2026 00:28:26.562] [Render thread/DEBUG] [mezz.jei.library.load.PluginCallerTimerRunnable/]: Registering extra ingredients: jei:minecraft...
[18Jun2026 00:28:26.562] [Render thread/DEBUG] [mezz.jei.library.load.PluginCallerTimerRunnable/]: Registering extra ingredients: configured:jei_plugin...
[18Jun2026 00:28:26.562] [Render thread/DEBUG] [mezz.jei.library.load.PluginCallerTimerRunnable/]: Registering extra ingredients: jade:main...
[18Jun2026 00:28:26.563] [Render thread/DEBUG] [mezz.jei.library.load.PluginCallerTimerRunnable/]: Registering extra ingredients: irons_spellbooks:jei_plugin...
[18Jun2026 00:28:26.563] [Render thread/DEBUG] [mezz.jei.library.load.PluginCallerTimerRunnable/]: Registering extra ingredients: jei:debug...
[18Jun2026 00:28:26.563] [Render thread/DEBUG] [mezz.jei.library.load.PluginCallerTimerRunnable/]: Registering extra ingredients: jei:gui...
[18Jun2026 00:28:26.563] [Render thread/DEBUG] [mezz.jei.library.load.PluginCallerTimerRunnable/]: Registering extra ingredients: jei:forge_gui...
[18Jun2026 00:28:26.563] [Render thread/DEBUG] [mezz.jei.library.load.PluginCallerTimerRunnable/]: Registering extra ingredients: curios:curios...
[18Jun2026 00:28:26.563] [Render thread/DEBUG] [mezz.jei.library.load.PluginCallerTimerRunnable/]: Registering extra ingredients: aquamirae:jei...
[18Jun2026 00:28:26.563] [Render thread/DEBUG] [mezz.jei.library.load.PluginCallerTimerRunnable/]: Registering extra ingredients: jei:internal...
[18Jun2026 00:28:26.563] [Render thread/INFO] [mezz.jei.library.load.PluginCaller/]: Registering extra ingredients took 376.8 μs
[18Jun2026 00:28:26.563] [Render thread/INFO] [mezz.jei.library.load.PluginCaller/]: Registering search ingredient aliases...
[18Jun2026 00:28:26.563] [Render thread/DEBUG] [mezz.jei.library.load.PluginCallerTimerRunnable/]: Registering search ingredient aliases: jei:minecraft...
[18Jun2026 00:28:26.564] [Render thread/DEBUG] [mezz.jei.library.load.PluginCallerTimerRunnable/]: Registering search ingredient aliases: configured:jei_plugin...
[18Jun2026 00:28:26.564] [Render thread/DEBUG] [mezz.jei.library.load.PluginCallerTimerRunnable/]: Registering search ingredient aliases: jade:main...
[18Jun2026 00:28:26.564] [Render thread/DEBUG] [mezz.jei.library.load.PluginCallerTimerRunnable/]: Registering search ingredient aliases: irons_spellbooks:jei_plugin...
[18Jun2026 00:28:26.564] [Render thread/DEBUG] [mezz.jei.library.load.PluginCallerTimerRunnable/]: Registering search ingredient aliases: jei:debug...
[18Jun2026 00:28:26.564] [Render thread/DEBUG] [mezz.jei.library.load.PluginCallerTimerRunnable/]: Registering search ingredient aliases: jei:gui...
[18Jun2026 00:28:26.564] [Render thread/DEBUG] [mezz.jei.library.load.PluginCallerTimerRunnable/]: Registering search ingredient aliases: jei:forge_gui...
[18Jun2026 00:28:26.564] [Render thread/DEBUG] [mezz.jei.library.load.PluginCallerTimerRunnable/]: Registering search ingredient aliases: curios:curios...
[18Jun2026 00:28:26.564] [Render thread/DEBUG] [mezz.jei.library.load.PluginCallerTimerRunnable/]: Registering search ingredient aliases: aquamirae:jei...
[18Jun2026 00:28:26.564] [Render thread/DEBUG] [mezz.jei.library.load.PluginCallerTimerRunnable/]: Registering search ingredient aliases: jei:internal...
[18Jun2026 00:28:26.564] [Render thread/INFO] [mezz.jei.library.load.PluginCaller/]: Registering search ingredient aliases took 729.4 μs
[18Jun2026 00:28:26.581] [Render thread/INFO] [mezz.jei.library.load.PluginCaller/]: Registering categories...
[18Jun2026 00:28:26.581] [Render thread/DEBUG] [mezz.jei.library.load.PluginCallerTimerRunnable/]: Registering categories: jei:minecraft...
[18Jun2026 00:28:26.604] [Render thread/INFO] [mezz.jei.library.load.PluginCallerTimerRunnable/]: Registering categories: jei:minecraft took 22.94 milliseconds
[18Jun2026 00:28:26.605] [Render thread/DEBUG] [mezz.jei.library.load.PluginCallerTimerRunnable/]: Registering categories: configured:jei_plugin...
[18Jun2026 00:28:26.605] [Render thread/DEBUG] [mezz.jei.library.load.PluginCallerTimerRunnable/]: Registering categories: jade:main...
[18Jun2026 00:28:26.605] [Render thread/DEBUG] [mezz.jei.library.load.PluginCallerTimerRunnable/]: Registering categories: irons_spellbooks:jei_plugin...
[18Jun2026 00:28:26.613] [Render thread/DEBUG] [mezz.jei.library.load.PluginCallerTimerRunnable/]: Registering categories: jei:debug...
[18Jun2026 00:28:26.613] [Render thread/DEBUG] [mezz.jei.library.load.PluginCallerTimerRunnable/]: Registering categories: jei:gui...
[18Jun2026 00:28:26.613] [Render thread/DEBUG] [mezz.jei.library.load.PluginCallerTimerRunnable/]: Registering categories: jei:forge_gui...
[18Jun2026 00:28:26.613] [Render thread/DEBUG] [mezz.jei.library.load.PluginCallerTimerRunnable/]: Registering categories: curios:curios...
[18Jun2026 00:28:26.613] [Render thread/DEBUG] [mezz.jei.library.load.PluginCallerTimerRunnable/]: Registering categories: aquamirae:jei...
[18Jun2026 00:28:26.613] [Render thread/DEBUG] [mezz.jei.library.load.PluginCallerTimerRunnable/]: Registering categories: jei:internal...
[18Jun2026 00:28:26.621] [Render thread/INFO] [mezz.jei.library.load.PluginCaller/]: Registering categories took 39.66 ms
[18Jun2026 00:28:26.622] [Render thread/INFO] [mezz.jei.library.load.PluginCaller/]: Registering vanilla category extensions...
[18Jun2026 00:28:26.622] [Render thread/DEBUG] [mezz.jei.library.load.PluginCallerTimerRunnable/]: Registering vanilla category extensions: jei:minecraft...
[18Jun2026 00:28:26.626] [Render thread/DEBUG] [mezz.jei.library.load.PluginCallerTimerRunnable/]: Registering vanilla category extensions: configured:jei_plugin...
[18Jun2026 00:28:26.626] [Render thread/DEBUG] [mezz.jei.library.load.PluginCallerTimerRunnable/]: Registering vanilla category extensions: jade:main...
[18Jun2026 00:28:26.626] [Render thread/DEBUG] [mezz.jei.library.load.PluginCallerTimerRunnable/]: Registering vanilla category extensions: irons_spellbooks:jei_plugin...
[18Jun2026 00:28:26.626] [Render thread/DEBUG] [mezz.jei.library.load.PluginCallerTimerRunnable/]: Registering vanilla category extensions: jei:debug...
[18Jun2026 00:28:26.626] [Render thread/DEBUG] [mezz.jei.library.load.PluginCallerTimerRunnable/]: Registering vanilla category extensions: jei:gui...
[18Jun2026 00:28:26.626] [Render thread/DEBUG] [mezz.jei.library.load.PluginCallerTimerRunnable/]: Registering vanilla category extensions: jei:forge_gui...
[18Jun2026 00:28:26.626] [Render thread/DEBUG] [mezz.jei.library.load.PluginCallerTimerRunnable/]: Registering vanilla category extensions: curios:curios...
[18Jun2026 00:28:26.626] [Render thread/DEBUG] [mezz.jei.library.load.PluginCallerTimerRunnable/]: Registering vanilla category extensions: aquamirae:jei...
[18Jun2026 00:28:26.626] [Render thread/DEBUG] [mezz.jei.library.load.PluginCallerTimerRunnable/]: Registering vanilla category extensions: jei:internal...
[18Jun2026 00:28:26.626] [Render thread/INFO] [mezz.jei.library.load.PluginCaller/]: Registering vanilla category extensions took 3.803 ms
[18Jun2026 00:28:26.627] [Render thread/INFO] [mezz.jei.library.load.PluginCaller/]: Registering recipe catalysts...
[18Jun2026 00:28:26.627] [Render thread/DEBUG] [mezz.jei.library.load.PluginCallerTimerRunnable/]: Registering recipe catalysts: jei:minecraft...
[18Jun2026 00:28:26.627] [Render thread/DEBUG] [mezz.jei.library.load.PluginCallerTimerRunnable/]: Registering recipe catalysts: configured:jei_plugin...
[18Jun2026 00:28:26.627] [Render thread/DEBUG] [mezz.jei.library.load.PluginCallerTimerRunnable/]: Registering recipe catalysts: jade:main...
[18Jun2026 00:28:26.627] [Render thread/DEBUG] [mezz.jei.library.load.PluginCallerTimerRunnable/]: Registering recipe catalysts: irons_spellbooks:jei_plugin...
[18Jun2026 00:28:26.627] [Render thread/DEBUG] [mezz.jei.library.load.PluginCallerTimerRunnable/]: Registering recipe catalysts: jei:debug...
[18Jun2026 00:28:26.627] [Render thread/DEBUG] [mezz.jei.library.load.PluginCallerTimerRunnable/]: Registering recipe catalysts: jei:gui...
[18Jun2026 00:28:26.627] [Render thread/DEBUG] [mezz.jei.library.load.PluginCallerTimerRunnable/]: Registering recipe catalysts: jei:forge_gui...
[18Jun2026 00:28:26.627] [Render thread/DEBUG] [mezz.jei.library.load.PluginCallerTimerRunnable/]: Registering recipe catalysts: curios:curios...
[18Jun2026 00:28:26.627] [Render thread/DEBUG] [mezz.jei.library.load.PluginCallerTimerRunnable/]: Registering recipe catalysts: aquamirae:jei...
[18Jun2026 00:28:26.627] [Render thread/DEBUG] [mezz.jei.library.load.PluginCallerTimerRunnable/]: Registering recipe catalysts: jei:internal...
[18Jun2026 00:28:26.628] [Render thread/INFO] [mezz.jei.library.load.PluginCaller/]: Registering recipe catalysts took 1.020 ms
[18Jun2026 00:28:26.628] [Render thread/INFO] [mezz.jei.core.util.LoggedTimer/]: Building recipe registry...
[18Jun2026 00:28:26.638] [Render thread/INFO] [mezz.jei.core.util.LoggedTimer/]: Building recipe registry took 9.467 ms
[18Jun2026 00:28:26.639] [Render thread/INFO] [mezz.jei.library.load.PluginCaller/]: Registering advanced plugins...
[18Jun2026 00:28:26.640] [Render thread/DEBUG] [mezz.jei.library.load.PluginCallerTimerRunnable/]: Registering advanced plugins: jei:minecraft...
[18Jun2026 00:28:26.640] [Render thread/DEBUG] [mezz.jei.library.load.PluginCallerTimerRunnable/]: Registering advanced plugins: configured:jei_plugin...
[18Jun2026 00:28:26.640] [Render thread/DEBUG] [mezz.jei.library.load.PluginCallerTimerRunnable/]: Registering advanced plugins: jade:main...
[18Jun2026 00:28:26.640] [Render thread/DEBUG] [mezz.jei.library.load.PluginCallerTimerRunnable/]: Registering advanced plugins: irons_spellbooks:jei_plugin...
[18Jun2026 00:28:26.641] [Render thread/INFO] [mezz.jei.library.load.registration.AdvancedRegistration/]: Added recipe manager plugin: class io.redspace.ironsspellbooks.jei.AlchemistCauldronAdvancedHandler
[18Jun2026 00:28:26.641] [Render thread/DEBUG] [mezz.jei.library.load.PluginCallerTimerRunnable/]: Registering advanced plugins: jei:debug...
[18Jun2026 00:28:26.641] [Render thread/DEBUG] [mezz.jei.library.load.PluginCallerTimerRunnable/]: Registering advanced plugins: jei:gui...
[18Jun2026 00:28:26.641] [Render thread/DEBUG] [mezz.jei.library.load.PluginCallerTimerRunnable/]: Registering advanced plugins: jei:forge_gui...
[18Jun2026 00:28:26.641] [Render thread/DEBUG] [mezz.jei.library.load.PluginCallerTimerRunnable/]: Registering advanced plugins: curios:curios...
[18Jun2026 00:28:26.641] [Render thread/DEBUG] [mezz.jei.library.load.PluginCallerTimerRunnable/]: Registering advanced plugins: aquamirae:jei...
[18Jun2026 00:28:26.641] [Render thread/DEBUG] [mezz.jei.library.load.PluginCallerTimerRunnable/]: Registering advanced plugins: jei:internal...
[18Jun2026 00:28:26.641] [Render thread/INFO] [mezz.jei.library.load.PluginCaller/]: Registering advanced plugins took 1.553 ms
[18Jun2026 00:28:26.642] [Render thread/INFO] [mezz.jei.library.load.PluginCaller/]: Registering recipes...
[18Jun2026 00:28:26.642] [Render thread/DEBUG] [mezz.jei.library.load.PluginCallerTimerRunnable/]: Registering recipes: jei:minecraft...
[18Jun2026 00:28:26.670] [Render thread/DEBUG] [mezz.jei.library.recipes.RecipeManagerInternal/]: Adding recipes: RecipeType[uid=minecraft:crafting, recipeClass=interface net.minecraft.world.item.crafting.CraftingRecipe]
[18Jun2026 00:28:26.711] [Render thread/DEBUG] [mezz.jei.library.recipes.RecipeManagerInternal/]: Adding recipes: RecipeType[uid=minecraft:crafting, recipeClass=interface net.minecraft.world.item.crafting.CraftingRecipe]
[18Jun2026 00:28:26.715] [Render thread/DEBUG] [mezz.jei.library.recipes.RecipeManagerInternal/]: Adding recipes: RecipeType[uid=minecraft:stonecutting, recipeClass=class net.minecraft.world.item.crafting.StonecutterRecipe]
[18Jun2026 00:28:26.716] [Render thread/DEBUG] [mezz.jei.library.recipes.RecipeManagerInternal/]: Adding recipes: RecipeType[uid=minecraft:furnace, recipeClass=class net.minecraft.world.item.crafting.SmeltingRecipe]
[18Jun2026 00:28:26.717] [Render thread/DEBUG] [mezz.jei.library.recipes.RecipeManagerInternal/]: Adding recipes: RecipeType[uid=minecraft:smoking, recipeClass=class net.minecraft.world.item.crafting.SmokingRecipe]
[18Jun2026 00:28:26.718] [Render thread/DEBUG] [mezz.jei.library.recipes.RecipeManagerInternal/]: Adding recipes: RecipeType[uid=minecraft:blasting, recipeClass=class net.minecraft.world.item.crafting.BlastingRecipe]
[18Jun2026 00:28:26.718] [Render thread/DEBUG] [mezz.jei.library.recipes.RecipeManagerInternal/]: Adding recipes: RecipeType[uid=minecraft:campfire, recipeClass=class net.minecraft.world.item.crafting.CampfireCookingRecipe]
[18Jun2026 00:28:26.722] [Render thread/DEBUG] [mezz.jei.library.recipes.RecipeManagerInternal/]: Adding recipes: RecipeType[uid=minecraft:fuel, recipeClass=interface mezz.jei.api.recipe.vanilla.IJeiFuelingRecipe]
[18Jun2026 00:28:26.737] [Render thread/DEBUG] [mezz.jei.library.recipes.RecipeManagerInternal/]: Adding recipes: RecipeType[uid=minecraft:anvil, recipeClass=interface mezz.jei.api.recipe.vanilla.IJeiAnvilRecipe]
[18Jun2026 00:28:26.784] [Render thread/DEBUG] [mezz.jei.library.plugins.vanilla.crafting.CategoryRecipeValidator/]: Skipping Recipe because it has no output. Aquamirae aquamirae:rune_smithing class com.obscuria.aquamirae.common.recipes.RuneSmithingRecipe {
  Outputs:
  Inputs:
  Catalysts:
}
[18Jun2026 00:28:26.784] [Render thread/DEBUG] [mezz.jei.library.recipes.RecipeManagerInternal/]: Adding recipes: RecipeType[uid=minecraft:smithing, recipeClass=interface net.minecraft.world.item.crafting.SmithingRecipe]
[18Jun2026 00:28:26.797] [Render thread/DEBUG] [mezz.jei.library.recipes.RecipeManagerInternal/]: Adding recipes: RecipeType[uid=minecraft:compostable, recipeClass=interface mezz.jei.api.recipe.vanilla.IJeiCompostingRecipe]
[18Jun2026 00:28:26.834] [Render thread/DEBUG] [mezz.jei.forge.platform.BrewingRecipeMaker/]: Can't handle brewing recipe class: class com.obscuria.aquamirae.common.recipes.PoisonImmunityBrewingRecipe
[18Jun2026 00:28:26.834] [Render thread/DEBUG] [mezz.jei.forge.platform.BrewingRecipeMaker/]: Can't handle brewing recipe class: class com.obscuria.aquamirae.common.recipes.LongPoisonImmunityBrewingRecipe
[18Jun2026 00:28:26.840] [Render thread/DEBUG] [mezz.jei.library.recipes.RecipeManagerInternal/]: Adding recipes: RecipeType[uid=minecraft:brewing, recipeClass=interface mezz.jei.api.recipe.vanilla.IJeiBrewingRecipe]
[18Jun2026 00:28:26.845] [Render thread/INFO] [mezz.jei.library.load.PluginCallerTimerRunnable/]: Registering recipes: jei:minecraft took 203.7 milliseconds
[18Jun2026 00:28:26.845] [Render thread/DEBUG] [mezz.jei.library.load.PluginCallerTimerRunnable/]: Registering recipes: configured:jei_plugin...
[18Jun2026 00:28:26.845] [Render thread/DEBUG] [mezz.jei.library.load.PluginCallerTimerRunnable/]: Registering recipes: jade:main...
[18Jun2026 00:28:26.845] [Render thread/DEBUG] [mezz.jei.library.load.PluginCallerTimerRunnable/]: Registering recipes: irons_spellbooks:jei_plugin...
[18Jun2026 00:28:26.854] [Render thread/DEBUG] [mezz.jei.library.recipes.RecipeManagerInternal/]: Adding recipes: RecipeType[uid=irons_spellbooks:arcane_anvil, recipeClass=class io.redspace.ironsspellbooks.jei.ArcaneAnvilJeiRecipe]
[18Jun2026 00:28:27.322] [Render thread/DEBUG] [mezz.jei.library.recipes.RecipeManagerInternal/]: Adding recipes: RecipeType[uid=irons_spellbooks:scroll_forge, recipeClass=class io.redspace.ironsspellbooks.jei.ScrollForgeRecipe]
[18Jun2026 00:28:27.339] [Render thread/DEBUG] [mezz.jei.library.recipes.RecipeManagerInternal/]: Adding recipes: RecipeType[uid=irons_spellbooks:alchemist_cauldron, recipeClass=class io.redspace.ironsspellbooks.jei.AlchemistCauldronJeiRecipe]
[18Jun2026 00:28:27.371] [Render thread/DEBUG] [mezz.jei.library.recipes.RecipeManagerInternal/]: Adding recipes: RecipeType[uid=minecraft:anvil, recipeClass=interface mezz.jei.api.recipe.vanilla.IJeiAnvilRecipe]
[18Jun2026 00:28:27.374] [Render thread/DEBUG] [mezz.jei.library.recipes.RecipeManagerInternal/]: Adding recipes: RecipeType[uid=jei:information, recipeClass=interface mezz.jei.api.recipe.vanilla.IJeiIngredientInfoRecipe]
[18Jun2026 00:28:27.375] [Render thread/DEBUG] [mezz.jei.library.recipes.RecipeManagerInternal/]: Adding recipes: RecipeType[uid=jei:information, recipeClass=interface mezz.jei.api.recipe.vanilla.IJeiIngredientInfoRecipe]
[18Jun2026 00:28:27.375] [Render thread/DEBUG] [mezz.jei.library.recipes.RecipeManagerInternal/]: Adding recipes: RecipeType[uid=jei:information, recipeClass=interface mezz.jei.api.recipe.vanilla.IJeiIngredientInfoRecipe]
[18Jun2026 00:28:27.375] [Render thread/DEBUG] [mezz.jei.library.recipes.RecipeManagerInternal/]: Adding recipes: RecipeType[uid=jei:information, recipeClass=interface mezz.jei.api.recipe.vanilla.IJeiIngredientInfoRecipe]
[18Jun2026 00:28:27.376] [Render thread/DEBUG] [mezz.jei.library.recipes.RecipeManagerInternal/]: Adding recipes: RecipeType[uid=jei:information, recipeClass=interface mezz.jei.api.recipe.vanilla.IJeiIngredientInfoRecipe]
[18Jun2026 00:28:27.376] [Render thread/DEBUG] [mezz.jei.library.recipes.RecipeManagerInternal/]: Adding recipes: RecipeType[uid=jei:information, recipeClass=interface mezz.jei.api.recipe.vanilla.IJeiIngredientInfoRecipe]
[18Jun2026 00:28:27.376] [Render thread/DEBUG] [mezz.jei.library.recipes.RecipeManagerInternal/]: Adding recipes: RecipeType[uid=jei:information, recipeClass=interface mezz.jei.api.recipe.vanilla.IJeiIngredientInfoRecipe]
[18Jun2026 00:28:27.376] [Render thread/DEBUG] [mezz.jei.library.recipes.RecipeManagerInternal/]: Adding recipes: RecipeType[uid=jei:information, recipeClass=interface mezz.jei.api.recipe.vanilla.IJeiIngredientInfoRecipe]
[18Jun2026 00:28:27.376] [Render thread/DEBUG] [mezz.jei.library.recipes.RecipeManagerInternal/]: Adding recipes: RecipeType[uid=jei:information, recipeClass=interface mezz.jei.api.recipe.vanilla.IJeiIngredientInfoRecipe]
[18Jun2026 00:28:27.376] [Render thread/DEBUG] [mezz.jei.library.recipes.RecipeManagerInternal/]: Adding recipes: RecipeType[uid=jei:information, recipeClass=interface mezz.jei.api.recipe.vanilla.IJeiIngredientInfoRecipe]
[18Jun2026 00:28:27.377] [Render thread/DEBUG] [mezz.jei.library.recipes.RecipeManagerInternal/]: Adding recipes: RecipeType[uid=jei:information, recipeClass=interface mezz.jei.api.recipe.vanilla.IJeiIngredientInfoRecipe]
[18Jun2026 00:28:27.377] [Render thread/DEBUG] [mezz.jei.library.recipes.RecipeManagerInternal/]: Adding recipes: RecipeType[uid=jei:information, recipeClass=interface mezz.jei.api.recipe.vanilla.IJeiIngredientInfoRecipe]
[18Jun2026 00:28:27.377] [Render thread/DEBUG] [mezz.jei.library.recipes.RecipeManagerInternal/]: Adding recipes: RecipeType[uid=jei:information, recipeClass=interface mezz.jei.api.recipe.vanilla.IJeiIngredientInfoRecipe]
[18Jun2026 00:28:27.377] [Render thread/DEBUG] [mezz.jei.library.recipes.RecipeManagerInternal/]: Adding recipes: RecipeType[uid=jei:information, recipeClass=interface mezz.jei.api.recipe.vanilla.IJeiIngredientInfoRecipe]
[18Jun2026 00:28:27.377] [Render thread/DEBUG] [mezz.jei.library.recipes.RecipeManagerInternal/]: Adding recipes: RecipeType[uid=jei:information, recipeClass=interface mezz.jei.api.recipe.vanilla.IJeiIngredientInfoRecipe]
[18Jun2026 00:28:27.377] [Render thread/DEBUG] [mezz.jei.library.recipes.RecipeManagerInternal/]: Adding recipes: RecipeType[uid=jei:information, recipeClass=interface mezz.jei.api.recipe.vanilla.IJeiIngredientInfoRecipe]
[18Jun2026 00:28:27.377] [Render thread/DEBUG] [mezz.jei.library.recipes.RecipeManagerInternal/]: Adding recipes: RecipeType[uid=jei:information, recipeClass=interface mezz.jei.api.recipe.vanilla.IJeiIngredientInfoRecipe]
[18Jun2026 00:28:27.377] [Render thread/DEBUG] [mezz.jei.library.recipes.RecipeManagerInternal/]: Adding recipes: RecipeType[uid=jei:information, recipeClass=interface mezz.jei.api.recipe.vanilla.IJeiIngredientInfoRecipe]
[18Jun2026 00:28:27.377] [Render thread/DEBUG] [mezz.jei.library.recipes.RecipeManagerInternal/]: Adding recipes: RecipeType[uid=jei:information, recipeClass=interface mezz.jei.api.recipe.vanilla.IJeiIngredientInfoRecipe]
[18Jun2026 00:28:27.377] [Render thread/DEBUG] [mezz.jei.library.recipes.RecipeManagerInternal/]: Adding recipes: RecipeType[uid=jei:information, recipeClass=interface mezz.jei.api.recipe.vanilla.IJeiIngredientInfoRecipe]
[18Jun2026 00:28:27.378] [Render thread/DEBUG] [mezz.jei.library.recipes.RecipeManagerInternal/]: Adding recipes: RecipeType[uid=jei:information, recipeClass=interface mezz.jei.api.recipe.vanilla.IJeiIngredientInfoRecipe]
[18Jun2026 00:28:27.378] [Render thread/DEBUG] [mezz.jei.library.recipes.RecipeManagerInternal/]: Adding recipes: RecipeType[uid=jei:information, recipeClass=interface mezz.jei.api.recipe.vanilla.IJeiIngredientInfoRecipe]
[18Jun2026 00:28:27.378] [Render thread/DEBUG] [mezz.jei.library.recipes.RecipeManagerInternal/]: Adding recipes: RecipeType[uid=jei:information, recipeClass=interface mezz.jei.api.recipe.vanilla.IJeiIngredientInfoRecipe]
[18Jun2026 00:28:27.378] [Render thread/DEBUG] [mezz.jei.library.recipes.RecipeManagerInternal/]: Adding recipes: RecipeType[uid=jei:information, recipeClass=interface mezz.jei.api.recipe.vanilla.IJeiIngredientInfoRecipe]
[18Jun2026 00:28:27.378] [Render thread/DEBUG] [mezz.jei.library.recipes.RecipeManagerInternal/]: Adding recipes: RecipeType[uid=jei:information, recipeClass=interface mezz.jei.api.recipe.vanilla.IJeiIngredientInfoRecipe]
[18Jun2026 00:28:27.378] [Render thread/DEBUG] [mezz.jei.library.recipes.RecipeManagerInternal/]: Adding recipes: RecipeType[uid=jei:information, recipeClass=interface mezz.jei.api.recipe.vanilla.IJeiIngredientInfoRecipe]
[18Jun2026 00:28:27.378] [Render thread/DEBUG] [mezz.jei.library.recipes.RecipeManagerInternal/]: Adding recipes: RecipeType[uid=jei:information, recipeClass=interface mezz.jei.api.recipe.vanilla.IJeiIngredientInfoRecipe]
[18Jun2026 00:28:27.379] [Render thread/DEBUG] [mezz.jei.library.recipes.RecipeManagerInternal/]: Adding recipes: RecipeType[uid=jei:information, recipeClass=interface mezz.jei.api.recipe.vanilla.IJeiIngredientInfoRecipe]
[18Jun2026 00:28:27.379] [Render thread/DEBUG] [mezz.jei.library.recipes.RecipeManagerInternal/]: Adding recipes: RecipeType[uid=jei:information, recipeClass=interface mezz.jei.api.recipe.vanilla.IJeiIngredientInfoRecipe]
[18Jun2026 00:28:27.379] [Render thread/DEBUG] [mezz.jei.library.recipes.RecipeManagerInternal/]: Adding recipes: RecipeType[uid=jei:information, recipeClass=interface mezz.jei.api.recipe.vanilla.IJeiIngredientInfoRecipe]
[18Jun2026 00:28:27.379] [Render thread/DEBUG] [mezz.jei.library.recipes.RecipeManagerInternal/]: Adding recipes: RecipeType[uid=jei:information, recipeClass=interface mezz.jei.api.recipe.vanilla.IJeiIngredientInfoRecipe]
[18Jun2026 00:28:27.379] [Render thread/DEBUG] [mezz.jei.library.recipes.RecipeManagerInternal/]: Adding recipes: RecipeType[uid=jei:information, recipeClass=interface mezz.jei.api.recipe.vanilla.IJeiIngredientInfoRecipe]
[18Jun2026 00:28:27.379] [Render thread/DEBUG] [mezz.jei.library.recipes.RecipeManagerInternal/]: Adding recipes: RecipeType[uid=jei:information, recipeClass=interface mezz.jei.api.recipe.vanilla.IJeiIngredientInfoRecipe]
[18Jun2026 00:28:27.380] [Render thread/DEBUG] [mezz.jei.library.recipes.RecipeManagerInternal/]: Adding recipes: RecipeType[uid=jei:information, recipeClass=interface mezz.jei.api.recipe.vanilla.IJeiIngredientInfoRecipe]
[18Jun2026 00:28:27.380] [Render thread/DEBUG] [mezz.jei.library.recipes.RecipeManagerInternal/]: Adding recipes: RecipeType[uid=jei:information, recipeClass=interface mezz.jei.api.recipe.vanilla.IJeiIngredientInfoRecipe]
[18Jun2026 00:28:27.380] [Render thread/DEBUG] [mezz.jei.library.recipes.RecipeManagerInternal/]: Adding recipes: RecipeType[uid=jei:information, recipeClass=interface mezz.jei.api.recipe.vanilla.IJeiIngredientInfoRecipe]
[18Jun2026 00:28:27.380] [Render thread/DEBUG] [mezz.jei.library.recipes.RecipeManagerInternal/]: Adding recipes: RecipeType[uid=jei:information, recipeClass=interface mezz.jei.api.recipe.vanilla.IJeiIngredientInfoRecipe]
[18Jun2026 00:28:27.380] [Render thread/DEBUG] [mezz.jei.library.recipes.RecipeManagerInternal/]: Adding recipes: RecipeType[uid=jei:information, recipeClass=interface mezz.jei.api.recipe.vanilla.IJeiIngredientInfoRecipe]
[18Jun2026 00:28:27.380] [Render thread/DEBUG] [mezz.jei.library.recipes.RecipeManagerInternal/]: Adding recipes: RecipeType[uid=jei:information, recipeClass=interface mezz.jei.api.recipe.vanilla.IJeiIngredientInfoRecipe]
[18Jun2026 00:28:27.380] [Render thread/DEBUG] [mezz.jei.library.recipes.RecipeManagerInternal/]: Adding recipes: RecipeType[uid=jei:information, recipeClass=interface mezz.jei.api.recipe.vanilla.IJeiIngredientInfoRecipe]
[18Jun2026 00:28:27.381] [Render thread/DEBUG] [mezz.jei.library.recipes.RecipeManagerInternal/]: Adding recipes: RecipeType[uid=jei:information, recipeClass=interface mezz.jei.api.recipe.vanilla.IJeiIngredientInfoRecipe]
[18Jun2026 00:28:27.381] [Render thread/DEBUG] [mezz.jei.library.recipes.RecipeManagerInternal/]: Adding recipes: RecipeType[uid=jei:information, recipeClass=interface mezz.jei.api.recipe.vanilla.IJeiIngredientInfoRecipe]
[18Jun2026 00:28:27.381] [Render thread/DEBUG] [mezz.jei.library.recipes.RecipeManagerInternal/]: Adding recipes: RecipeType[uid=jei:information, recipeClass=interface mezz.jei.api.recipe.vanilla.IJeiIngredientInfoRecipe]
[18Jun2026 00:28:27.381] [Render thread/DEBUG] [mezz.jei.library.recipes.RecipeManagerInternal/]: Adding recipes: RecipeType[uid=jei:information, recipeClass=interface mezz.jei.api.recipe.vanilla.IJeiIngredientInfoRecipe]
[18Jun2026 00:28:27.381] [Render thread/DEBUG] [mezz.jei.library.recipes.RecipeManagerInternal/]: Adding recipes: RecipeType[uid=jei:information, recipeClass=interface mezz.jei.api.recipe.vanilla.IJeiIngredientInfoRecipe]
[18Jun2026 00:28:27.381] [Render thread/DEBUG] [mezz.jei.library.recipes.RecipeManagerInternal/]: Adding recipes: RecipeType[uid=jei:information, recipeClass=interface mezz.jei.api.recipe.vanilla.IJeiIngredientInfoRecipe]
[18Jun2026 00:28:27.381] [Render thread/DEBUG] [mezz.jei.library.recipes.RecipeManagerInternal/]: Adding recipes: RecipeType[uid=jei:information, recipeClass=interface mezz.jei.api.recipe.vanilla.IJeiIngredientInfoRecipe]
[18Jun2026 00:28:27.381] [Render thread/DEBUG] [mezz.jei.library.recipes.RecipeManagerInternal/]: Adding recipes: RecipeType[uid=jei:information, recipeClass=interface mezz.jei.api.recipe.vanilla.IJeiIngredientInfoRecipe]
[18Jun2026 00:28:27.381] [Render thread/DEBUG] [mezz.jei.library.recipes.RecipeManagerInternal/]: Adding recipes: RecipeType[uid=jei:information, recipeClass=interface mezz.jei.api.recipe.vanilla.IJeiIngredientInfoRecipe]
[18Jun2026 00:28:27.382] [Render thread/DEBUG] [mezz.jei.library.recipes.RecipeManagerInternal/]: Adding recipes: RecipeType[uid=jei:information, recipeClass=interface mezz.jei.api.recipe.vanilla.IJeiIngredientInfoRecipe]
[18Jun2026 00:28:27.382] [Render thread/DEBUG] [mezz.jei.library.recipes.RecipeManagerInternal/]: Adding recipes: RecipeType[uid=jei:information, recipeClass=interface mezz.jei.api.recipe.vanilla.IJeiIngredientInfoRecipe]
[18Jun2026 00:28:27.382] [Render thread/DEBUG] [mezz.jei.library.recipes.RecipeManagerInternal/]: Adding recipes: RecipeType[uid=jei:information, recipeClass=interface mezz.jei.api.recipe.vanilla.IJeiIngredientInfoRecipe]
[18Jun2026 00:28:27.382] [Render thread/DEBUG] [mezz.jei.library.recipes.RecipeManagerInternal/]: Adding recipes: RecipeType[uid=jei:information, recipeClass=interface mezz.jei.api.recipe.vanilla.IJeiIngredientInfoRecipe]
[18Jun2026 00:28:27.382] [Render thread/DEBUG] [mezz.jei.library.recipes.RecipeManagerInternal/]: Adding recipes: RecipeType[uid=jei:information, recipeClass=interface mezz.jei.api.recipe.vanilla.IJeiIngredientInfoRecipe]
[18Jun2026 00:28:27.382] [Render thread/DEBUG] [mezz.jei.library.recipes.RecipeManagerInternal/]: Adding recipes: RecipeType[uid=jei:information, recipeClass=interface mezz.jei.api.recipe.vanilla.IJeiIngredientInfoRecipe]
[18Jun2026 00:28:27.382] [Render thread/DEBUG] [mezz.jei.library.recipes.RecipeManagerInternal/]: Adding recipes: RecipeType[uid=jei:information, recipeClass=interface mezz.jei.api.recipe.vanilla.IJeiIngredientInfoRecipe]
[18Jun2026 00:28:27.382] [Render thread/DEBUG] [mezz.jei.library.recipes.RecipeManagerInternal/]: Adding recipes: RecipeType[uid=jei:information, recipeClass=interface mezz.jei.api.recipe.vanilla.IJeiIngredientInfoRecipe]
[18Jun2026 00:28:27.382] [Render thread/DEBUG] [mezz.jei.library.recipes.RecipeManagerInternal/]: Adding recipes: RecipeType[uid=jei:information, recipeClass=interface mezz.jei.api.recipe.vanilla.IJeiIngredientInfoRecipe]
[18Jun2026 00:28:27.383] [Render thread/DEBUG] [mezz.jei.library.recipes.RecipeManagerInternal/]: Adding recipes: RecipeType[uid=jei:information, recipeClass=interface mezz.jei.api.recipe.vanilla.IJeiIngredientInfoRecipe]
[18Jun2026 00:28:27.383] [Render thread/DEBUG] [mezz.jei.library.recipes.RecipeManagerInternal/]: Adding recipes: RecipeType[uid=jei:information, recipeClass=interface mezz.jei.api.recipe.vanilla.IJeiIngredientInfoRecipe]
[18Jun2026 00:28:27.383] [Render thread/DEBUG] [mezz.jei.library.recipes.RecipeManagerInternal/]: Adding recipes: RecipeType[uid=jei:information, recipeClass=interface mezz.jei.api.recipe.vanilla.IJeiIngredientInfoRecipe]
[18Jun2026 00:28:27.383] [Render thread/DEBUG] [mezz.jei.library.recipes.RecipeManagerInternal/]: Adding recipes: RecipeType[uid=jei:information, recipeClass=interface mezz.jei.api.recipe.vanilla.IJeiIngredientInfoRecipe]
[18Jun2026 00:28:27.383] [Render thread/DEBUG] [mezz.jei.library.recipes.RecipeManagerInternal/]: Adding recipes: RecipeType[uid=jei:information, recipeClass=interface mezz.jei.api.recipe.vanilla.IJeiIngredientInfoRecipe]
[18Jun2026 00:28:27.383] [Render thread/DEBUG] [mezz.jei.library.recipes.RecipeManagerInternal/]: Adding recipes: RecipeType[uid=jei:information, recipeClass=interface mezz.jei.api.recipe.vanilla.IJeiIngredientInfoRecipe]
[18Jun2026 00:28:27.383] [Render thread/DEBUG] [mezz.jei.library.recipes.RecipeManagerInternal/]: Adding recipes: RecipeType[uid=jei:information, recipeClass=interface mezz.jei.api.recipe.vanilla.IJeiIngredientInfoRecipe]
[18Jun2026 00:28:27.383] [Render thread/DEBUG] [mezz.jei.library.recipes.RecipeManagerInternal/]: Adding recipes: RecipeType[uid=jei:information, recipeClass=interface mezz.jei.api.recipe.vanilla.IJeiIngredientInfoRecipe]
[18Jun2026 00:28:27.383] [Render thread/DEBUG] [mezz.jei.library.recipes.RecipeManagerInternal/]: Adding recipes: RecipeType[uid=jei:information, recipeClass=interface mezz.jei.api.recipe.vanilla.IJeiIngredientInfoRecipe]
[18Jun2026 00:28:27.384] [Render thread/DEBUG] [mezz.jei.library.recipes.RecipeManagerInternal/]: Adding recipes: RecipeType[uid=jei:information, recipeClass=interface mezz.jei.api.recipe.vanilla.IJeiIngredientInfoRecipe]
[18Jun2026 00:28:27.384] [Render thread/DEBUG] [mezz.jei.library.recipes.RecipeManagerInternal/]: Adding recipes: RecipeType[uid=jei:information, recipeClass=interface mezz.jei.api.recipe.vanilla.IJeiIngredientInfoRecipe]
[18Jun2026 00:28:27.384] [Render thread/DEBUG] [mezz.jei.library.recipes.RecipeManagerInternal/]: Adding recipes: RecipeType[uid=jei:information, recipeClass=interface mezz.jei.api.recipe.vanilla.IJeiIngredientInfoRecipe]
[18Jun2026 00:28:27.384] [Render thread/DEBUG] [mezz.jei.library.recipes.RecipeManagerInternal/]: Adding recipes: RecipeType[uid=jei:information, recipeClass=interface mezz.jei.api.recipe.vanilla.IJeiIngredientInfoRecipe]
[18Jun2026 00:28:27.384] [Render thread/DEBUG] [mezz.jei.library.recipes.RecipeManagerInternal/]: Adding recipes: RecipeType[uid=jei:information, recipeClass=interface mezz.jei.api.recipe.vanilla.IJeiIngredientInfoRecipe]
[18Jun2026 00:28:27.384] [Render thread/DEBUG] [mezz.jei.library.recipes.RecipeManagerInternal/]: Adding recipes: RecipeType[uid=jei:information, recipeClass=interface mezz.jei.api.recipe.vanilla.IJeiIngredientInfoRecipe]
[18Jun2026 00:28:27.384] [Render thread/DEBUG] [mezz.jei.library.recipes.RecipeManagerInternal/]: Adding recipes: RecipeType[uid=jei:information, recipeClass=interface mezz.jei.api.recipe.vanilla.IJeiIngredientInfoRecipe]
[18Jun2026 00:28:27.384] [Render thread/DEBUG] [mezz.jei.library.recipes.RecipeManagerInternal/]: Adding recipes: RecipeType[uid=jei:information, recipeClass=interface mezz.jei.api.recipe.vanilla.IJeiIngredientInfoRecipe]
[18Jun2026 00:28:27.384] [Render thread/DEBUG] [mezz.jei.library.recipes.RecipeManagerInternal/]: Adding recipes: RecipeType[uid=jei:information, recipeClass=interface mezz.jei.api.recipe.vanilla.IJeiIngredientInfoRecipe]
[18Jun2026 00:28:27.384] [Render thread/DEBUG] [mezz.jei.library.recipes.RecipeManagerInternal/]: Adding recipes: RecipeType[uid=jei:information, recipeClass=interface mezz.jei.api.recipe.vanilla.IJeiIngredientInfoRecipe]
[18Jun2026 00:28:27.385] [Render thread/DEBUG] [mezz.jei.library.recipes.RecipeManagerInternal/]: Adding recipes: RecipeType[uid=jei:information, recipeClass=interface mezz.jei.api.recipe.vanilla.IJeiIngredientInfoRecipe]
[18Jun2026 00:28:27.385] [Render thread/DEBUG] [mezz.jei.library.recipes.RecipeManagerInternal/]: Adding recipes: RecipeType[uid=jei:information, recipeClass=interface mezz.jei.api.recipe.vanilla.IJeiIngredientInfoRecipe]
[18Jun2026 00:28:27.385] [Render thread/DEBUG] [mezz.jei.library.recipes.RecipeManagerInternal/]: Adding recipes: RecipeType[uid=jei:information, recipeClass=interface mezz.jei.api.recipe.vanilla.IJeiIngredientInfoRecipe]
[18Jun2026 00:28:27.385] [Render thread/DEBUG] [mezz.jei.library.recipes.RecipeManagerInternal/]: Adding recipes: RecipeType[uid=jei:information, recipeClass=interface mezz.jei.api.recipe.vanilla.IJeiIngredientInfoRecipe]
[18Jun2026 00:28:27.385] [Render thread/DEBUG] [mezz.jei.library.recipes.RecipeManagerInternal/]: Adding recipes: RecipeType[uid=jei:information, recipeClass=interface mezz.jei.api.recipe.vanilla.IJeiIngredientInfoRecipe]
[18Jun2026 00:28:27.385] [Render thread/DEBUG] [mezz.jei.library.recipes.RecipeManagerInternal/]: Adding recipes: RecipeType[uid=jei:information, recipeClass=interface mezz.jei.api.recipe.vanilla.IJeiIngredientInfoRecipe]
[18Jun2026 00:28:27.385] [Render thread/DEBUG] [mezz.jei.library.recipes.RecipeManagerInternal/]: Adding recipes: RecipeType[uid=jei:information, recipeClass=interface mezz.jei.api.recipe.vanilla.IJeiIngredientInfoRecipe]
[18Jun2026 00:28:27.386] [Render thread/DEBUG] [mezz.jei.library.recipes.RecipeManagerInternal/]: Adding recipes: RecipeType[uid=jei:information, recipeClass=interface mezz.jei.api.recipe.vanilla.IJeiIngredientInfoRecipe]
[18Jun2026 00:28:27.386] [Render thread/DEBUG] [mezz.jei.library.recipes.RecipeManagerInternal/]: Adding recipes: RecipeType[uid=jei:information, recipeClass=interface mezz.jei.api.recipe.vanilla.IJeiIngredientInfoRecipe]
[18Jun2026 00:28:27.386] [Render thread/DEBUG] [mezz.jei.library.recipes.RecipeManagerInternal/]: Adding recipes: RecipeType[uid=jei:information, recipeClass=interface mezz.jei.api.recipe.vanilla.IJeiIngredientInfoRecipe]
[18Jun2026 00:28:27.386] [Render thread/DEBUG] [mezz.jei.library.recipes.RecipeManagerInternal/]: Adding recipes: RecipeType[uid=jei:information, recipeClass=interface mezz.jei.api.recipe.vanilla.IJeiIngredientInfoRecipe]
[18Jun2026 00:28:27.386] [Render thread/DEBUG] [mezz.jei.library.recipes.RecipeManagerInternal/]: Adding recipes: RecipeType[uid=jei:information, recipeClass=interface mezz.jei.api.recipe.vanilla.IJeiIngredientInfoRecipe]
[18Jun2026 00:28:27.386] [Render thread/DEBUG] [mezz.jei.library.recipes.RecipeManagerInternal/]: Adding recipes: RecipeType[uid=jei:information, recipeClass=interface mezz.jei.api.recipe.vanilla.IJeiIngredientInfoRecipe]
[18Jun2026 00:28:27.386] [Render thread/DEBUG] [mezz.jei.library.recipes.RecipeManagerInternal/]: Adding recipes: RecipeType[uid=jei:information, recipeClass=interface mezz.jei.api.recipe.vanilla.IJeiIngredientInfoRecipe]
[18Jun2026 00:28:27.387] [Render thread/DEBUG] [mezz.jei.library.recipes.RecipeManagerInternal/]: Adding recipes: RecipeType[uid=jei:information, recipeClass=interface mezz.jei.api.recipe.vanilla.IJeiIngredientInfoRecipe]
[18Jun2026 00:28:27.387] [Render thread/DEBUG] [mezz.jei.library.recipes.RecipeManagerInternal/]: Adding recipes: RecipeType[uid=jei:information, recipeClass=interface mezz.jei.api.recipe.vanilla.IJeiIngredientInfoRecipe]
[18Jun2026 00:28:27.387] [Render thread/DEBUG] [mezz.jei.library.recipes.RecipeManagerInternal/]: Adding recipes: RecipeType[uid=jei:information, recipeClass=interface mezz.jei.api.recipe.vanilla.IJeiIngredientInfoRecipe]
[18Jun2026 00:28:27.387] [Render thread/DEBUG] [mezz.jei.library.recipes.RecipeManagerInternal/]: Adding recipes: RecipeType[uid=jei:information, recipeClass=interface mezz.jei.api.recipe.vanilla.IJeiIngredientInfoRecipe]
[18Jun2026 00:28:27.388] [Render thread/DEBUG] [mezz.jei.library.recipes.RecipeManagerInternal/]: Adding recipes: RecipeType[uid=jei:information, recipeClass=interface mezz.jei.api.recipe.vanilla.IJeiIngredientInfoRecipe]
[18Jun2026 00:28:27.388] [Render thread/DEBUG] [mezz.jei.library.recipes.RecipeManagerInternal/]: Adding recipes: RecipeType[uid=jei:information, recipeClass=interface mezz.jei.api.recipe.vanilla.IJeiIngredientInfoRecipe]
[18Jun2026 00:28:27.388] [Render thread/DEBUG] [mezz.jei.library.recipes.RecipeManagerInternal/]: Adding recipes: RecipeType[uid=jei:information, recipeClass=interface mezz.jei.api.recipe.vanilla.IJeiIngredientInfoRecipe]
[18Jun2026 00:28:27.388] [Render thread/DEBUG] [mezz.jei.library.recipes.RecipeManagerInternal/]: Adding recipes: RecipeType[uid=jei:information, recipeClass=interface mezz.jei.api.recipe.vanilla.IJeiIngredientInfoRecipe]
[18Jun2026 00:28:27.388] [Render thread/DEBUG] [mezz.jei.library.recipes.RecipeManagerInternal/]: Adding recipes: RecipeType[uid=jei:information, recipeClass=interface mezz.jei.api.recipe.vanilla.IJeiIngredientInfoRecipe]
[18Jun2026 00:28:27.388] [Render thread/DEBUG] [mezz.jei.library.recipes.RecipeManagerInternal/]: Adding recipes: RecipeType[uid=jei:information, recipeClass=interface mezz.jei.api.recipe.vanilla.IJeiIngredientInfoRecipe]
[18Jun2026 00:28:27.388] [Render thread/DEBUG] [mezz.jei.library.recipes.RecipeManagerInternal/]: Adding recipes: RecipeType[uid=jei:information, recipeClass=interface mezz.jei.api.recipe.vanilla.IJeiIngredientInfoRecipe]
[18Jun2026 00:28:27.388] [Render thread/DEBUG] [mezz.jei.library.recipes.RecipeManagerInternal/]: Adding recipes: RecipeType[uid=jei:information, recipeClass=interface mezz.jei.api.recipe.vanilla.IJeiIngredientInfoRecipe]
[18Jun2026 00:28:27.388] [Render thread/DEBUG] [mezz.jei.library.recipes.RecipeManagerInternal/]: Adding recipes: RecipeType[uid=jei:information, recipeClass=interface mezz.jei.api.recipe.vanilla.IJeiIngredientInfoRecipe]
[18Jun2026 00:28:27.388] [Render thread/DEBUG] [mezz.jei.library.recipes.RecipeManagerInternal/]: Adding recipes: RecipeType[uid=jei:information, recipeClass=interface mezz.jei.api.recipe.vanilla.IJeiIngredientInfoRecipe]
[18Jun2026 00:28:27.389] [Render thread/DEBUG] [mezz.jei.library.recipes.RecipeManagerInternal/]: Adding recipes: RecipeType[uid=jei:information, recipeClass=interface mezz.jei.api.recipe.vanilla.IJeiIngredientInfoRecipe]
[18Jun2026 00:28:27.389] [Render thread/DEBUG] [mezz.jei.library.recipes.RecipeManagerInternal/]: Adding recipes: RecipeType[uid=jei:information, recipeClass=interface mezz.jei.api.recipe.vanilla.IJeiIngredientInfoRecipe]
[18Jun2026 00:28:27.389] [Render thread/DEBUG] [mezz.jei.library.recipes.RecipeManagerInternal/]: Adding recipes: RecipeType[uid=jei:information, recipeClass=interface mezz.jei.api.recipe.vanilla.IJeiIngredientInfoRecipe]
[18Jun2026 00:28:27.389] [Render thread/DEBUG] [mezz.jei.library.recipes.RecipeManagerInternal/]: Adding recipes: RecipeType[uid=jei:information, recipeClass=interface mezz.jei.api.recipe.vanilla.IJeiIngredientInfoRecipe]
[18Jun2026 00:28:27.389] [Render thread/DEBUG] [mezz.jei.library.recipes.RecipeManagerInternal/]: Adding recipes: RecipeType[uid=jei:information, recipeClass=interface mezz.jei.api.recipe.vanilla.IJeiIngredientInfoRecipe]
[18Jun2026 00:28:27.389] [Render thread/DEBUG] [mezz.jei.library.recipes.RecipeManagerInternal/]: Adding recipes: RecipeType[uid=jei:information, recipeClass=interface mezz.jei.api.recipe.vanilla.IJeiIngredientInfoRecipe]
[18Jun2026 00:28:27.389] [Render thread/DEBUG] [mezz.jei.library.recipes.RecipeManagerInternal/]: Adding recipes: RecipeType[uid=jei:information, recipeClass=interface mezz.jei.api.recipe.vanilla.IJeiIngredientInfoRecipe]
[18Jun2026 00:28:27.389] [Render thread/DEBUG] [mezz.jei.library.recipes.RecipeManagerInternal/]: Adding recipes: RecipeType[uid=jei:information, recipeClass=interface mezz.jei.api.recipe.vanilla.IJeiIngredientInfoRecipe]
[18Jun2026 00:28:27.389] [Render thread/DEBUG] [mezz.jei.library.recipes.RecipeManagerInternal/]: Adding recipes: RecipeType[uid=jei:information, recipeClass=interface mezz.jei.api.recipe.vanilla.IJeiIngredientInfoRecipe]
[18Jun2026 00:28:27.389] [Render thread/INFO] [mezz.jei.library.load.PluginCallerTimerRunnable/]: Registering recipes: irons_spellbooks:jei_plugin took 543.0 milliseconds
[18Jun2026 00:28:27.389] [Render thread/DEBUG] [mezz.jei.library.load.PluginCallerTimerRunnable/]: Registering recipes: jei:debug...
[18Jun2026 00:28:27.389] [Render thread/DEBUG] [mezz.jei.library.load.PluginCallerTimerRunnable/]: Registering recipes: jei:gui...
[18Jun2026 00:28:27.389] [Render thread/DEBUG] [mezz.jei.library.load.PluginCallerTimerRunnable/]: Registering recipes: jei:forge_gui...
[18Jun2026 00:28:27.389] [Render thread/DEBUG] [mezz.jei.library.load.PluginCallerTimerRunnable/]: Registering recipes: curios:curios...
[18Jun2026 00:28:27.389] [Render thread/DEBUG] [mezz.jei.library.load.PluginCallerTimerRunnable/]: Registering recipes: aquamirae:jei...
[18Jun2026 00:28:27.391] [Render thread/DEBUG] [mezz.jei.library.recipes.RecipeManagerInternal/]: Adding recipes: RecipeType[uid=minecraft:brewing, recipeClass=interface mezz.jei.api.recipe.vanilla.IJeiBrewingRecipe]
[18Jun2026 00:28:27.391] [Render thread/DEBUG] [mezz.jei.library.load.PluginCallerTimerRunnable/]: Registering recipes: jei:internal...
[18Jun2026 00:28:27.393] [Render thread/DEBUG] [mezz.jei.library.plugins.jei.tags.TagInfoRecipeMaker/]: No valid ingredients found for minecraft:block tag: #minecraft:fire (minecraft:fire)
[18Jun2026 00:28:27.393] [Render thread/DEBUG] [mezz.jei.library.plugins.jei.tags.TagInfoRecipeMaker/]: No valid ingredients found for minecraft:block tag: #minecraft:candle_cakes (minecraft:candle_cakes)
[18Jun2026 00:28:27.393] [Render thread/DEBUG] [mezz.jei.library.plugins.jei.tags.TagInfoRecipeMaker/]: No valid ingredients found for minecraft:block tag: #forge:enderman_place_on_blacklist (forge:enderman_place_on_blacklist)
[18Jun2026 00:28:27.394] [Render thread/DEBUG] [mezz.jei.library.plugins.jei.tags.TagInfoRecipeMaker/]: No valid ingredients found for minecraft:block tag: #minecraft:portals (minecraft:portals)
[18Jun2026 00:28:27.394] [Render thread/DEBUG] [mezz.jei.library.plugins.jei.tags.TagInfoRecipeMaker/]: No valid ingredients found for minecraft:block tag: #minecraft:strider_warm_blocks (minecraft:strider_warm_blocks)
[18Jun2026 00:28:27.395] [Render thread/DEBUG] [mezz.jei.library.plugins.jei.tags.TagInfoRecipeMaker/]: No valid ingredients found for minecraft:block tag: #minecraft:invalid_spawn_inside (minecraft:invalid_spawn_inside)
[18Jun2026 00:28:27.395] [Render thread/DEBUG] [mezz.jei.library.recipes.RecipeManagerInternal/]: Adding recipes: RecipeType[uid=minecraft:tag_recipes/block, recipeClass=interface mezz.jei.library.plugins.jei.tags.ITagInfoRecipe]
[18Jun2026 00:28:27.406] [Render thread/DEBUG] [mezz.jei.library.plugins.jei.tags.TagInfoRecipeMaker/]: No valid ingredients found for minecraft:item tag: #irons_spellbooks:patchouli_drop (irons_spellbooks:patchouli_drop)
[18Jun2026 00:28:27.407] [Render thread/DEBUG] [mezz.jei.library.recipes.RecipeManagerInternal/]: Adding recipes: RecipeType[uid=minecraft:tag_recipes/item, recipeClass=interface mezz.jei.library.plugins.jei.tags.ITagInfoRecipe]
[18Jun2026 00:28:27.418] [Render thread/DEBUG] [mezz.jei.library.plugins.jei.tags.TagInfoRecipeMaker/]: No valid ingredients found for minecraft:fluid tag: #forge:milk (forge:milk)
[18Jun2026 00:28:27.418] [Render thread/DEBUG] [mezz.jei.library.recipes.RecipeManagerInternal/]: Adding recipes: RecipeType[uid=minecraft:tag_recipes/fluid, recipeClass=interface mezz.jei.library.plugins.jei.tags.ITagInfoRecipe]
[18Jun2026 00:28:27.418] [Render thread/INFO] [mezz.jei.library.load.PluginCallerTimerRunnable/]: Registering recipes: jei:internal took 27.49 milliseconds
[18Jun2026 00:28:27.419] [Render thread/INFO] [mezz.jei.library.load.PluginCaller/]: Registering recipes took 777.4 ms
[18Jun2026 00:28:27.425] [Render thread/INFO] [mezz.jei.library.load.PluginCaller/]: Registering recipes transfer handlers...
[18Jun2026 00:28:27.425] [Render thread/DEBUG] [mezz.jei.library.load.PluginCallerTimerRunnable/]: Registering recipes transfer handlers: jei:minecraft...
[18Jun2026 00:28:27.428] [Render thread/DEBUG] [mezz.jei.library.load.PluginCallerTimerRunnable/]: Registering recipes transfer handlers: configured:jei_plugin...
[18Jun2026 00:28:27.428] [Render thread/DEBUG] [mezz.jei.library.load.PluginCallerTimerRunnable/]: Registering recipes transfer handlers: jade:main...
[18Jun2026 00:28:27.428] [Render thread/DEBUG] [mezz.jei.library.load.PluginCallerTimerRunnable/]: Registering recipes transfer handlers: irons_spellbooks:jei_plugin...
[18Jun2026 00:28:27.428] [Render thread/DEBUG] [mezz.jei.library.load.PluginCallerTimerRunnable/]: Registering recipes transfer handlers: jei:debug...
[18Jun2026 00:28:27.428] [Render thread/DEBUG] [mezz.jei.library.load.PluginCallerTimerRunnable/]: Registering recipes transfer handlers: jei:gui...
[18Jun2026 00:28:27.428] [Render thread/DEBUG] [mezz.jei.library.load.PluginCallerTimerRunnable/]: Registering recipes transfer handlers: jei:forge_gui...
[18Jun2026 00:28:27.428] [Render thread/DEBUG] [mezz.jei.library.load.PluginCallerTimerRunnable/]: Registering recipes transfer handlers: curios:curios...
[18Jun2026 00:28:27.428] [Render thread/DEBUG] [mezz.jei.library.load.PluginCallerTimerRunnable/]: Registering recipes transfer handlers: aquamirae:jei...
[18Jun2026 00:28:27.428] [Render thread/DEBUG] [mezz.jei.library.load.PluginCallerTimerRunnable/]: Registering recipes transfer handlers: jei:internal...
[18Jun2026 00:28:27.428] [Render thread/INFO] [mezz.jei.library.load.PluginCaller/]: Registering recipes transfer handlers took 2.467 ms
[18Jun2026 00:28:27.436] [Render thread/INFO] [mezz.jei.core.util.LoggedTimer/]: Building runtime...
[18Jun2026 00:28:27.437] [Render thread/INFO] [mezz.jei.library.load.PluginCaller/]: Registering gui handlers...
[18Jun2026 00:28:27.438] [Render thread/DEBUG] [mezz.jei.library.load.PluginCallerTimerRunnable/]: Registering gui handlers: jei:minecraft...
[18Jun2026 00:28:27.439] [Render thread/DEBUG] [mezz.jei.library.load.PluginCallerTimerRunnable/]: Registering gui handlers: configured:jei_plugin...
[18Jun2026 00:28:27.439] [Render thread/DEBUG] [mezz.jei.library.load.PluginCallerTimerRunnable/]: Registering gui handlers: jade:main...
[18Jun2026 00:28:27.439] [Render thread/DEBUG] [mezz.jei.library.load.PluginCallerTimerRunnable/]: Registering gui handlers: irons_spellbooks:jei_plugin...
[18Jun2026 00:28:27.439] [Render thread/DEBUG] [mezz.jei.library.load.PluginCallerTimerRunnable/]: Registering gui handlers: jei:debug...
[18Jun2026 00:28:27.439] [Render thread/DEBUG] [mezz.jei.library.load.PluginCallerTimerRunnable/]: Registering gui handlers: jei:gui...
[18Jun2026 00:28:27.443] [Render thread/DEBUG] [mezz.jei.library.load.PluginCallerTimerRunnable/]: Registering gui handlers: jei:forge_gui...
[18Jun2026 00:28:27.443] [Render thread/DEBUG] [mezz.jei.library.load.PluginCallerTimerRunnable/]: Registering gui handlers: curios:curios...
[18Jun2026 00:28:27.443] [Render thread/DEBUG] [mezz.jei.library.load.PluginCallerTimerRunnable/]: Registering gui handlers: aquamirae:jei...
[18Jun2026 00:28:27.443] [Render thread/DEBUG] [mezz.jei.library.load.PluginCallerTimerRunnable/]: Registering gui handlers: jei:internal...
[18Jun2026 00:28:27.443] [Render thread/INFO] [mezz.jei.library.load.PluginCaller/]: Registering gui handlers took 5.934 ms
[18Jun2026 00:28:27.445] [Render thread/INFO] [mezz.jei.library.load.PluginCaller/]: Registering Runtime...
[18Jun2026 00:28:27.447] [Render thread/DEBUG] [mezz.jei.library.load.PluginCallerTimerRunnable/]: Registering Runtime: jei:minecraft...
[18Jun2026 00:28:27.447] [Render thread/DEBUG] [mezz.jei.library.load.PluginCallerTimerRunnable/]: Registering Runtime: configured:jei_plugin...
[18Jun2026 00:28:27.465] [Render thread/INFO] [mezz.jei.library.load.PluginCallerTimerRunnable/]: Registering Runtime: configured:jei_plugin took 18.68 milliseconds
[18Jun2026 00:28:27.465] [Render thread/DEBUG] [mezz.jei.library.load.PluginCallerTimerRunnable/]: Registering Runtime: jade:main...
[18Jun2026 00:28:27.465] [Render thread/DEBUG] [mezz.jei.library.load.PluginCallerTimerRunnable/]: Registering Runtime: irons_spellbooks:jei_plugin...
[18Jun2026 00:28:27.465] [Render thread/DEBUG] [mezz.jei.library.load.PluginCallerTimerRunnable/]: Registering Runtime: jei:debug...
[18Jun2026 00:28:27.465] [Render thread/DEBUG] [mezz.jei.library.load.PluginCallerTimerRunnable/]: Registering Runtime: jei:gui...
[18Jun2026 00:28:27.465] [Render thread/DEBUG] [mezz.jei.library.load.PluginCallerTimerRunnable/]: Registering Runtime: jei:forge_gui...
[18Jun2026 00:28:27.467] [Render thread/INFO] [mezz.jei.gui.startup.JeiGuiStarter/]: Starting JEI GUI
[18Jun2026 00:28:27.468] [Render thread/INFO] [mezz.jei.core.util.LoggedTimer/]: Building ingredient list...
[18Jun2026 00:28:27.469] [Render thread/DEBUG] [mezz.jei.gui.ingredients.IngredientListElementFactory/]: Registering ingredients: ItemStack
[18Jun2026 00:28:27.497] [Render thread/DEBUG] [mezz.jei.gui.ingredients.IngredientListElementFactory/]: Registering ingredients: FluidStack
[18Jun2026 00:28:27.497] [Render thread/INFO] [mezz.jei.core.util.LoggedTimer/]: Building ingredient list took 29.28 ms
[18Jun2026 00:28:27.497] [Render thread/INFO] [mezz.jei.core.util.LoggedTimer/]: Building ingredient filter...
[18Jun2026 00:28:27.525] [Render thread/INFO] [mezz.jei.gui.ingredients.IngredientFilter/]: Adding 2641 ingredients
[18Jun2026 00:28:27.824] [Render thread/INFO] [mezz.jei.gui.ingredients.IngredientFilter/]: Added 2641 ingredients
[18Jun2026 00:28:27.825] [Render thread/INFO] [mezz.jei.core.util.LoggedTimer/]: Building ingredient filter took 328.0 ms
[18Jun2026 00:28:27.900] [Render thread/INFO] [mezz.jei.library.load.PluginCallerTimerRunnable/]: Registering Runtime: jei:forge_gui took 433.9 milliseconds
[18Jun2026 00:28:27.900] [Render thread/DEBUG] [mezz.jei.library.load.PluginCallerTimerRunnable/]: Registering Runtime: curios:curios...
[18Jun2026 00:28:27.900] [Render thread/DEBUG] [mezz.jei.library.load.PluginCallerTimerRunnable/]: Registering Runtime: aquamirae:jei...
[18Jun2026 00:28:27.900] [Render thread/DEBUG] [mezz.jei.library.load.PluginCallerTimerRunnable/]: Registering Runtime: jei:internal...
[18Jun2026 00:28:27.900] [Render thread/INFO] [mezz.jei.library.load.PluginCaller/]: Registering Runtime took 453.4 ms
[18Jun2026 00:28:27.901] [Render thread/INFO] [mezz.jei.core.util.LoggedTimer/]: Building runtime took 464.0 ms
[18Jun2026 00:28:27.901] [Render thread/INFO] [mezz.jei.library.load.PluginCaller/]: Sending Runtime...
[18Jun2026 00:28:27.901] [Render thread/DEBUG] [mezz.jei.library.load.PluginCallerTimerRunnable/]: Sending Runtime: jei:minecraft...
[18Jun2026 00:28:27.901] [Render thread/DEBUG] [mezz.jei.library.load.PluginCallerTimerRunnable/]: Sending Runtime: configured:jei_plugin...
[18Jun2026 00:28:27.901] [Render thread/DEBUG] [mezz.jei.library.load.PluginCallerTimerRunnable/]: Sending Runtime: jade:main...
[18Jun2026 00:28:27.901] [Render thread/DEBUG] [mezz.jei.library.load.PluginCallerTimerRunnable/]: Sending Runtime: irons_spellbooks:jei_plugin...
[18Jun2026 00:28:27.901] [Render thread/DEBUG] [mezz.jei.library.load.PluginCallerTimerRunnable/]: Sending Runtime: jei:debug...
[18Jun2026 00:28:27.901] [Render thread/DEBUG] [mezz.jei.library.load.PluginCallerTimerRunnable/]: Sending Runtime: jei:gui...
[18Jun2026 00:28:27.901] [Render thread/DEBUG] [mezz.jei.library.load.PluginCallerTimerRunnable/]: Sending Runtime: jei:forge_gui...
[18Jun2026 00:28:27.901] [Render thread/DEBUG] [mezz.jei.library.load.PluginCallerTimerRunnable/]: Sending Runtime: curios:curios...
[18Jun2026 00:28:27.901] [Render thread/DEBUG] [mezz.jei.library.load.PluginCallerTimerRunnable/]: Sending Runtime: aquamirae:jei...
[18Jun2026 00:28:27.901] [Render thread/DEBUG] [mezz.jei.library.load.PluginCallerTimerRunnable/]: Sending Runtime: jei:internal...
[18Jun2026 00:28:27.901] [Render thread/INFO] [mezz.jei.library.load.PluginCaller/]: Sending Runtime took 348.6 μs
[18Jun2026 00:28:27.901] [Render thread/INFO] [mezz.jei.core.util.LoggedTimer/]: Starting JEI took 1.423 s
[18Jun2026 00:28:27.939] [Render thread/INFO] [Jade/]: Received config from the server: 
[18Jun2026 00:28:27.943] [Render thread/INFO] [net.minecraft.advancements.AdvancementList/]: Loaded 15 advancements
[18Jun2026 00:28:28.227] [Render thread/WARN] [net.minecraft.client.renderer.texture.TextureManager/]: Failed to load texture: minecraft:textures/models/armor/mana_sub_zeroterrible_warlock_armor_layer_1.png
java.io.FileNotFoundException: minecraft:textures/models/armor/mana_sub_zeroterrible_warlock_armor_layer_1.png
	at net.minecraft.server.packs.resources.ResourceProvider.lambda$getResourceOrThrow$0(ResourceProvider.java:17) ~[forge-1.20.1-47.4.10_mapped_official_1.20.1-recomp.jar:?]
	at java.util.Optional.orElseThrow(Optional.java:403) ~[?:?]
	at net.minecraft.server.packs.resources.ResourceProvider.getResourceOrThrow(ResourceProvider.java:16) ~[forge-1.20.1-47.4.10_mapped_official_1.20.1-recomp.jar:?]
	at software.bernie.geckolib.cache.texture.AnimatableTexture.load(AnimatableTexture.java:40) ~[geckolib-forge-1.20.1-4.8_mapped_official_1.20.1.jar:4.8]
	at net.minecraft.client.renderer.texture.TextureManager.loadTexture(TextureManager.java:96) ~[forge-1.20.1-47.4.10_mapped_official_1.20.1-recomp.jar:?]
	at net.minecraft.client.renderer.texture.TextureManager.register(TextureManager.java:66) ~[forge-1.20.1-47.4.10_mapped_official_1.20.1-recomp.jar:?]
	at net.minecraft.client.renderer.texture.TextureManager.handler$zcm000$wrapAnimatableTexture(TextureManager.java:529) ~[forge-1.20.1-47.4.10_mapped_official_1.20.1-recomp.jar:?]
	at net.minecraft.client.renderer.texture.TextureManager.getTexture(TextureManager.java) ~[forge-1.20.1-47.4.10_mapped_official_1.20.1-recomp.jar:?]
	at net.minecraft.client.renderer.RenderStateShard$TextureStateShard.lambda$new$0(RenderStateShard.java:520) ~[forge-1.20.1-47.4.10_mapped_official_1.20.1-recomp.jar:?]
	at net.minecraft.client.renderer.RenderStateShard.setupRenderState(RenderStateShard.java:254) ~[forge-1.20.1-47.4.10_mapped_official_1.20.1-recomp.jar:?]
	at com.google.common.collect.ImmutableList.forEach(ImmutableList.java:422) ~[guava-31.1-jre.jar:?]
	at net.minecraft.client.renderer.RenderType$CompositeRenderType.lambda$new$1(RenderType.java:490) ~[forge-1.20.1-47.4.10_mapped_official_1.20.1-recomp.jar:?]
	at net.minecraft.client.renderer.RenderStateShard.setupRenderState(RenderStateShard.java:254) ~[forge-1.20.1-47.4.10_mapped_official_1.20.1-recomp.jar:?]
	at net.minecraft.client.renderer.RenderType.end(RenderType.java:433) ~[forge-1.20.1-47.4.10_mapped_official_1.20.1-recomp.jar:?]
	at net.minecraft.client.renderer.MultiBufferSource$BufferSource.endBatch(MultiBufferSource.java:96) ~[forge-1.20.1-47.4.10_mapped_official_1.20.1-recomp.jar:?]
	at net.minecraft.client.renderer.MultiBufferSource$BufferSource.getBuffer(MultiBufferSource.java:46) ~[forge-1.20.1-47.4.10_mapped_official_1.20.1-recomp.jar:?]
	at net.minecraft.client.renderer.entity.ItemRenderer.getArmorFoilBuffer(ItemRenderer.java:163) ~[forge-1.20.1-47.4.10_mapped_official_1.20.1-recomp.jar:?]
	at software.bernie.geckolib.renderer.GeoArmorRenderer.renderToBuffer(GeoArmorRenderer.java:298) ~[geckolib-forge-1.20.1-4.8_mapped_official_1.20.1.jar:4.8]
	at net.minecraft.client.renderer.entity.layers.HumanoidArmorLayer.renderModel(HumanoidArmorLayer.java:110) ~[forge-1.20.1-47.4.10_mapped_official_1.20.1-recomp.jar:?]
	at net.minecraft.client.renderer.entity.layers.HumanoidArmorLayer.renderArmorPiece(HumanoidArmorLayer.java:67) ~[forge-1.20.1-47.4.10_mapped_official_1.20.1-recomp.jar:?]
	at net.minecraft.client.renderer.entity.layers.HumanoidArmorLayer.render(HumanoidArmorLayer.java:44) ~[forge-1.20.1-47.4.10_mapped_official_1.20.1-recomp.jar:?]
	at net.minecraft.client.renderer.entity.layers.HumanoidArmorLayer.render(HumanoidArmorLayer.java:29) ~[forge-1.20.1-47.4.10_mapped_official_1.20.1-recomp.jar:?]
	at net.minecraft.client.renderer.entity.LivingEntityRenderer.render(LivingEntityRenderer.java:131) ~[forge-1.20.1-47.4.10_mapped_official_1.20.1-recomp.jar:?]
	at net.minecraft.client.renderer.entity.LivingEntityRenderer.render(LivingEntityRenderer.java:30) ~[forge-1.20.1-47.4.10_mapped_official_1.20.1-recomp.jar:?]
	at net.minecraft.client.renderer.entity.EntityRenderDispatcher.render(EntityRenderDispatcher.java:140) ~[forge-1.20.1-47.4.10_mapped_official_1.20.1-recomp.jar:?]
	at net.minecraft.client.renderer.LevelRenderer.renderEntity(LevelRenderer.java:1440) ~[forge-1.20.1-47.4.10_mapped_official_1.20.1-recomp.jar:?]
	at net.minecraft.client.renderer.LevelRenderer.renderLevel(LevelRenderer.java:1223) ~[forge-1.20.1-47.4.10_mapped_official_1.20.1-recomp.jar:?]
	at net.minecraft.client.renderer.GameRenderer.renderLevel(GameRenderer.java:1126) ~[forge-1.20.1-47.4.10_mapped_official_1.20.1-recomp.jar:?]
	at net.minecraft.client.renderer.GameRenderer.render(GameRenderer.java:909) ~[forge-1.20.1-47.4.10_mapped_official_1.20.1-recomp.jar:?]
	at net.minecraft.client.Minecraft.runTick(Minecraft.java:1146) ~[forge-1.20.1-47.4.10_mapped_official_1.20.1-recomp.jar:?]
	at net.minecraft.client.Minecraft.run(Minecraft.java:718) ~[forge-1.20.1-47.4.10_mapped_official_1.20.1-recomp.jar:?]
	at net.minecraft.client.main.Main.main(Main.java:218) ~[forge-1.20.1-47.4.10_mapped_official_1.20.1-recomp.jar:?]
	at jdk.internal.reflect.NativeMethodAccessorImpl.invoke0(Native Method) ~[?:?]
	at jdk.internal.reflect.NativeMethodAccessorImpl.invoke(NativeMethodAccessorImpl.java:77) ~[?:?]
	at jdk.internal.reflect.DelegatingMethodAccessorImpl.invoke(DelegatingMethodAccessorImpl.java:43) ~[?:?]
	at java.lang.reflect.Method.invoke(Method.java:569) ~[?:?]
	at net.minecraftforge.fml.loading.targets.CommonLaunchHandler.runTarget(CommonLaunchHandler.java:111) ~[fmlloader-1.20.1-47.4.10.jar:?]
	at net.minecraftforge.fml.loading.targets.CommonLaunchHandler.clientService(CommonLaunchHandler.java:99) ~[fmlloader-1.20.1-47.4.10.jar:?]
	at net.minecraftforge.fml.loading.targets.ForgeClientUserdevLaunchHandler.devService(ForgeClientUserdevLaunchHandler.java:19) ~[fmlloader-1.20.1-47.4.10.jar:?]
	at net.minecraftforge.fml.loading.targets.CommonDevLaunchHandler.lambda$makeService$7(CommonDevLaunchHandler.java:135) ~[fmlloader-1.20.1-47.4.10.jar:?]
	at cpw.mods.modlauncher.LaunchServiceHandlerDecorator.launch(LaunchServiceHandlerDecorator.java:30) ~[modlauncher-10.0.10.jar:?]
	at cpw.mods.modlauncher.LaunchServiceHandler.launch(LaunchServiceHandler.java:53) ~[modlauncher-10.0.10.jar:?]
	at cpw.mods.modlauncher.LaunchServiceHandler.launch(LaunchServiceHandler.java:71) ~[modlauncher-10.0.10.jar:?]
	at cpw.mods.modlauncher.Launcher.run(Launcher.java:108) ~[modlauncher-10.0.10.jar:?]
	at cpw.mods.modlauncher.Launcher.main(Launcher.java:78) ~[modlauncher-10.0.10.jar:?]
	at cpw.mods.modlauncher.BootstrapLaunchConsumer.accept(BootstrapLaunchConsumer.java:26) ~[modlauncher-10.0.10.jar:?]
	at cpw.mods.modlauncher.BootstrapLaunchConsumer.accept(BootstrapLaunchConsumer.java:23) ~[modlauncher-10.0.10.jar:?]
	at cpw.mods.bootstraplauncher.BootstrapLauncher.main(BootstrapLauncher.java:141) ~[bootstraplauncher-1.1.2.jar:?]
[18Jun2026 00:28:28.259] [Render thread/WARN] [net.minecraft.client.renderer.texture.TextureManager/]: Failed to load texture: minecraft:textures/models/armor/mana_sub_zeroterrible_warlock_armor_layer_1.png
java.io.FileNotFoundException: minecraft:textures/models/armor/mana_sub_zeroterrible_warlock_armor_layer_1.png
	at net.minecraft.server.packs.resources.ResourceProvider.lambda$getResourceOrThrow$0(ResourceProvider.java:17) ~[forge-1.20.1-47.4.10_mapped_official_1.20.1-recomp.jar:?]
	at java.util.Optional.orElseThrow(Optional.java:403) ~[?:?]
	at net.minecraft.server.packs.resources.ResourceProvider.getResourceOrThrow(ResourceProvider.java:16) ~[forge-1.20.1-47.4.10_mapped_official_1.20.1-recomp.jar:?]
	at net.minecraft.client.renderer.texture.SimpleTexture$TextureImage.load(SimpleTexture.java:85) ~[forge-1.20.1-47.4.10_mapped_official_1.20.1-recomp.jar:?]
	at net.minecraft.client.renderer.texture.SimpleTexture.getTextureImage(SimpleTexture.java:59) ~[forge-1.20.1-47.4.10_mapped_official_1.20.1-recomp.jar:?]
	at net.minecraft.client.renderer.texture.SimpleTexture.load(SimpleTexture.java:29) ~[forge-1.20.1-47.4.10_mapped_official_1.20.1-recomp.jar:?]
	at net.minecraft.client.renderer.texture.TextureManager.loadTexture(TextureManager.java:96) ~[forge-1.20.1-47.4.10_mapped_official_1.20.1-recomp.jar:?]
	at net.minecraft.client.renderer.texture.TextureManager.register(TextureManager.java:66) ~[forge-1.20.1-47.4.10_mapped_official_1.20.1-recomp.jar:?]
	at net.minecraft.client.renderer.texture.TextureManager.getTexture(TextureManager.java:119) ~[forge-1.20.1-47.4.10_mapped_official_1.20.1-recomp.jar:?]
	at net.minecraft.client.renderer.RenderStateShard$TextureStateShard.lambda$new$0(RenderStateShard.java:520) ~[forge-1.20.1-47.4.10_mapped_official_1.20.1-recomp.jar:?]
	at net.minecraft.client.renderer.RenderStateShard.setupRenderState(RenderStateShard.java:254) ~[forge-1.20.1-47.4.10_mapped_official_1.20.1-recomp.jar:?]
	at com.google.common.collect.ImmutableList.forEach(ImmutableList.java:422) ~[guava-31.1-jre.jar:?]
	at net.minecraft.client.renderer.RenderType$CompositeRenderType.lambda$new$1(RenderType.java:490) ~[forge-1.20.1-47.4.10_mapped_official_1.20.1-recomp.jar:?]
	at net.minecraft.client.renderer.RenderStateShard.setupRenderState(RenderStateShard.java:254) ~[forge-1.20.1-47.4.10_mapped_official_1.20.1-recomp.jar:?]
	at net.minecraft.client.renderer.RenderType.end(RenderType.java:433) ~[forge-1.20.1-47.4.10_mapped_official_1.20.1-recomp.jar:?]
	at net.minecraft.client.renderer.MultiBufferSource$BufferSource.endBatch(MultiBufferSource.java:96) ~[forge-1.20.1-47.4.10_mapped_official_1.20.1-recomp.jar:?]
	at net.minecraft.client.renderer.MultiBufferSource$BufferSource.getBuffer(MultiBufferSource.java:46) ~[forge-1.20.1-47.4.10_mapped_official_1.20.1-recomp.jar:?]
	at net.minecraft.client.renderer.entity.ItemRenderer.getArmorFoilBuffer(ItemRenderer.java:163) ~[forge-1.20.1-47.4.10_mapped_official_1.20.1-recomp.jar:?]
	at software.bernie.geckolib.renderer.GeoArmorRenderer.renderToBuffer(GeoArmorRenderer.java:298) ~[geckolib-forge-1.20.1-4.8_mapped_official_1.20.1.jar:4.8]
	at net.minecraft.client.renderer.entity.layers.HumanoidArmorLayer.renderModel(HumanoidArmorLayer.java:110) ~[forge-1.20.1-47.4.10_mapped_official_1.20.1-recomp.jar:?]
	at net.minecraft.client.renderer.entity.layers.HumanoidArmorLayer.renderArmorPiece(HumanoidArmorLayer.java:67) ~[forge-1.20.1-47.4.10_mapped_official_1.20.1-recomp.jar:?]
	at net.minecraft.client.renderer.entity.layers.HumanoidArmorLayer.render(HumanoidArmorLayer.java:44) ~[forge-1.20.1-47.4.10_mapped_official_1.20.1-recomp.jar:?]
	at net.minecraft.client.renderer.entity.layers.HumanoidArmorLayer.render(HumanoidArmorLayer.java:29) ~[forge-1.20.1-47.4.10_mapped_official_1.20.1-recomp.jar:?]
	at net.minecraft.client.renderer.entity.LivingEntityRenderer.render(LivingEntityRenderer.java:131) ~[forge-1.20.1-47.4.10_mapped_official_1.20.1-recomp.jar:?]
	at net.minecraft.client.renderer.entity.LivingEntityRenderer.render(LivingEntityRenderer.java:30) ~[forge-1.20.1-47.4.10_mapped_official_1.20.1-recomp.jar:?]
	at net.minecraft.client.renderer.entity.EntityRenderDispatcher.render(EntityRenderDispatcher.java:140) ~[forge-1.20.1-47.4.10_mapped_official_1.20.1-recomp.jar:?]
	at net.minecraft.client.renderer.LevelRenderer.renderEntity(LevelRenderer.java:1440) ~[forge-1.20.1-47.4.10_mapped_official_1.20.1-recomp.jar:?]
	at net.minecraft.client.renderer.LevelRenderer.renderLevel(LevelRenderer.java:1223) ~[forge-1.20.1-47.4.10_mapped_official_1.20.1-recomp.jar:?]
	at net.minecraft.client.renderer.GameRenderer.renderLevel(GameRenderer.java:1126) ~[forge-1.20.1-47.4.10_mapped_official_1.20.1-recomp.jar:?]
	at net.minecraft.client.renderer.GameRenderer.render(GameRenderer.java:909) ~[forge-1.20.1-47.4.10_mapped_official_1.20.1-recomp.jar:?]
	at net.minecraft.client.Minecraft.runTick(Minecraft.java:1146) ~[forge-1.20.1-47.4.10_mapped_official_1.20.1-recomp.jar:?]
	at net.minecraft.client.Minecraft.run(Minecraft.java:718) ~[forge-1.20.1-47.4.10_mapped_official_1.20.1-recomp.jar:?]
	at net.minecraft.client.main.Main.main(Main.java:218) ~[forge-1.20.1-47.4.10_mapped_official_1.20.1-recomp.jar:?]
	at jdk.internal.reflect.NativeMethodAccessorImpl.invoke0(Native Method) ~[?:?]
	at jdk.internal.reflect.NativeMethodAccessorImpl.invoke(NativeMethodAccessorImpl.java:77) ~[?:?]
	at jdk.internal.reflect.DelegatingMethodAccessorImpl.invoke(DelegatingMethodAccessorImpl.java:43) ~[?:?]
	at java.lang.reflect.Method.invoke(Method.java:569) ~[?:?]
	at net.minecraftforge.fml.loading.targets.CommonLaunchHandler.runTarget(CommonLaunchHandler.java:111) ~[fmlloader-1.20.1-47.4.10.jar:?]
	at net.minecraftforge.fml.loading.targets.CommonLaunchHandler.clientService(CommonLaunchHandler.java:99) ~[fmlloader-1.20.1-47.4.10.jar:?]
	at net.minecraftforge.fml.loading.targets.ForgeClientUserdevLaunchHandler.devService(ForgeClientUserdevLaunchHandler.java:19) ~[fmlloader-1.20.1-47.4.10.jar:?]
	at net.minecraftforge.fml.loading.targets.CommonDevLaunchHandler.lambda$makeService$7(CommonDevLaunchHandler.java:135) ~[fmlloader-1.20.1-47.4.10.jar:?]
	at cpw.mods.modlauncher.LaunchServiceHandlerDecorator.launch(LaunchServiceHandlerDecorator.java:30) ~[modlauncher-10.0.10.jar:?]
	at cpw.mods.modlauncher.LaunchServiceHandler.launch(LaunchServiceHandler.java:53) ~[modlauncher-10.0.10.jar:?]
	at cpw.mods.modlauncher.LaunchServiceHandler.launch(LaunchServiceHandler.java:71) ~[modlauncher-10.0.10.jar:?]
	at cpw.mods.modlauncher.Launcher.run(Launcher.java:108) ~[modlauncher-10.0.10.jar:?]
	at cpw.mods.modlauncher.Launcher.main(Launcher.java:78) ~[modlauncher-10.0.10.jar:?]
	at cpw.mods.modlauncher.BootstrapLaunchConsumer.accept(BootstrapLaunchConsumer.java:26) ~[modlauncher-10.0.10.jar:?]
	at cpw.mods.modlauncher.BootstrapLaunchConsumer.accept(BootstrapLaunchConsumer.java:23) ~[modlauncher-10.0.10.jar:?]
	at cpw.mods.bootstraplauncher.BootstrapLauncher.main(BootstrapLauncher.java:141) ~[bootstraplauncher-1.1.2.jar:?]
[18Jun2026 00:28:28.275] [Render thread/WARN] [net.minecraft.client.renderer.texture.TextureManager/]: Failed to load texture: minecraft:textures/models/armor/mana_sub_zeroterrible_warlock_armor_layer_2.png
java.io.FileNotFoundException: minecraft:textures/models/armor/mana_sub_zeroterrible_warlock_armor_layer_2.png
	at net.minecraft.server.packs.resources.ResourceProvider.lambda$getResourceOrThrow$0(ResourceProvider.java:17) ~[forge-1.20.1-47.4.10_mapped_official_1.20.1-recomp.jar:?]
	at java.util.Optional.orElseThrow(Optional.java:403) ~[?:?]
	at net.minecraft.server.packs.resources.ResourceProvider.getResourceOrThrow(ResourceProvider.java:16) ~[forge-1.20.1-47.4.10_mapped_official_1.20.1-recomp.jar:?]
	at software.bernie.geckolib.cache.texture.AnimatableTexture.load(AnimatableTexture.java:40) ~[geckolib-forge-1.20.1-4.8_mapped_official_1.20.1.jar:4.8]
	at net.minecraft.client.renderer.texture.TextureManager.loadTexture(TextureManager.java:96) ~[forge-1.20.1-47.4.10_mapped_official_1.20.1-recomp.jar:?]
	at net.minecraft.client.renderer.texture.TextureManager.register(TextureManager.java:66) ~[forge-1.20.1-47.4.10_mapped_official_1.20.1-recomp.jar:?]
	at net.minecraft.client.renderer.texture.TextureManager.handler$zcm000$wrapAnimatableTexture(TextureManager.java:529) ~[forge-1.20.1-47.4.10_mapped_official_1.20.1-recomp.jar:?]
	at net.minecraft.client.renderer.texture.TextureManager.getTexture(TextureManager.java) ~[forge-1.20.1-47.4.10_mapped_official_1.20.1-recomp.jar:?]
	at net.minecraft.client.renderer.RenderStateShard$TextureStateShard.lambda$new$0(RenderStateShard.java:520) ~[forge-1.20.1-47.4.10_mapped_official_1.20.1-recomp.jar:?]
	at net.minecraft.client.renderer.RenderStateShard.setupRenderState(RenderStateShard.java:254) ~[forge-1.20.1-47.4.10_mapped_official_1.20.1-recomp.jar:?]
	at com.google.common.collect.ImmutableList.forEach(ImmutableList.java:422) ~[guava-31.1-jre.jar:?]
	at net.minecraft.client.renderer.RenderType$CompositeRenderType.lambda$new$1(RenderType.java:490) ~[forge-1.20.1-47.4.10_mapped_official_1.20.1-recomp.jar:?]
	at net.minecraft.client.renderer.RenderStateShard.setupRenderState(RenderStateShard.java:254) ~[forge-1.20.1-47.4.10_mapped_official_1.20.1-recomp.jar:?]
	at net.minecraft.client.renderer.RenderType.end(RenderType.java:433) ~[forge-1.20.1-47.4.10_mapped_official_1.20.1-recomp.jar:?]
	at net.minecraft.client.renderer.MultiBufferSource$BufferSource.endBatch(MultiBufferSource.java:96) ~[forge-1.20.1-47.4.10_mapped_official_1.20.1-recomp.jar:?]
	at net.minecraft.client.renderer.MultiBufferSource$BufferSource.getBuffer(MultiBufferSource.java:46) ~[forge-1.20.1-47.4.10_mapped_official_1.20.1-recomp.jar:?]
	at net.minecraft.client.renderer.entity.ItemRenderer.getArmorFoilBuffer(ItemRenderer.java:163) ~[forge-1.20.1-47.4.10_mapped_official_1.20.1-recomp.jar:?]
	at software.bernie.geckolib.renderer.GeoArmorRenderer.renderToBuffer(GeoArmorRenderer.java:298) ~[geckolib-forge-1.20.1-4.8_mapped_official_1.20.1.jar:4.8]
	at net.minecraft.client.renderer.entity.layers.HumanoidArmorLayer.renderModel(HumanoidArmorLayer.java:110) ~[forge-1.20.1-47.4.10_mapped_official_1.20.1-recomp.jar:?]
	at net.minecraft.client.renderer.entity.layers.HumanoidArmorLayer.renderArmorPiece(HumanoidArmorLayer.java:67) ~[forge-1.20.1-47.4.10_mapped_official_1.20.1-recomp.jar:?]
	at net.minecraft.client.renderer.entity.layers.HumanoidArmorLayer.render(HumanoidArmorLayer.java:45) ~[forge-1.20.1-47.4.10_mapped_official_1.20.1-recomp.jar:?]
	at net.minecraft.client.renderer.entity.layers.HumanoidArmorLayer.render(HumanoidArmorLayer.java:29) ~[forge-1.20.1-47.4.10_mapped_official_1.20.1-recomp.jar:?]
	at net.minecraft.client.renderer.entity.LivingEntityRenderer.render(LivingEntityRenderer.java:131) ~[forge-1.20.1-47.4.10_mapped_official_1.20.1-recomp.jar:?]
	at net.minecraft.client.renderer.entity.LivingEntityRenderer.render(LivingEntityRenderer.java:30) ~[forge-1.20.1-47.4.10_mapped_official_1.20.1-recomp.jar:?]
	at net.minecraft.client.renderer.entity.EntityRenderDispatcher.render(EntityRenderDispatcher.java:140) ~[forge-1.20.1-47.4.10_mapped_official_1.20.1-recomp.jar:?]
	at net.minecraft.client.renderer.LevelRenderer.renderEntity(LevelRenderer.java:1440) ~[forge-1.20.1-47.4.10_mapped_official_1.20.1-recomp.jar:?]
	at net.minecraft.client.renderer.LevelRenderer.renderLevel(LevelRenderer.java:1223) ~[forge-1.20.1-47.4.10_mapped_official_1.20.1-recomp.jar:?]
	at net.minecraft.client.renderer.GameRenderer.renderLevel(GameRenderer.java:1126) ~[forge-1.20.1-47.4.10_mapped_official_1.20.1-recomp.jar:?]
	at net.minecraft.client.renderer.GameRenderer.render(GameRenderer.java:909) ~[forge-1.20.1-47.4.10_mapped_official_1.20.1-recomp.jar:?]
	at net.minecraft.client.Minecraft.runTick(Minecraft.java:1146) ~[forge-1.20.1-47.4.10_mapped_official_1.20.1-recomp.jar:?]
	at net.minecraft.client.Minecraft.run(Minecraft.java:718) ~[forge-1.20.1-47.4.10_mapped_official_1.20.1-recomp.jar:?]
	at net.minecraft.client.main.Main.main(Main.java:218) ~[forge-1.20.1-47.4.10_mapped_official_1.20.1-recomp.jar:?]
	at jdk.internal.reflect.NativeMethodAccessorImpl.invoke0(Native Method) ~[?:?]
	at jdk.internal.reflect.NativeMethodAccessorImpl.invoke(NativeMethodAccessorImpl.java:77) ~[?:?]
	at jdk.internal.reflect.DelegatingMethodAccessorImpl.invoke(DelegatingMethodAccessorImpl.java:43) ~[?:?]
	at java.lang.reflect.Method.invoke(Method.java:569) ~[?:?]
	at net.minecraftforge.fml.loading.targets.CommonLaunchHandler.runTarget(CommonLaunchHandler.java:111) ~[fmlloader-1.20.1-47.4.10.jar:?]
	at net.minecraftforge.fml.loading.targets.CommonLaunchHandler.clientService(CommonLaunchHandler.java:99) ~[fmlloader-1.20.1-47.4.10.jar:?]
	at net.minecraftforge.fml.loading.targets.ForgeClientUserdevLaunchHandler.devService(ForgeClientUserdevLaunchHandler.java:19) ~[fmlloader-1.20.1-47.4.10.jar:?]
	at net.minecraftforge.fml.loading.targets.CommonDevLaunchHandler.lambda$makeService$7(CommonDevLaunchHandler.java:135) ~[fmlloader-1.20.1-47.4.10.jar:?]
	at cpw.mods.modlauncher.LaunchServiceHandlerDecorator.launch(LaunchServiceHandlerDecorator.java:30) ~[modlauncher-10.0.10.jar:?]
	at cpw.mods.modlauncher.LaunchServiceHandler.launch(LaunchServiceHandler.java:53) ~[modlauncher-10.0.10.jar:?]
	at cpw.mods.modlauncher.LaunchServiceHandler.launch(LaunchServiceHandler.java:71) ~[modlauncher-10.0.10.jar:?]
	at cpw.mods.modlauncher.Launcher.run(Launcher.java:108) ~[modlauncher-10.0.10.jar:?]
	at cpw.mods.modlauncher.Launcher.main(Launcher.java:78) ~[modlauncher-10.0.10.jar:?]
	at cpw.mods.modlauncher.BootstrapLaunchConsumer.accept(BootstrapLaunchConsumer.java:26) ~[modlauncher-10.0.10.jar:?]
	at cpw.mods.modlauncher.BootstrapLaunchConsumer.accept(BootstrapLaunchConsumer.java:23) ~[modlauncher-10.0.10.jar:?]
	at cpw.mods.bootstraplauncher.BootstrapLauncher.main(BootstrapLauncher.java:141) ~[bootstraplauncher-1.1.2.jar:?]
[18Jun2026 00:28:28.277] [Render thread/WARN] [net.minecraft.client.renderer.texture.TextureManager/]: Failed to load texture: minecraft:textures/models/armor/mana_sub_zeroterrible_warlock_armor_layer_2.png
java.io.FileNotFoundException: minecraft:textures/models/armor/mana_sub_zeroterrible_warlock_armor_layer_2.png
	at net.minecraft.server.packs.resources.ResourceProvider.lambda$getResourceOrThrow$0(ResourceProvider.java:17) ~[forge-1.20.1-47.4.10_mapped_official_1.20.1-recomp.jar:?]
	at java.util.Optional.orElseThrow(Optional.java:403) ~[?:?]
	at net.minecraft.server.packs.resources.ResourceProvider.getResourceOrThrow(ResourceProvider.java:16) ~[forge-1.20.1-47.4.10_mapped_official_1.20.1-recomp.jar:?]
	at net.minecraft.client.renderer.texture.SimpleTexture$TextureImage.load(SimpleTexture.java:85) ~[forge-1.20.1-47.4.10_mapped_official_1.20.1-recomp.jar:?]
	at net.minecraft.client.renderer.texture.SimpleTexture.getTextureImage(SimpleTexture.java:59) ~[forge-1.20.1-47.4.10_mapped_official_1.20.1-recomp.jar:?]
	at net.minecraft.client.renderer.texture.SimpleTexture.load(SimpleTexture.java:29) ~[forge-1.20.1-47.4.10_mapped_official_1.20.1-recomp.jar:?]
	at net.minecraft.client.renderer.texture.TextureManager.loadTexture(TextureManager.java:96) ~[forge-1.20.1-47.4.10_mapped_official_1.20.1-recomp.jar:?]
	at net.minecraft.client.renderer.texture.TextureManager.register(TextureManager.java:66) ~[forge-1.20.1-47.4.10_mapped_official_1.20.1-recomp.jar:?]
	at net.minecraft.client.renderer.texture.TextureManager.getTexture(TextureManager.java:119) ~[forge-1.20.1-47.4.10_mapped_official_1.20.1-recomp.jar:?]
	at net.minecraft.client.renderer.RenderStateShard$TextureStateShard.lambda$new$0(RenderStateShard.java:520) ~[forge-1.20.1-47.4.10_mapped_official_1.20.1-recomp.jar:?]
	at net.minecraft.client.renderer.RenderStateShard.setupRenderState(RenderStateShard.java:254) ~[forge-1.20.1-47.4.10_mapped_official_1.20.1-recomp.jar:?]
	at com.google.common.collect.ImmutableList.forEach(ImmutableList.java:422) ~[guava-31.1-jre.jar:?]
	at net.minecraft.client.renderer.RenderType$CompositeRenderType.lambda$new$1(RenderType.java:490) ~[forge-1.20.1-47.4.10_mapped_official_1.20.1-recomp.jar:?]
	at net.minecraft.client.renderer.RenderStateShard.setupRenderState(RenderStateShard.java:254) ~[forge-1.20.1-47.4.10_mapped_official_1.20.1-recomp.jar:?]
	at net.minecraft.client.renderer.RenderType.end(RenderType.java:433) ~[forge-1.20.1-47.4.10_mapped_official_1.20.1-recomp.jar:?]
	at net.minecraft.client.renderer.MultiBufferSource$BufferSource.endBatch(MultiBufferSource.java:96) ~[forge-1.20.1-47.4.10_mapped_official_1.20.1-recomp.jar:?]
	at net.minecraft.client.renderer.MultiBufferSource$BufferSource.getBuffer(MultiBufferSource.java:46) ~[forge-1.20.1-47.4.10_mapped_official_1.20.1-recomp.jar:?]
	at net.minecraft.client.renderer.entity.ItemRenderer.getArmorFoilBuffer(ItemRenderer.java:163) ~[forge-1.20.1-47.4.10_mapped_official_1.20.1-recomp.jar:?]
	at software.bernie.geckolib.renderer.GeoArmorRenderer.renderToBuffer(GeoArmorRenderer.java:298) ~[geckolib-forge-1.20.1-4.8_mapped_official_1.20.1.jar:4.8]
	at net.minecraft.client.renderer.entity.layers.HumanoidArmorLayer.renderModel(HumanoidArmorLayer.java:110) ~[forge-1.20.1-47.4.10_mapped_official_1.20.1-recomp.jar:?]
	at net.minecraft.client.renderer.entity.layers.HumanoidArmorLayer.renderArmorPiece(HumanoidArmorLayer.java:67) ~[forge-1.20.1-47.4.10_mapped_official_1.20.1-recomp.jar:?]
	at net.minecraft.client.renderer.entity.layers.HumanoidArmorLayer.render(HumanoidArmorLayer.java:45) ~[forge-1.20.1-47.4.10_mapped_official_1.20.1-recomp.jar:?]
	at net.minecraft.client.renderer.entity.layers.HumanoidArmorLayer.render(HumanoidArmorLayer.java:29) ~[forge-1.20.1-47.4.10_mapped_official_1.20.1-recomp.jar:?]
	at net.minecraft.client.renderer.entity.LivingEntityRenderer.render(LivingEntityRenderer.java:131) ~[forge-1.20.1-47.4.10_mapped_official_1.20.1-recomp.jar:?]
	at net.minecraft.client.renderer.entity.LivingEntityRenderer.render(LivingEntityRenderer.java:30) ~[forge-1.20.1-47.4.10_mapped_official_1.20.1-recomp.jar:?]
	at net.minecraft.client.renderer.entity.EntityRenderDispatcher.render(EntityRenderDispatcher.java:140) ~[forge-1.20.1-47.4.10_mapped_official_1.20.1-recomp.jar:?]
	at net.minecraft.client.renderer.LevelRenderer.renderEntity(LevelRenderer.java:1440) ~[forge-1.20.1-47.4.10_mapped_official_1.20.1-recomp.jar:?]
	at net.minecraft.client.renderer.LevelRenderer.renderLevel(LevelRenderer.java:1223) ~[forge-1.20.1-47.4.10_mapped_official_1.20.1-recomp.jar:?]
	at net.minecraft.client.renderer.GameRenderer.renderLevel(GameRenderer.java:1126) ~[forge-1.20.1-47.4.10_mapped_official_1.20.1-recomp.jar:?]
	at net.minecraft.client.renderer.GameRenderer.render(GameRenderer.java:909) ~[forge-1.20.1-47.4.10_mapped_official_1.20.1-recomp.jar:?]
	at net.minecraft.client.Minecraft.runTick(Minecraft.java:1146) ~[forge-1.20.1-47.4.10_mapped_official_1.20.1-recomp.jar:?]
	at net.minecraft.client.Minecraft.run(Minecraft.java:718) ~[forge-1.20.1-47.4.10_mapped_official_1.20.1-recomp.jar:?]
	at net.minecraft.client.main.Main.main(Main.java:218) ~[forge-1.20.1-47.4.10_mapped_official_1.20.1-recomp.jar:?]
	at jdk.internal.reflect.NativeMethodAccessorImpl.invoke0(Native Method) ~[?:?]
	at jdk.internal.reflect.NativeMethodAccessorImpl.invoke(NativeMethodAccessorImpl.java:77) ~[?:?]
	at jdk.internal.reflect.DelegatingMethodAccessorImpl.invoke(DelegatingMethodAccessorImpl.java:43) ~[?:?]
	at java.lang.reflect.Method.invoke(Method.java:569) ~[?:?]
	at net.minecraftforge.fml.loading.targets.CommonLaunchHandler.runTarget(CommonLaunchHandler.java:111) ~[fmlloader-1.20.1-47.4.10.jar:?]
	at net.minecraftforge.fml.loading.targets.CommonLaunchHandler.clientService(CommonLaunchHandler.java:99) ~[fmlloader-1.20.1-47.4.10.jar:?]
	at net.minecraftforge.fml.loading.targets.ForgeClientUserdevLaunchHandler.devService(ForgeClientUserdevLaunchHandler.java:19) ~[fmlloader-1.20.1-47.4.10.jar:?]
	at net.minecraftforge.fml.loading.targets.CommonDevLaunchHandler.lambda$makeService$7(CommonDevLaunchHandler.java:135) ~[fmlloader-1.20.1-47.4.10.jar:?]
	at cpw.mods.modlauncher.LaunchServiceHandlerDecorator.launch(LaunchServiceHandlerDecorator.java:30) ~[modlauncher-10.0.10.jar:?]
	at cpw.mods.modlauncher.LaunchServiceHandler.launch(LaunchServiceHandler.java:53) ~[modlauncher-10.0.10.jar:?]
	at cpw.mods.modlauncher.LaunchServiceHandler.launch(LaunchServiceHandler.java:71) ~[modlauncher-10.0.10.jar:?]
	at cpw.mods.modlauncher.Launcher.run(Launcher.java:108) ~[modlauncher-10.0.10.jar:?]
	at cpw.mods.modlauncher.Launcher.main(Launcher.java:78) ~[modlauncher-10.0.10.jar:?]
	at cpw.mods.modlauncher.BootstrapLaunchConsumer.accept(BootstrapLaunchConsumer.java:26) ~[modlauncher-10.0.10.jar:?]
	at cpw.mods.modlauncher.BootstrapLaunchConsumer.accept(BootstrapLaunchConsumer.java:23) ~[modlauncher-10.0.10.jar:?]
	at cpw.mods.bootstraplauncher.BootstrapLauncher.main(BootstrapLauncher.java:141) ~[bootstraplauncher-1.1.2.jar:?]
[18Jun2026 00:28:28.301] [Render thread/WARN] [net.minecraft.client.renderer.texture.TextureManager/]: Failed to load texture: minecraft:textures/models/armor/mana_sub_zeroabyssal_warlock_armor_layer_1.png
java.io.FileNotFoundException: minecraft:textures/models/armor/mana_sub_zeroabyssal_warlock_armor_layer_1.png
	at net.minecraft.server.packs.resources.ResourceProvider.lambda$getResourceOrThrow$0(ResourceProvider.java:17) ~[forge-1.20.1-47.4.10_mapped_official_1.20.1-recomp.jar:?]
	at java.util.Optional.orElseThrow(Optional.java:403) ~[?:?]
	at net.minecraft.server.packs.resources.ResourceProvider.getResourceOrThrow(ResourceProvider.java:16) ~[forge-1.20.1-47.4.10_mapped_official_1.20.1-recomp.jar:?]
	at software.bernie.geckolib.cache.texture.AnimatableTexture.load(AnimatableTexture.java:40) ~[geckolib-forge-1.20.1-4.8_mapped_official_1.20.1.jar:4.8]
	at net.minecraft.client.renderer.texture.TextureManager.loadTexture(TextureManager.java:96) ~[forge-1.20.1-47.4.10_mapped_official_1.20.1-recomp.jar:?]
	at net.minecraft.client.renderer.texture.TextureManager.register(TextureManager.java:66) ~[forge-1.20.1-47.4.10_mapped_official_1.20.1-recomp.jar:?]
	at net.minecraft.client.renderer.texture.TextureManager.handler$zcm000$wrapAnimatableTexture(TextureManager.java:529) ~[forge-1.20.1-47.4.10_mapped_official_1.20.1-recomp.jar:?]
	at net.minecraft.client.renderer.texture.TextureManager.getTexture(TextureManager.java) ~[forge-1.20.1-47.4.10_mapped_official_1.20.1-recomp.jar:?]
	at net.minecraft.client.renderer.RenderStateShard$TextureStateShard.lambda$new$0(RenderStateShard.java:520) ~[forge-1.20.1-47.4.10_mapped_official_1.20.1-recomp.jar:?]
	at net.minecraft.client.renderer.RenderStateShard.setupRenderState(RenderStateShard.java:254) ~[forge-1.20.1-47.4.10_mapped_official_1.20.1-recomp.jar:?]
	at com.google.common.collect.ImmutableList.forEach(ImmutableList.java:422) ~[guava-31.1-jre.jar:?]
	at net.minecraft.client.renderer.RenderType$CompositeRenderType.lambda$new$1(RenderType.java:490) ~[forge-1.20.1-47.4.10_mapped_official_1.20.1-recomp.jar:?]
	at net.minecraft.client.renderer.RenderStateShard.setupRenderState(RenderStateShard.java:254) ~[forge-1.20.1-47.4.10_mapped_official_1.20.1-recomp.jar:?]
	at net.minecraft.client.renderer.RenderType.end(RenderType.java:433) ~[forge-1.20.1-47.4.10_mapped_official_1.20.1-recomp.jar:?]
	at net.minecraft.client.renderer.MultiBufferSource$BufferSource.endBatch(MultiBufferSource.java:96) ~[forge-1.20.1-47.4.10_mapped_official_1.20.1-recomp.jar:?]
	at net.minecraft.client.renderer.MultiBufferSource$BufferSource.getBuffer(MultiBufferSource.java:46) ~[forge-1.20.1-47.4.10_mapped_official_1.20.1-recomp.jar:?]
	at net.minecraft.client.renderer.entity.ItemRenderer.getArmorFoilBuffer(ItemRenderer.java:163) ~[forge-1.20.1-47.4.10_mapped_official_1.20.1-recomp.jar:?]
	at software.bernie.geckolib.renderer.GeoArmorRenderer.renderToBuffer(GeoArmorRenderer.java:298) ~[geckolib-forge-1.20.1-4.8_mapped_official_1.20.1.jar:4.8]
	at net.minecraft.client.renderer.entity.layers.HumanoidArmorLayer.renderModel(HumanoidArmorLayer.java:110) ~[forge-1.20.1-47.4.10_mapped_official_1.20.1-recomp.jar:?]
	at net.minecraft.client.renderer.entity.layers.HumanoidArmorLayer.renderArmorPiece(HumanoidArmorLayer.java:67) ~[forge-1.20.1-47.4.10_mapped_official_1.20.1-recomp.jar:?]
	at net.minecraft.client.renderer.entity.layers.HumanoidArmorLayer.render(HumanoidArmorLayer.java:44) ~[forge-1.20.1-47.4.10_mapped_official_1.20.1-recomp.jar:?]
	at net.minecraft.client.renderer.entity.layers.HumanoidArmorLayer.render(HumanoidArmorLayer.java:29) ~[forge-1.20.1-47.4.10_mapped_official_1.20.1-recomp.jar:?]
	at net.minecraft.client.renderer.entity.LivingEntityRenderer.render(LivingEntityRenderer.java:131) ~[forge-1.20.1-47.4.10_mapped_official_1.20.1-recomp.jar:?]
	at net.minecraft.client.renderer.entity.LivingEntityRenderer.render(LivingEntityRenderer.java:30) ~[forge-1.20.1-47.4.10_mapped_official_1.20.1-recomp.jar:?]
	at net.minecraft.client.renderer.entity.EntityRenderDispatcher.render(EntityRenderDispatcher.java:140) ~[forge-1.20.1-47.4.10_mapped_official_1.20.1-recomp.jar:?]
	at net.minecraft.client.renderer.LevelRenderer.renderEntity(LevelRenderer.java:1440) ~[forge-1.20.1-47.4.10_mapped_official_1.20.1-recomp.jar:?]
	at net.minecraft.client.renderer.LevelRenderer.renderLevel(LevelRenderer.java:1223) ~[forge-1.20.1-47.4.10_mapped_official_1.20.1-recomp.jar:?]
	at net.minecraft.client.renderer.GameRenderer.renderLevel(GameRenderer.java:1126) ~[forge-1.20.1-47.4.10_mapped_official_1.20.1-recomp.jar:?]
	at net.minecraft.client.renderer.GameRenderer.render(GameRenderer.java:909) ~[forge-1.20.1-47.4.10_mapped_official_1.20.1-recomp.jar:?]
	at net.minecraft.client.Minecraft.runTick(Minecraft.java:1146) ~[forge-1.20.1-47.4.10_mapped_official_1.20.1-recomp.jar:?]
	at net.minecraft.client.Minecraft.run(Minecraft.java:718) ~[forge-1.20.1-47.4.10_mapped_official_1.20.1-recomp.jar:?]
	at net.minecraft.client.main.Main.main(Main.java:218) ~[forge-1.20.1-47.4.10_mapped_official_1.20.1-recomp.jar:?]
	at jdk.internal.reflect.NativeMethodAccessorImpl.invoke0(Native Method) ~[?:?]
	at jdk.internal.reflect.NativeMethodAccessorImpl.invoke(NativeMethodAccessorImpl.java:77) ~[?:?]
	at jdk.internal.reflect.DelegatingMethodAccessorImpl.invoke(DelegatingMethodAccessorImpl.java:43) ~[?:?]
	at java.lang.reflect.Method.invoke(Method.java:569) ~[?:?]
	at net.minecraftforge.fml.loading.targets.CommonLaunchHandler.runTarget(CommonLaunchHandler.java:111) ~[fmlloader-1.20.1-47.4.10.jar:?]
	at net.minecraftforge.fml.loading.targets.CommonLaunchHandler.clientService(CommonLaunchHandler.java:99) ~[fmlloader-1.20.1-47.4.10.jar:?]
	at net.minecraftforge.fml.loading.targets.ForgeClientUserdevLaunchHandler.devService(ForgeClientUserdevLaunchHandler.java:19) ~[fmlloader-1.20.1-47.4.10.jar:?]
	at net.minecraftforge.fml.loading.targets.CommonDevLaunchHandler.lambda$makeService$7(CommonDevLaunchHandler.java:135) ~[fmlloader-1.20.1-47.4.10.jar:?]
	at cpw.mods.modlauncher.LaunchServiceHandlerDecorator.launch(LaunchServiceHandlerDecorator.java:30) ~[modlauncher-10.0.10.jar:?]
	at cpw.mods.modlauncher.LaunchServiceHandler.launch(LaunchServiceHandler.java:53) ~[modlauncher-10.0.10.jar:?]
	at cpw.mods.modlauncher.LaunchServiceHandler.launch(LaunchServiceHandler.java:71) ~[modlauncher-10.0.10.jar:?]
	at cpw.mods.modlauncher.Launcher.run(Launcher.java:108) ~[modlauncher-10.0.10.jar:?]
	at cpw.mods.modlauncher.Launcher.main(Launcher.java:78) ~[modlauncher-10.0.10.jar:?]
	at cpw.mods.modlauncher.BootstrapLaunchConsumer.accept(BootstrapLaunchConsumer.java:26) ~[modlauncher-10.0.10.jar:?]
	at cpw.mods.modlauncher.BootstrapLaunchConsumer.accept(BootstrapLaunchConsumer.java:23) ~[modlauncher-10.0.10.jar:?]
	at cpw.mods.bootstraplauncher.BootstrapLauncher.main(BootstrapLauncher.java:141) ~[bootstraplauncher-1.1.2.jar:?]
[18Jun2026 00:28:28.302] [Render thread/WARN] [net.minecraft.client.renderer.texture.TextureManager/]: Failed to load texture: minecraft:textures/models/armor/mana_sub_zeroabyssal_warlock_armor_layer_1.png
java.io.FileNotFoundException: minecraft:textures/models/armor/mana_sub_zeroabyssal_warlock_armor_layer_1.png
	at net.minecraft.server.packs.resources.ResourceProvider.lambda$getResourceOrThrow$0(ResourceProvider.java:17) ~[forge-1.20.1-47.4.10_mapped_official_1.20.1-recomp.jar:?]
	at java.util.Optional.orElseThrow(Optional.java:403) ~[?:?]
	at net.minecraft.server.packs.resources.ResourceProvider.getResourceOrThrow(ResourceProvider.java:16) ~[forge-1.20.1-47.4.10_mapped_official_1.20.1-recomp.jar:?]
	at net.minecraft.client.renderer.texture.SimpleTexture$TextureImage.load(SimpleTexture.java:85) ~[forge-1.20.1-47.4.10_mapped_official_1.20.1-recomp.jar:?]
	at net.minecraft.client.renderer.texture.SimpleTexture.getTextureImage(SimpleTexture.java:59) ~[forge-1.20.1-47.4.10_mapped_official_1.20.1-recomp.jar:?]
	at net.minecraft.client.renderer.texture.SimpleTexture.load(SimpleTexture.java:29) ~[forge-1.20.1-47.4.10_mapped_official_1.20.1-recomp.jar:?]
	at net.minecraft.client.renderer.texture.TextureManager.loadTexture(TextureManager.java:96) ~[forge-1.20.1-47.4.10_mapped_official_1.20.1-recomp.jar:?]
	at net.minecraft.client.renderer.texture.TextureManager.register(TextureManager.java:66) ~[forge-1.20.1-47.4.10_mapped_official_1.20.1-recomp.jar:?]
	at net.minecraft.client.renderer.texture.TextureManager.getTexture(TextureManager.java:119) ~[forge-1.20.1-47.4.10_mapped_official_1.20.1-recomp.jar:?]
	at net.minecraft.client.renderer.RenderStateShard$TextureStateShard.lambda$new$0(RenderStateShard.java:520) ~[forge-1.20.1-47.4.10_mapped_official_1.20.1-recomp.jar:?]
	at net.minecraft.client.renderer.RenderStateShard.setupRenderState(RenderStateShard.java:254) ~[forge-1.20.1-47.4.10_mapped_official_1.20.1-recomp.jar:?]
	at com.google.common.collect.ImmutableList.forEach(ImmutableList.java:422) ~[guava-31.1-jre.jar:?]
	at net.minecraft.client.renderer.RenderType$CompositeRenderType.lambda$new$1(RenderType.java:490) ~[forge-1.20.1-47.4.10_mapped_official_1.20.1-recomp.jar:?]
	at net.minecraft.client.renderer.RenderStateShard.setupRenderState(RenderStateShard.java:254) ~[forge-1.20.1-47.4.10_mapped_official_1.20.1-recomp.jar:?]
	at net.minecraft.client.renderer.RenderType.end(RenderType.java:433) ~[forge-1.20.1-47.4.10_mapped_official_1.20.1-recomp.jar:?]
	at net.minecraft.client.renderer.MultiBufferSource$BufferSource.endBatch(MultiBufferSource.java:96) ~[forge-1.20.1-47.4.10_mapped_official_1.20.1-recomp.jar:?]
	at net.minecraft.client.renderer.MultiBufferSource$BufferSource.getBuffer(MultiBufferSource.java:46) ~[forge-1.20.1-47.4.10_mapped_official_1.20.1-recomp.jar:?]
	at net.minecraft.client.renderer.entity.ItemRenderer.getArmorFoilBuffer(ItemRenderer.java:163) ~[forge-1.20.1-47.4.10_mapped_official_1.20.1-recomp.jar:?]
	at software.bernie.geckolib.renderer.GeoArmorRenderer.renderToBuffer(GeoArmorRenderer.java:298) ~[geckolib-forge-1.20.1-4.8_mapped_official_1.20.1.jar:4.8]
	at net.minecraft.client.renderer.entity.layers.HumanoidArmorLayer.renderModel(HumanoidArmorLayer.java:110) ~[forge-1.20.1-47.4.10_mapped_official_1.20.1-recomp.jar:?]
	at net.minecraft.client.renderer.entity.layers.HumanoidArmorLayer.renderArmorPiece(HumanoidArmorLayer.java:67) ~[forge-1.20.1-47.4.10_mapped_official_1.20.1-recomp.jar:?]
	at net.minecraft.client.renderer.entity.layers.HumanoidArmorLayer.render(HumanoidArmorLayer.java:44) ~[forge-1.20.1-47.4.10_mapped_official_1.20.1-recomp.jar:?]
	at net.minecraft.client.renderer.entity.layers.HumanoidArmorLayer.render(HumanoidArmorLayer.java:29) ~[forge-1.20.1-47.4.10_mapped_official_1.20.1-recomp.jar:?]
	at net.minecraft.client.renderer.entity.LivingEntityRenderer.render(LivingEntityRenderer.java:131) ~[forge-1.20.1-47.4.10_mapped_official_1.20.1-recomp.jar:?]
	at net.minecraft.client.renderer.entity.LivingEntityRenderer.render(LivingEntityRenderer.java:30) ~[forge-1.20.1-47.4.10_mapped_official_1.20.1-recomp.jar:?]
	at net.minecraft.client.renderer.entity.EntityRenderDispatcher.render(EntityRenderDispatcher.java:140) ~[forge-1.20.1-47.4.10_mapped_official_1.20.1-recomp.jar:?]
	at net.minecraft.client.renderer.LevelRenderer.renderEntity(LevelRenderer.java:1440) ~[forge-1.20.1-47.4.10_mapped_official_1.20.1-recomp.jar:?]
	at net.minecraft.client.renderer.LevelRenderer.renderLevel(LevelRenderer.java:1223) ~[forge-1.20.1-47.4.10_mapped_official_1.20.1-recomp.jar:?]
	at net.minecraft.client.renderer.GameRenderer.renderLevel(GameRenderer.java:1126) ~[forge-1.20.1-47.4.10_mapped_official_1.20.1-recomp.jar:?]
	at net.minecraft.client.renderer.GameRenderer.render(GameRenderer.java:909) ~[forge-1.20.1-47.4.10_mapped_official_1.20.1-recomp.jar:?]
	at net.minecraft.client.Minecraft.runTick(Minecraft.java:1146) ~[forge-1.20.1-47.4.10_mapped_official_1.20.1-recomp.jar:?]
	at net.minecraft.client.Minecraft.run(Minecraft.java:718) ~[forge-1.20.1-47.4.10_mapped_official_1.20.1-recomp.jar:?]
	at net.minecraft.client.main.Main.main(Main.java:218) ~[forge-1.20.1-47.4.10_mapped_official_1.20.1-recomp.jar:?]
	at jdk.internal.reflect.NativeMethodAccessorImpl.invoke0(Native Method) ~[?:?]
	at jdk.internal.reflect.NativeMethodAccessorImpl.invoke(NativeMethodAccessorImpl.java:77) ~[?:?]
	at jdk.internal.reflect.DelegatingMethodAccessorImpl.invoke(DelegatingMethodAccessorImpl.java:43) ~[?:?]
	at java.lang.reflect.Method.invoke(Method.java:569) ~[?:?]
	at net.minecraftforge.fml.loading.targets.CommonLaunchHandler.runTarget(CommonLaunchHandler.java:111) ~[fmlloader-1.20.1-47.4.10.jar:?]
	at net.minecraftforge.fml.loading.targets.CommonLaunchHandler.clientService(CommonLaunchHandler.java:99) ~[fmlloader-1.20.1-47.4.10.jar:?]
	at net.minecraftforge.fml.loading.targets.ForgeClientUserdevLaunchHandler.devService(ForgeClientUserdevLaunchHandler.java:19) ~[fmlloader-1.20.1-47.4.10.jar:?]
	at net.minecraftforge.fml.loading.targets.CommonDevLaunchHandler.lambda$makeService$7(CommonDevLaunchHandler.java:135) ~[fmlloader-1.20.1-47.4.10.jar:?]
	at cpw.mods.modlauncher.LaunchServiceHandlerDecorator.launch(LaunchServiceHandlerDecorator.java:30) ~[modlauncher-10.0.10.jar:?]
	at cpw.mods.modlauncher.LaunchServiceHandler.launch(LaunchServiceHandler.java:53) ~[modlauncher-10.0.10.jar:?]
	at cpw.mods.modlauncher.LaunchServiceHandler.launch(LaunchServiceHandler.java:71) ~[modlauncher-10.0.10.jar:?]
	at cpw.mods.modlauncher.Launcher.run(Launcher.java:108) ~[modlauncher-10.0.10.jar:?]
	at cpw.mods.modlauncher.Launcher.main(Launcher.java:78) ~[modlauncher-10.0.10.jar:?]
	at cpw.mods.modlauncher.BootstrapLaunchConsumer.accept(BootstrapLaunchConsumer.java:26) ~[modlauncher-10.0.10.jar:?]
	at cpw.mods.modlauncher.BootstrapLaunchConsumer.accept(BootstrapLaunchConsumer.java:23) ~[modlauncher-10.0.10.jar:?]
	at cpw.mods.bootstraplauncher.BootstrapLauncher.main(BootstrapLauncher.java:141) ~[bootstraplauncher-1.1.2.jar:?]
[18Jun2026 00:28:28.312] [Render thread/WARN] [net.minecraft.client.renderer.texture.TextureManager/]: Failed to load texture: minecraft:textures/models/armor/mana_sub_zeroabyssal_warlock_armor_layer_2.png
java.io.FileNotFoundException: minecraft:textures/models/armor/mana_sub_zeroabyssal_warlock_armor_layer_2.png
	at net.minecraft.server.packs.resources.ResourceProvider.lambda$getResourceOrThrow$0(ResourceProvider.java:17) ~[forge-1.20.1-47.4.10_mapped_official_1.20.1-recomp.jar:?]
	at java.util.Optional.orElseThrow(Optional.java:403) ~[?:?]
	at net.minecraft.server.packs.resources.ResourceProvider.getResourceOrThrow(ResourceProvider.java:16) ~[forge-1.20.1-47.4.10_mapped_official_1.20.1-recomp.jar:?]
	at software.bernie.geckolib.cache.texture.AnimatableTexture.load(AnimatableTexture.java:40) ~[geckolib-forge-1.20.1-4.8_mapped_official_1.20.1.jar:4.8]
	at net.minecraft.client.renderer.texture.TextureManager.loadTexture(TextureManager.java:96) ~[forge-1.20.1-47.4.10_mapped_official_1.20.1-recomp.jar:?]
	at net.minecraft.client.renderer.texture.TextureManager.register(TextureManager.java:66) ~[forge-1.20.1-47.4.10_mapped_official_1.20.1-recomp.jar:?]
	at net.minecraft.client.renderer.texture.TextureManager.handler$zcm000$wrapAnimatableTexture(TextureManager.java:529) ~[forge-1.20.1-47.4.10_mapped_official_1.20.1-recomp.jar:?]
	at net.minecraft.client.renderer.texture.TextureManager.getTexture(TextureManager.java) ~[forge-1.20.1-47.4.10_mapped_official_1.20.1-recomp.jar:?]
	at net.minecraft.client.renderer.RenderStateShard$TextureStateShard.lambda$new$0(RenderStateShard.java:520) ~[forge-1.20.1-47.4.10_mapped_official_1.20.1-recomp.jar:?]
	at net.minecraft.client.renderer.RenderStateShard.setupRenderState(RenderStateShard.java:254) ~[forge-1.20.1-47.4.10_mapped_official_1.20.1-recomp.jar:?]
	at com.google.common.collect.ImmutableList.forEach(ImmutableList.java:422) ~[guava-31.1-jre.jar:?]
	at net.minecraft.client.renderer.RenderType$CompositeRenderType.lambda$new$1(RenderType.java:490) ~[forge-1.20.1-47.4.10_mapped_official_1.20.1-recomp.jar:?]
	at net.minecraft.client.renderer.RenderStateShard.setupRenderState(RenderStateShard.java:254) ~[forge-1.20.1-47.4.10_mapped_official_1.20.1-recomp.jar:?]
	at net.minecraft.client.renderer.RenderType.end(RenderType.java:433) ~[forge-1.20.1-47.4.10_mapped_official_1.20.1-recomp.jar:?]
	at net.minecraft.client.renderer.MultiBufferSource$BufferSource.endBatch(MultiBufferSource.java:96) ~[forge-1.20.1-47.4.10_mapped_official_1.20.1-recomp.jar:?]
	at net.minecraft.client.renderer.MultiBufferSource$BufferSource.getBuffer(MultiBufferSource.java:46) ~[forge-1.20.1-47.4.10_mapped_official_1.20.1-recomp.jar:?]
	at net.minecraft.client.renderer.entity.ItemRenderer.getArmorFoilBuffer(ItemRenderer.java:163) ~[forge-1.20.1-47.4.10_mapped_official_1.20.1-recomp.jar:?]
	at software.bernie.geckolib.renderer.GeoArmorRenderer.renderToBuffer(GeoArmorRenderer.java:298) ~[geckolib-forge-1.20.1-4.8_mapped_official_1.20.1.jar:4.8]
	at net.minecraft.client.renderer.entity.layers.HumanoidArmorLayer.renderModel(HumanoidArmorLayer.java:110) ~[forge-1.20.1-47.4.10_mapped_official_1.20.1-recomp.jar:?]
	at net.minecraft.client.renderer.entity.layers.HumanoidArmorLayer.renderArmorPiece(HumanoidArmorLayer.java:67) ~[forge-1.20.1-47.4.10_mapped_official_1.20.1-recomp.jar:?]
	at net.minecraft.client.renderer.entity.layers.HumanoidArmorLayer.render(HumanoidArmorLayer.java:45) ~[forge-1.20.1-47.4.10_mapped_official_1.20.1-recomp.jar:?]
	at net.minecraft.client.renderer.entity.layers.HumanoidArmorLayer.render(HumanoidArmorLayer.java:29) ~[forge-1.20.1-47.4.10_mapped_official_1.20.1-recomp.jar:?]
	at net.minecraft.client.renderer.entity.LivingEntityRenderer.render(LivingEntityRenderer.java:131) ~[forge-1.20.1-47.4.10_mapped_official_1.20.1-recomp.jar:?]
	at net.minecraft.client.renderer.entity.LivingEntityRenderer.render(LivingEntityRenderer.java:30) ~[forge-1.20.1-47.4.10_mapped_official_1.20.1-recomp.jar:?]
	at net.minecraft.client.renderer.entity.EntityRenderDispatcher.render(EntityRenderDispatcher.java:140) ~[forge-1.20.1-47.4.10_mapped_official_1.20.1-recomp.jar:?]
	at net.minecraft.client.renderer.LevelRenderer.renderEntity(LevelRenderer.java:1440) ~[forge-1.20.1-47.4.10_mapped_official_1.20.1-recomp.jar:?]
	at net.minecraft.client.renderer.LevelRenderer.renderLevel(LevelRenderer.java:1223) ~[forge-1.20.1-47.4.10_mapped_official_1.20.1-recomp.jar:?]
	at net.minecraft.client.renderer.GameRenderer.renderLevel(GameRenderer.java:1126) ~[forge-1.20.1-47.4.10_mapped_official_1.20.1-recomp.jar:?]
	at net.minecraft.client.renderer.GameRenderer.render(GameRenderer.java:909) ~[forge-1.20.1-47.4.10_mapped_official_1.20.1-recomp.jar:?]
	at net.minecraft.client.Minecraft.runTick(Minecraft.java:1146) ~[forge-1.20.1-47.4.10_mapped_official_1.20.1-recomp.jar:?]
	at net.minecraft.client.Minecraft.run(Minecraft.java:718) ~[forge-1.20.1-47.4.10_mapped_official_1.20.1-recomp.jar:?]
	at net.minecraft.client.main.Main.main(Main.java:218) ~[forge-1.20.1-47.4.10_mapped_official_1.20.1-recomp.jar:?]
	at jdk.internal.reflect.NativeMethodAccessorImpl.invoke0(Native Method) ~[?:?]
	at jdk.internal.reflect.NativeMethodAccessorImpl.invoke(NativeMethodAccessorImpl.java:77) ~[?:?]
	at jdk.internal.reflect.DelegatingMethodAccessorImpl.invoke(DelegatingMethodAccessorImpl.java:43) ~[?:?]
	at java.lang.reflect.Method.invoke(Method.java:569) ~[?:?]
	at net.minecraftforge.fml.loading.targets.CommonLaunchHandler.runTarget(CommonLaunchHandler.java:111) ~[fmlloader-1.20.1-47.4.10.jar:?]
	at net.minecraftforge.fml.loading.targets.CommonLaunchHandler.clientService(CommonLaunchHandler.java:99) ~[fmlloader-1.20.1-47.4.10.jar:?]
	at net.minecraftforge.fml.loading.targets.ForgeClientUserdevLaunchHandler.devService(ForgeClientUserdevLaunchHandler.java:19) ~[fmlloader-1.20.1-47.4.10.jar:?]
	at net.minecraftforge.fml.loading.targets.CommonDevLaunchHandler.lambda$makeService$7(CommonDevLaunchHandler.java:135) ~[fmlloader-1.20.1-47.4.10.jar:?]
	at cpw.mods.modlauncher.LaunchServiceHandlerDecorator.launch(LaunchServiceHandlerDecorator.java:30) ~[modlauncher-10.0.10.jar:?]
	at cpw.mods.modlauncher.LaunchServiceHandler.launch(LaunchServiceHandler.java:53) ~[modlauncher-10.0.10.jar:?]
	at cpw.mods.modlauncher.LaunchServiceHandler.launch(LaunchServiceHandler.java:71) ~[modlauncher-10.0.10.jar:?]
	at cpw.mods.modlauncher.Launcher.run(Launcher.java:108) ~[modlauncher-10.0.10.jar:?]
	at cpw.mods.modlauncher.Launcher.main(Launcher.java:78) ~[modlauncher-10.0.10.jar:?]
	at cpw.mods.modlauncher.BootstrapLaunchConsumer.accept(BootstrapLaunchConsumer.java:26) ~[modlauncher-10.0.10.jar:?]
	at cpw.mods.modlauncher.BootstrapLaunchConsumer.accept(BootstrapLaunchConsumer.java:23) ~[modlauncher-10.0.10.jar:?]
	at cpw.mods.bootstraplauncher.BootstrapLauncher.main(BootstrapLauncher.java:141) ~[bootstraplauncher-1.1.2.jar:?]
[18Jun2026 00:28:28.312] [Render thread/WARN] [net.minecraft.client.renderer.texture.TextureManager/]: Failed to load texture: minecraft:textures/models/armor/mana_sub_zeroabyssal_warlock_armor_layer_2.png
java.io.FileNotFoundException: minecraft:textures/models/armor/mana_sub_zeroabyssal_warlock_armor_layer_2.png
	at net.minecraft.server.packs.resources.ResourceProvider.lambda$getResourceOrThrow$0(ResourceProvider.java:17) ~[forge-1.20.1-47.4.10_mapped_official_1.20.1-recomp.jar:?]
	at java.util.Optional.orElseThrow(Optional.java:403) ~[?:?]
	at net.minecraft.server.packs.resources.ResourceProvider.getResourceOrThrow(ResourceProvider.java:16) ~[forge-1.20.1-47.4.10_mapped_official_1.20.1-recomp.jar:?]
	at net.minecraft.client.renderer.texture.SimpleTexture$TextureImage.load(SimpleTexture.java:85) ~[forge-1.20.1-47.4.10_mapped_official_1.20.1-recomp.jar:?]
	at net.minecraft.client.renderer.texture.SimpleTexture.getTextureImage(SimpleTexture.java:59) ~[forge-1.20.1-47.4.10_mapped_official_1.20.1-recomp.jar:?]
	at net.minecraft.client.renderer.texture.SimpleTexture.load(SimpleTexture.java:29) ~[forge-1.20.1-47.4.10_mapped_official_1.20.1-recomp.jar:?]
	at net.minecraft.client.renderer.texture.TextureManager.loadTexture(TextureManager.java:96) ~[forge-1.20.1-47.4.10_mapped_official_1.20.1-recomp.jar:?]
	at net.minecraft.client.renderer.texture.TextureManager.register(TextureManager.java:66) ~[forge-1.20.1-47.4.10_mapped_official_1.20.1-recomp.jar:?]
	at net.minecraft.client.renderer.texture.TextureManager.getTexture(TextureManager.java:119) ~[forge-1.20.1-47.4.10_mapped_official_1.20.1-recomp.jar:?]
	at net.minecraft.client.renderer.RenderStateShard$TextureStateShard.lambda$new$0(RenderStateShard.java:520) ~[forge-1.20.1-47.4.10_mapped_official_1.20.1-recomp.jar:?]
	at net.minecraft.client.renderer.RenderStateShard.setupRenderState(RenderStateShard.java:254) ~[forge-1.20.1-47.4.10_mapped_official_1.20.1-recomp.jar:?]
	at com.google.common.collect.ImmutableList.forEach(ImmutableList.java:422) ~[guava-31.1-jre.jar:?]
	at net.minecraft.client.renderer.RenderType$CompositeRenderType.lambda$new$1(RenderType.java:490) ~[forge-1.20.1-47.4.10_mapped_official_1.20.1-recomp.jar:?]
	at net.minecraft.client.renderer.RenderStateShard.setupRenderState(RenderStateShard.java:254) ~[forge-1.20.1-47.4.10_mapped_official_1.20.1-recomp.jar:?]
	at net.minecraft.client.renderer.RenderType.end(RenderType.java:433) ~[forge-1.20.1-47.4.10_mapped_official_1.20.1-recomp.jar:?]
	at net.minecraft.client.renderer.MultiBufferSource$BufferSource.endBatch(MultiBufferSource.java:96) ~[forge-1.20.1-47.4.10_mapped_official_1.20.1-recomp.jar:?]
	at net.minecraft.client.renderer.MultiBufferSource$BufferSource.getBuffer(MultiBufferSource.java:46) ~[forge-1.20.1-47.4.10_mapped_official_1.20.1-recomp.jar:?]
	at net.minecraft.client.renderer.entity.ItemRenderer.getArmorFoilBuffer(ItemRenderer.java:163) ~[forge-1.20.1-47.4.10_mapped_official_1.20.1-recomp.jar:?]
	at software.bernie.geckolib.renderer.GeoArmorRenderer.renderToBuffer(GeoArmorRenderer.java:298) ~[geckolib-forge-1.20.1-4.8_mapped_official_1.20.1.jar:4.8]
	at net.minecraft.client.renderer.entity.layers.HumanoidArmorLayer.renderModel(HumanoidArmorLayer.java:110) ~[forge-1.20.1-47.4.10_mapped_official_1.20.1-recomp.jar:?]
	at net.minecraft.client.renderer.entity.layers.HumanoidArmorLayer.renderArmorPiece(HumanoidArmorLayer.java:67) ~[forge-1.20.1-47.4.10_mapped_official_1.20.1-recomp.jar:?]
	at net.minecraft.client.renderer.entity.layers.HumanoidArmorLayer.render(HumanoidArmorLayer.java:45) ~[forge-1.20.1-47.4.10_mapped_official_1.20.1-recomp.jar:?]
	at net.minecraft.client.renderer.entity.layers.HumanoidArmorLayer.render(HumanoidArmorLayer.java:29) ~[forge-1.20.1-47.4.10_mapped_official_1.20.1-recomp.jar:?]
	at net.minecraft.client.renderer.entity.LivingEntityRenderer.render(LivingEntityRenderer.java:131) ~[forge-1.20.1-47.4.10_mapped_official_1.20.1-recomp.jar:?]
	at net.minecraft.client.renderer.entity.LivingEntityRenderer.render(LivingEntityRenderer.java:30) ~[forge-1.20.1-47.4.10_mapped_official_1.20.1-recomp.jar:?]
	at net.minecraft.client.renderer.entity.EntityRenderDispatcher.render(EntityRenderDispatcher.java:140) ~[forge-1.20.1-47.4.10_mapped_official_1.20.1-recomp.jar:?]
	at net.minecraft.client.renderer.LevelRenderer.renderEntity(LevelRenderer.java:1440) ~[forge-1.20.1-47.4.10_mapped_official_1.20.1-recomp.jar:?]
	at net.minecraft.client.renderer.LevelRenderer.renderLevel(LevelRenderer.java:1223) ~[forge-1.20.1-47.4.10_mapped_official_1.20.1-recomp.jar:?]
	at net.minecraft.client.renderer.GameRenderer.renderLevel(GameRenderer.java:1126) ~[forge-1.20.1-47.4.10_mapped_official_1.20.1-recomp.jar:?]
	at net.minecraft.client.renderer.GameRenderer.render(GameRenderer.java:909) ~[forge-1.20.1-47.4.10_mapped_official_1.20.1-recomp.jar:?]
	at net.minecraft.client.Minecraft.runTick(Minecraft.java:1146) ~[forge-1.20.1-47.4.10_mapped_official_1.20.1-recomp.jar:?]
	at net.minecraft.client.Minecraft.run(Minecraft.java:718) ~[forge-1.20.1-47.4.10_mapped_official_1.20.1-recomp.jar:?]
	at net.minecraft.client.main.Main.main(Main.java:218) ~[forge-1.20.1-47.4.10_mapped_official_1.20.1-recomp.jar:?]
	at jdk.internal.reflect.NativeMethodAccessorImpl.invoke0(Native Method) ~[?:?]
	at jdk.internal.reflect.NativeMethodAccessorImpl.invoke(NativeMethodAccessorImpl.java:77) ~[?:?]
	at jdk.internal.reflect.DelegatingMethodAccessorImpl.invoke(DelegatingMethodAccessorImpl.java:43) ~[?:?]
	at java.lang.reflect.Method.invoke(Method.java:569) ~[?:?]
	at net.minecraftforge.fml.loading.targets.CommonLaunchHandler.runTarget(CommonLaunchHandler.java:111) ~[fmlloader-1.20.1-47.4.10.jar:?]
	at net.minecraftforge.fml.loading.targets.CommonLaunchHandler.clientService(CommonLaunchHandler.java:99) ~[fmlloader-1.20.1-47.4.10.jar:?]
	at net.minecraftforge.fml.loading.targets.ForgeClientUserdevLaunchHandler.devService(ForgeClientUserdevLaunchHandler.java:19) ~[fmlloader-1.20.1-47.4.10.jar:?]
	at net.minecraftforge.fml.loading.targets.CommonDevLaunchHandler.lambda$makeService$7(CommonDevLaunchHandler.java:135) ~[fmlloader-1.20.1-47.4.10.jar:?]
	at cpw.mods.modlauncher.LaunchServiceHandlerDecorator.launch(LaunchServiceHandlerDecorator.java:30) ~[modlauncher-10.0.10.jar:?]
	at cpw.mods.modlauncher.LaunchServiceHandler.launch(LaunchServiceHandler.java:53) ~[modlauncher-10.0.10.jar:?]
	at cpw.mods.modlauncher.LaunchServiceHandler.launch(LaunchServiceHandler.java:71) ~[modlauncher-10.0.10.jar:?]
	at cpw.mods.modlauncher.Launcher.run(Launcher.java:108) ~[modlauncher-10.0.10.jar:?]
	at cpw.mods.modlauncher.Launcher.main(Launcher.java:78) ~[modlauncher-10.0.10.jar:?]
	at cpw.mods.modlauncher.BootstrapLaunchConsumer.accept(BootstrapLaunchConsumer.java:26) ~[modlauncher-10.0.10.jar:?]
	at cpw.mods.modlauncher.BootstrapLaunchConsumer.accept(BootstrapLaunchConsumer.java:23) ~[modlauncher-10.0.10.jar:?]
	at cpw.mods.bootstraplauncher.BootstrapLauncher.main(BootstrapLauncher.java:141) ~[bootstraplauncher-1.1.2.jar:?]
[18Jun2026 00:28:33.492] [Server thread/INFO] [net.minecraft.client.server.IntegratedServer/]: Saving and pausing game...
[18Jun2026 00:28:33.503] [Server thread/INFO] [net.minecraft.server.MinecraftServer/]: Saving chunks for level 'ServerLevel[New World]'/minecraft:overworld
[18Jun2026 00:28:33.510] [Server thread/INFO] [net.minecraft.server.MinecraftServer/]: Saving chunks for level 'ServerLevel[New World]'/irons_spellbooks:pocket_dimension
[18Jun2026 00:28:33.511] [Server thread/INFO] [net.minecraft.server.MinecraftServer/]: Saving chunks for level 'ServerLevel[New World]'/minecraft:the_end
[18Jun2026 00:28:33.512] [Server thread/INFO] [net.minecraft.server.MinecraftServer/]: Saving chunks for level 'ServerLevel[New World]'/minecraft:the_nether
[18Jun2026 00:28:33.514] [Server thread/DEBUG] [net.minecraftforge.common.ForgeHooks/WP]: Gathering id map for writing to world save New World
[18Jun2026 00:28:33.525] [Server thread/DEBUG] [net.minecraftforge.common.ForgeHooks/WP]: ID Map collection complete New World
[18Jun2026 00:28:34.082] [Render thread/DEBUG] [azurelib/IO]: Reading config azurelib
[18Jun2026 00:28:34.083] [Render thread/INFO] [mezz.jei.forge.startup.StartEventObserver/]: JEI StartEventObserver received class net.minecraftforge.client.event.ClientPlayerNetworkEvent$LoggingOut
[18Jun2026 00:28:34.083] [Render thread/INFO] [mezz.jei.forge.startup.StartEventObserver/]: JEI StartEventObserver transitioning state from JEI_STARTED to DISABLED
[18Jun2026 00:28:34.083] [Render thread/INFO] [mezz.jei.library.startup.JeiStarter/]: Stopping JEI
[18Jun2026 00:28:34.083] [Render thread/INFO] [mezz.jei.library.load.PluginCaller/]: Sending Runtime Unavailable...
[18Jun2026 00:28:34.084] [Render thread/DEBUG] [mezz.jei.library.load.PluginCallerTimerRunnable/]: Sending Runtime Unavailable: jei:minecraft...
[18Jun2026 00:28:34.084] [Render thread/DEBUG] [mezz.jei.library.load.PluginCallerTimerRunnable/]: Sending Runtime Unavailable: configured:jei_plugin...
[18Jun2026 00:28:34.084] [Render thread/DEBUG] [mezz.jei.library.load.PluginCallerTimerRunnable/]: Sending Runtime Unavailable: jade:main...
[18Jun2026 00:28:34.084] [Render thread/DEBUG] [mezz.jei.library.load.PluginCallerTimerRunnable/]: Sending Runtime Unavailable: irons_spellbooks:jei_plugin...
[18Jun2026 00:28:34.084] [Render thread/DEBUG] [mezz.jei.library.load.PluginCallerTimerRunnable/]: Sending Runtime Unavailable: jei:debug...
[18Jun2026 00:28:34.084] [Render thread/DEBUG] [mezz.jei.library.load.PluginCallerTimerRunnable/]: Sending Runtime Unavailable: jei:gui...
[18Jun2026 00:28:34.084] [Render thread/DEBUG] [mezz.jei.library.load.PluginCallerTimerRunnable/]: Sending Runtime Unavailable: jei:forge_gui...
[18Jun2026 00:28:34.084] [Render thread/INFO] [mezz.jei.forge.plugins.forge.ForgeGuiPlugin/]: Stopping JEI GUI
[18Jun2026 00:28:34.088] [Render thread/DEBUG] [mezz.jei.library.load.PluginCallerTimerRunnable/]: Sending Runtime Unavailable: curios:curios...
[18Jun2026 00:28:34.088] [Render thread/DEBUG] [mezz.jei.library.load.PluginCallerTimerRunnable/]: Sending Runtime Unavailable: aquamirae:jei...
[18Jun2026 00:28:34.088] [Render thread/DEBUG] [mezz.jei.library.load.PluginCallerTimerRunnable/]: Sending Runtime Unavailable: jei:internal...
[18Jun2026 00:28:34.088] [Render thread/INFO] [mezz.jei.library.load.PluginCaller/]: Sending Runtime Unavailable took 5.107 ms
[18Jun2026 00:28:34.088] [Render thread/DEBUG] [io.redspace.ironsspellbooks.IronsSpellbooks/]: ClientPlayerNetworkEvent onPlayerLogOut
[18Jun2026 00:28:34.099] [Server thread/INFO] [net.minecraft.server.network.ServerGamePacketListenerImpl/]: Dev lost connection: Disconnected
[18Jun2026 00:28:34.100] [Server thread/INFO] [net.minecraft.server.MinecraftServer/]: Dev left the game
[18Jun2026 00:28:34.107] [Server thread/INFO] [net.minecraft.server.network.ServerGamePacketListenerImpl/]: Stopping singleplayer server as player logged out
[18Jun2026 00:28:34.142] [Server thread/INFO] [net.minecraft.server.MinecraftServer/]: Stopping server
[18Jun2026 00:28:34.143] [Server thread/INFO] [net.minecraft.server.MinecraftServer/]: Saving players
[18Jun2026 00:28:34.143] [Server thread/INFO] [net.minecraft.server.MinecraftServer/]: Saving worlds
[18Jun2026 00:28:34.429] [Server thread/INFO] [net.minecraft.server.MinecraftServer/]: Saving chunks for level 'ServerLevel[New World]'/minecraft:overworld
[18Jun2026 00:28:34.511] [Server thread/INFO] [net.minecraft.server.MinecraftServer/]: Saving chunks for level 'ServerLevel[New World]'/irons_spellbooks:pocket_dimension
[18Jun2026 00:28:34.512] [Server thread/INFO] [net.minecraft.server.MinecraftServer/]: Saving chunks for level 'ServerLevel[New World]'/minecraft:the_end
[18Jun2026 00:28:34.514] [Server thread/INFO] [net.minecraft.server.MinecraftServer/]: Saving chunks for level 'ServerLevel[New World]'/minecraft:the_nether
[18Jun2026 00:28:34.515] [Server thread/DEBUG] [net.minecraftforge.common.ForgeHooks/WP]: Gathering id map for writing to world save New World
[18Jun2026 00:28:34.518] [Server thread/DEBUG] [net.minecraftforge.common.ForgeHooks/WP]: ID Map collection complete New World
[18Jun2026 00:28:34.526] [Server thread/INFO] [net.minecraft.server.MinecraftServer/]: ThreadedAnvilChunkStorage (New World): All chunks are saved
[18Jun2026 00:28:34.526] [Server thread/INFO] [net.minecraft.server.MinecraftServer/]: ThreadedAnvilChunkStorage (pocket_dimension): All chunks are saved
[18Jun2026 00:28:34.526] [Server thread/INFO] [net.minecraft.server.MinecraftServer/]: ThreadedAnvilChunkStorage (DIM1): All chunks are saved
[18Jun2026 00:28:34.526] [Server thread/INFO] [net.minecraft.server.MinecraftServer/]: ThreadedAnvilChunkStorage (DIM-1): All chunks are saved
[18Jun2026 00:28:34.526] [Server thread/INFO] [net.minecraft.server.MinecraftServer/]: ThreadedAnvilChunkStorage: All dimensions are saved
[18Jun2026 00:28:34.536] [Server thread/DEBUG] [net.minecraftforge.registries.GameData/REGISTRIES]: Reverting to FROZEN data state.
[18Jun2026 00:28:34.536] [Server thread/DEBUG] [net.minecraftforge.registries.ForgeRegistry/REGISTRIES]: Registry minecraft:block Sync: ACTIVE -> FROZEN
[18Jun2026 00:28:34.539] [Server thread/DEBUG] [net.minecraftforge.registries.ForgeRegistry/REGISTRIES]: Registry minecraft:fluid Sync: ACTIVE -> FROZEN
[18Jun2026 00:28:34.539] [Server thread/DEBUG] [net.minecraftforge.registries.ForgeRegistry/REGISTRIES]: Registry minecraft:item Sync: ACTIVE -> FROZEN
[18Jun2026 00:28:34.543] [Server thread/DEBUG] [net.minecraftforge.registries.ForgeRegistry/REGISTRIES]: Registry minecraft:mob_effect Sync: ACTIVE -> FROZEN
[18Jun2026 00:28:34.544] [Server thread/DEBUG] [net.minecraftforge.registries.ForgeRegistry/REGISTRIES]: Registry minecraft:sound_event Sync: ACTIVE -> FROZEN
[18Jun2026 00:28:34.547] [Server thread/DEBUG] [net.minecraftforge.registries.ForgeRegistry/REGISTRIES]: Registry minecraft:potion Sync: ACTIVE -> FROZEN
[18Jun2026 00:28:34.547] [Server thread/DEBUG] [net.minecraftforge.registries.ForgeRegistry/REGISTRIES]: Registry minecraft:enchantment Sync: ACTIVE -> FROZEN
[18Jun2026 00:28:34.548] [Server thread/DEBUG] [net.minecraftforge.registries.ForgeRegistry/REGISTRIES]: Registry minecraft:entity_type Sync: ACTIVE -> FROZEN
[18Jun2026 00:28:34.548] [Server thread/DEBUG] [net.minecraftforge.registries.ForgeRegistry/REGISTRIES]: Registry minecraft:block_entity_type Sync: ACTIVE -> FROZEN
[18Jun2026 00:28:34.548] [Server thread/DEBUG] [net.minecraftforge.registries.ForgeRegistry/REGISTRIES]: Registry minecraft:particle_type Sync: ACTIVE -> FROZEN
[18Jun2026 00:28:34.548] [Server thread/DEBUG] [net.minecraftforge.registries.ForgeRegistry/REGISTRIES]: Registry minecraft:menu Sync: ACTIVE -> FROZEN
[18Jun2026 00:28:34.548] [Server thread/DEBUG] [net.minecraftforge.registries.ForgeRegistry/REGISTRIES]: Registry minecraft:painting_variant Sync: ACTIVE -> FROZEN
[18Jun2026 00:28:34.548] [Server thread/DEBUG] [net.minecraftforge.registries.ForgeRegistry/REGISTRIES]: Registry minecraft:recipe_type Sync: ACTIVE -> FROZEN
[18Jun2026 00:28:34.548] [Server thread/DEBUG] [net.minecraftforge.registries.ForgeRegistry/REGISTRIES]: Registry minecraft:recipe_serializer Sync: ACTIVE -> FROZEN
[18Jun2026 00:28:34.548] [Server thread/DEBUG] [net.minecraftforge.registries.ForgeRegistry/REGISTRIES]: Registry minecraft:attribute Sync: ACTIVE -> FROZEN
[18Jun2026 00:28:34.549] [Server thread/DEBUG] [net.minecraftforge.registries.ForgeRegistry/REGISTRIES]: Registry minecraft:stat_type Sync: ACTIVE -> FROZEN
[18Jun2026 00:28:34.549] [Server thread/DEBUG] [net.minecraftforge.registries.ForgeRegistry/REGISTRIES]: Registry minecraft:command_argument_type Sync: ACTIVE -> FROZEN
[18Jun2026 00:28:34.549] [Server thread/DEBUG] [net.minecraftforge.registries.ForgeRegistry/REGISTRIES]: Registry minecraft:villager_profession Sync: ACTIVE -> FROZEN
[18Jun2026 00:28:34.549] [Server thread/DEBUG] [net.minecraftforge.registries.ForgeRegistry/REGISTRIES]: Registry minecraft:point_of_interest_type Sync: ACTIVE -> FROZEN
[18Jun2026 00:28:34.549] [Server thread/DEBUG] [net.minecraftforge.registries.ForgeRegistry/REGISTRIES]: Registry minecraft:memory_module_type Sync: ACTIVE -> FROZEN
[18Jun2026 00:28:34.550] [Server thread/DEBUG] [net.minecraftforge.registries.ForgeRegistry/REGISTRIES]: Registry minecraft:sensor_type Sync: ACTIVE -> FROZEN
[18Jun2026 00:28:34.550] [Server thread/DEBUG] [net.minecraftforge.registries.ForgeRegistry/REGISTRIES]: Registry minecraft:schedule Sync: ACTIVE -> FROZEN
[18Jun2026 00:28:34.550] [Server thread/DEBUG] [net.minecraftforge.registries.ForgeRegistry/REGISTRIES]: Registry minecraft:activity Sync: ACTIVE -> FROZEN
[18Jun2026 00:28:34.550] [Server thread/DEBUG] [net.minecraftforge.registries.ForgeRegistry/REGISTRIES]: Registry minecraft:worldgen/carver Sync: ACTIVE -> FROZEN
[18Jun2026 00:28:34.550] [Server thread/DEBUG] [net.minecraftforge.registries.ForgeRegistry/REGISTRIES]: Registry minecraft:worldgen/feature Sync: ACTIVE -> FROZEN
[18Jun2026 00:28:34.550] [Server thread/DEBUG] [net.minecraftforge.registries.ForgeRegistry/REGISTRIES]: Registry minecraft:chunk_status Sync: ACTIVE -> FROZEN
[18Jun2026 00:28:34.550] [Server thread/DEBUG] [net.minecraftforge.registries.ForgeRegistry/REGISTRIES]: Registry minecraft:worldgen/block_state_provider_type Sync: ACTIVE -> FROZEN
[18Jun2026 00:28:34.550] [Server thread/DEBUG] [net.minecraftforge.registries.ForgeRegistry/REGISTRIES]: Registry minecraft:worldgen/foliage_placer_type Sync: ACTIVE -> FROZEN
[18Jun2026 00:28:34.550] [Server thread/DEBUG] [net.minecraftforge.registries.ForgeRegistry/REGISTRIES]: Registry minecraft:worldgen/tree_decorator_type Sync: ACTIVE -> FROZEN
[18Jun2026 00:28:34.550] [Server thread/DEBUG] [net.minecraftforge.registries.ForgeRegistry/REGISTRIES]: Registry minecraft:worldgen/biome Sync: ACTIVE -> FROZEN
[18Jun2026 00:28:34.550] [Server thread/DEBUG] [net.minecraftforge.registries.ForgeRegistry/REGISTRIES]: Registry irons_spellbooks:schools Sync: ACTIVE -> FROZEN
[18Jun2026 00:28:34.550] [Server thread/DEBUG] [net.minecraftforge.registries.ForgeRegistry/REGISTRIES]: Registry irons_spellbooks:spells Sync: ACTIVE -> FROZEN
[18Jun2026 00:28:34.550] [Server thread/DEBUG] [net.minecraftforge.registries.ForgeRegistry/REGISTRIES]: Registry forge:entity_data_serializers Sync: ACTIVE -> FROZEN
[18Jun2026 00:28:34.550] [Server thread/DEBUG] [net.minecraftforge.registries.ForgeRegistry/REGISTRIES]: Registry forge:global_loot_modifier_serializers Sync: ACTIVE -> FROZEN
[18Jun2026 00:28:34.550] [Server thread/DEBUG] [net.minecraftforge.registries.ForgeRegistry/REGISTRIES]: Registry forge:biome_modifier_serializers Sync: ACTIVE -> FROZEN
[18Jun2026 00:28:34.550] [Server thread/DEBUG] [net.minecraftforge.registries.ForgeRegistry/REGISTRIES]: Registry forge:fluid_type Sync: ACTIVE -> FROZEN
[18Jun2026 00:28:34.550] [Server thread/DEBUG] [net.minecraftforge.registries.ForgeRegistry/REGISTRIES]: Registry forge:structure_modifier_serializers Sync: ACTIVE -> FROZEN
[18Jun2026 00:28:34.559] [Server thread/DEBUG] [net.minecraftforge.registries.ForgeRegistry/REGISTRIES]: Registry forge:holder_set_type Sync: ACTIVE -> FROZEN
[18Jun2026 00:28:34.559] [Server thread/DEBUG] [net.minecraftforge.registries.ForgeRegistry/REGISTRIES]: Registry forge:display_contexts Sync: ACTIVE -> FROZEN
[18Jun2026 00:28:34.786] [Server thread/DEBUG] [net.minecraftforge.registries.ObjectHolderRegistry/REGISTRIES]: Applying holder lookups
[18Jun2026 00:28:34.789] [Server thread/DEBUG] [net.minecraftforge.registries.ObjectHolderRegistry/REGISTRIES]: Holder lookups applied
[18Jun2026 00:28:34.789] [Server thread/DEBUG] [net.minecraftforge.registries.GameData/REGISTRIES]: FROZEN state restored.
[18Jun2026 00:28:34.789] [Server thread/DEBUG] [net.minecraftforge.fml.config.ConfigTracker/CONFIG]: Unloading configs type SERVER
[18Jun2026 00:28:36.047] [Render thread/INFO] [net.minecraft.client.Minecraft/]: Stopping!
[18Jun2026 00:28:36.060] [Render thread/DEBUG] [azurelib/IO]: Reading config azurelib
[18Jun2026 00:28:36.060] [Render thread/DEBUG] [io.redspace.ironsspellbooks.IronsSpellbooks/]: ClientPlayerNetworkEvent onPlayerLogOut
