[18Jun2026 00:28:01.782] [main/INFO] [cpw.mods.modlauncher.Launcher/MODLAUNCHER]: ModLauncher running: args [--launchTarget, forgeclientuserdev, --version, MOD_DEV, --assetIndex, 5, --assetsDir, C:\Users\user\.gradle\caches\forge_gradle\assets, --gameDir, ., --fml.forgeVersion, 47.4.10, --fml.mcVersion, 1.20.1, --fml.forgeGroup, net.minecraftforge, --fml.mcpVersion, 20230612.114412]
[18Jun2026 00:28:01.788] [main/INFO] [cpw.mods.modlauncher.Launcher/MODLAUNCHER]: ModLauncher 10.0.10+10.0.10+main.22f00f84 starting: java version 17.0.19 by Eclipse Adoptium; OS Windows 11 arch amd64 version 10.0
[18Jun2026 00:28:01.938] [main/INFO] [net.minecraftforge.fml.loading.ImmediateWindowHandler/]: Loading ImmediateWindowProvider fmlearlywindow
[18Jun2026 00:28:02.007] [main/INFO] [EARLYDISPLAY/]: Trying GL version 4.6
[18Jun2026 00:28:02.484] [main/INFO] [EARLYDISPLAY/]: Requested GL version 4.6 got version 4.6
[18Jun2026 00:28:02.565] [main/INFO] [mixin/]: SpongePowered MIXIN Subsystem Version=0.8.5 Source=union:/C:/Users/user/.gradle/caches/modules-2/files-2.1/org.spongepowered/mixin/0.8.5/9d1c0c3a304ae6697ecd477218fa61b850bf57fc/mixin-0.8.5.jar%23132!/ Service=ModLauncher Env=CLIENT
[18Jun2026 00:28:02.607] [pool-2-thread-1/INFO] [EARLYDISPLAY/]: GL info: NVIDIA GeForce RTX 5070 Laptop GPU/PCIe/SSE2 GL version 4.6.0 NVIDIA 576.76, NVIDIA Corporation
[18Jun2026 00:28:02.831] [main/WARN] [net.minecraftforge.fml.loading.moddiscovery.ModFileParser/LOADING]: Mod file C:\Users\user\.gradle\caches\modules-2\files-2.1\net.minecraftforge\javafmllanguage\1.20.1-47.4.10\ccc533c7dd67e0983217197d7549c8b49e7ab453\javafmllanguage-1.20.1-47.4.10.jar is missing mods.toml file
[18Jun2026 00:28:02.835] [main/WARN] [net.minecraftforge.fml.loading.moddiscovery.ModFileParser/LOADING]: Mod file C:\Users\user\.gradle\caches\modules-2\files-2.1\net.minecraftforge\lowcodelanguage\1.20.1-47.4.10\e9a2879fe3612ea34b9728ec2633304a1e67d480\lowcodelanguage-1.20.1-47.4.10.jar is missing mods.toml file
[18Jun2026 00:28:02.840] [main/WARN] [net.minecraftforge.fml.loading.moddiscovery.ModFileParser/LOADING]: Mod file C:\Users\user\.gradle\caches\modules-2\files-2.1\net.minecraftforge\mclanguage\1.20.1-47.4.10\ec5cefbbc65c67302b8fac317010faab85fa14b9\mclanguage-1.20.1-47.4.10.jar is missing mods.toml file
[18Jun2026 00:28:02.844] [main/WARN] [net.minecraftforge.fml.loading.moddiscovery.ModFileParser/LOADING]: Mod file C:\Users\user\.gradle\caches\modules-2\files-2.1\net.minecraftforge\fmlcore\1.20.1-47.4.10\94dae566be650566ea9115a1414ab76bfcf5a804\fmlcore-1.20.1-47.4.10.jar is missing mods.toml file
[18Jun2026 00:28:03.165] [main/INFO] [net.minecraftforge.fml.loading.moddiscovery.JarInJarDependencyLocator/]: Found 5 dependencies adding them to mods collection
[18Jun2026 00:28:04.424] [main/INFO] [mixin/]: Compatibility level set to JAVA_17
[18Jun2026 00:28:04.453] [main/INFO] [cpw.mods.modlauncher.LaunchServiceHandler/MODLAUNCHER]: Launching target 'forgeclientuserdev' with arguments [--version, MOD_DEV, --gameDir, ., --assetsDir, C:\Users\user\.gradle\caches\forge_gradle\assets, --assetIndex, 5]
[18Jun2026 00:28:04.681] [main/INFO] [mixin/]: Remapping refMap configured.refmap.json using C:\Users\user\IdeaProjects\Mana_Sub_Zero\build\createSrgToMcp\output.srg
[18Jun2026 00:28:04.690] [main/INFO] [mixin/]: Remapping refMap moonlight-common-refmap.json using C:\Users\user\IdeaProjects\Mana_Sub_Zero\build\createSrgToMcp\output.srg
[18Jun2026 00:28:04.690] [main/INFO] [mixin/]: Remapping refMap moonlight-forge-refmap.json using C:\Users\user\IdeaProjects\Mana_Sub_Zero\build\createSrgToMcp\output.srg
[18Jun2026 00:28:04.712] [main/INFO] [mixin/]: Remapping refMap jade.refmap.json using C:\Users\user\IdeaProjects\Mana_Sub_Zero\build\createSrgToMcp\output.srg
[18Jun2026 00:28:04.712] [main/INFO] [mixin/]: Remapping refMap geckolib.refmap.json using C:\Users\user\IdeaProjects\Mana_Sub_Zero\build\createSrgToMcp\output.srg
[18Jun2026 00:28:04.714] [main/INFO] [mixin/]: Remapping refMap player-animation-lib-minecraft_common-refmap.json using C:\Users\user\IdeaProjects\Mana_Sub_Zero\build\createSrgToMcp\output.srg
[18Jun2026 00:28:04.715] [main/INFO] [mixin/]: Remapping refMap irons_spellbooks.refmap.json using C:\Users\user\IdeaProjects\Mana_Sub_Zero\build\createSrgToMcp\output.srg
[18Jun2026 00:28:04.717] [main/INFO] [mixin/]: Remapping refMap azurelib.refmap.json using C:\Users\user\IdeaProjects\Mana_Sub_Zero\build\createSrgToMcp\output.srg
[18Jun2026 00:28:04.718] [main/INFO] [mixin/]: Remapping refMap azurelib.refmap.json using C:\Users\user\IdeaProjects\Mana_Sub_Zero\build\createSrgToMcp\output.srg
[18Jun2026 00:28:04.720] [main/INFO] [mixin/]: Remapping refMap bettercombat-common-common-refmap.json using C:\Users\user\IdeaProjects\Mana_Sub_Zero\build\createSrgToMcp\output.srg
[18Jun2026 00:28:04.721] [main/INFO] [mixin/]: Remapping refMap obscure_api.refmap.json using C:\Users\user\IdeaProjects\Mana_Sub_Zero\build\createSrgToMcp\output.srg
[18Jun2026 00:28:04.722] [main/INFO] [mixin/]: Remapping refMap dummmmmmy-common-refmap.json using C:\Users\user\IdeaProjects\Mana_Sub_Zero\build\createSrgToMcp\output.srg
[18Jun2026 00:28:04.724] [main/INFO] [mixin/]: Remapping refMap curios.refmap.json using C:\Users\user\IdeaProjects\Mana_Sub_Zero\build\createSrgToMcp\output.srg
[18Jun2026 00:28:04.726] [main/INFO] [mixin/]: Remapping refMap aquamirae.refmap.json using C:\Users\user\IdeaProjects\Mana_Sub_Zero\build\createSrgToMcp\output.srg
[18Jun2026 00:28:04.727] [main/INFO] [mixin/]: Remapping refMap placebo.refmap.json using C:\Users\user\IdeaProjects\Mana_Sub_Zero\build\createSrgToMcp\output.srg
[18Jun2026 00:28:05.235] [main/INFO] [net.minecraftforge.coremod.CoreMod.placebo/COREMODLOG]: Patching IForgeItemStack#getEnchantmentLevel
[18Jun2026 00:28:05.250] [main/INFO] [net.minecraftforge.coremod.CoreMod.placebo/COREMODLOG]: Patching IForgeItemStack#getEnchantmentLevel
[18Jun2026 00:28:05.261] [main/INFO] [net.minecraftforge.coremod.CoreMod.placebo/COREMODLOG]: Patching IForgeItemStack#getEnchantmentLevel
[18Jun2026 00:28:05.262] [main/INFO] [net.minecraftforge.coremod.CoreMod.placebo/COREMODLOG]: Patching IForgeItemStack#getEnchantmentLevel
[18Jun2026 00:28:05.453] [main/INFO] [MixinExtras|Service/]: Initializing MixinExtras via com.llamalad7.mixinextras.service.MixinExtrasServiceImpl(version=0.5.0).
[18Jun2026 00:28:07.997] [pool-4-thread-1/INFO] [net.minecraftforge.coremod.CoreMod.placebo/COREMODLOG]: Patching IForgeItemStack#getEnchantmentLevel
[18Jun2026 00:28:07.998] [pool-4-thread-1/INFO] [net.minecraftforge.coremod.CoreMod.placebo/COREMODLOG]: Patching IForgeItemStack#getEnchantmentLevel
[18Jun2026 00:28:09.027] [Datafixer Bootstrap/INFO] [com.mojang.datafixers.DataFixerBuilder/]: 188 Datafixer optimizations took 116 milliseconds
[18Jun2026 00:28:10.422] [Render thread/WARN] [net.minecraft.server.packs.VanillaPackResourcesBuilder/]: Assets URL 'union:/C:/Users/user/.gradle/caches/forge_gradle/minecraft_user_repo/net/minecraftforge/forge/1.20.1-47.4.10_mapped_official_1.20.1/forge-1.20.1-47.4.10_mapped_official_1.20.1-recomp.jar%23191!/assets/.mcassetsroot' uses unexpected schema
[18Jun2026 00:28:10.423] [Render thread/WARN] [net.minecraft.server.packs.VanillaPackResourcesBuilder/]: Assets URL 'union:/C:/Users/user/.gradle/caches/forge_gradle/minecraft_user_repo/net/minecraftforge/forge/1.20.1-47.4.10_mapped_official_1.20.1/forge-1.20.1-47.4.10_mapped_official_1.20.1-recomp.jar%23191!/data/.mcassetsroot' uses unexpected schema
[18Jun2026 00:28:10.445] [Render thread/INFO] [com.mojang.authlib.yggdrasil.YggdrasilAuthenticationService/]: Environment: authHost='https://authserver.mojang.com', accountsHost='https://api.mojang.com', sessionHost='https://sessionserver.mojang.com', servicesHost='https://api.minecraftservices.com', name='PROD'
[18Jun2026 00:28:10.450] [Render thread/INFO] [net.minecraft.client.Minecraft/]: Setting user: Dev
[18Jun2026 00:28:10.484] [Render thread/INFO] [mixin/]: BeforeConstant is searching for constants in method with descriptor (Lnet/minecraft/network/chat/Component;Lnet/minecraft/client/GuiMessageTag;)V
[18Jun2026 00:28:10.484] [Render thread/INFO] [mixin/]:   BeforeConstant found STRING constant: value = , stringValue = null
[18Jun2026 00:28:10.484] [Render thread/INFO] [mixin/]:     BeforeConstant found a matching constant TYPE at ordinal 0
[18Jun2026 00:28:10.484] [Render thread/INFO] [mixin/]:       BeforeConstant found LdcInsn 
[18Jun2026 00:28:10.485] [Render thread/INFO] [mixin/]:   BeforeConstant found STRING constant: value = \\r, stringValue = null
[18Jun2026 00:28:10.485] [Render thread/INFO] [mixin/]:     BeforeConstant found a matching constant TYPE at ordinal 1
[18Jun2026 00:28:10.485] [Render thread/INFO] [mixin/]:       BeforeConstant found LdcInsn \\r
[18Jun2026 00:28:10.485] [Render thread/INFO] [mixin/]:   BeforeConstant found STRING constant: value = 
, stringValue = null
[18Jun2026 00:28:10.485] [Render thread/INFO] [mixin/]:     BeforeConstant found a matching constant TYPE at ordinal 2
[18Jun2026 00:28:10.485] [Render thread/INFO] [mixin/]:       BeforeConstant found LdcInsn 

[18Jun2026 00:28:10.485] [Render thread/INFO] [mixin/]:   BeforeConstant found STRING constant: value = \\n, stringValue = null
[18Jun2026 00:28:10.485] [Render thread/INFO] [mixin/]:     BeforeConstant found a matching constant TYPE at ordinal 3
[18Jun2026 00:28:10.485] [Render thread/INFO] [mixin/]:       BeforeConstant found LdcInsn \\n
[18Jun2026 00:28:10.485] [Render thread/INFO] [mixin/]:   BeforeConstant found CLASS constant: value = Ljava/lang/String;, typeValue = null
[18Jun2026 00:28:10.485] [Render thread/INFO] [mixin/]:   BeforeConstant found STRING constant: value = [{}] [CHAT] {}, stringValue = null
[18Jun2026 00:28:10.485] [Render thread/INFO] [mixin/]:     BeforeConstant found a matching constant TYPE at ordinal 4
[18Jun2026 00:28:10.485] [Render thread/INFO] [mixin/]:       BeforeConstant found LdcInsn [{}] [CHAT] {}
[18Jun2026 00:28:10.485] [Render thread/INFO] [mixin/]:   BeforeConstant found STRING constant: value = [CHAT] {}, stringValue = null
[18Jun2026 00:28:10.485] [Render thread/INFO] [mixin/]:     BeforeConstant found a matching constant TYPE at ordinal 5
[18Jun2026 00:28:10.485] [Render thread/INFO] [mixin/]:       BeforeConstant found LdcInsn [CHAT] {}
[18Jun2026 00:28:10.550] [Render thread/INFO] [net.minecraft.client.Minecraft/]: Backend library: LWJGL version 3.3.1 build 7
[18Jun2026 00:28:10.879] [modloading-worker-0/INFO] [net.minecraftforge.common.ForgeMod/FORGEMOD]: Forge mod loading, version 47.4.10, for MC 1.20.1 with MCP 20230612.114412
[18Jun2026 00:28:10.879] [modloading-worker-0/INFO] [net.minecraftforge.common.MinecraftForge/FORGE]: MinecraftForge v47.4.10 Initialized
[18Jun2026 00:28:11.052] [modloading-worker-0/INFO] [azurelib/FileWatching]: Registered azurelib config for auto-sync function
[18Jun2026 00:28:11.168] [modloading-worker-0/INFO] [mezz.jei.library.load.PluginCaller/]: Sending ConfigManager...
[18Jun2026 00:28:11.172] [modloading-worker-0/INFO] [mezz.jei.library.load.PluginCaller/]: Sending ConfigManager took 2.898 ms
[18Jun2026 00:28:11.743] [Render thread/INFO] [Moonlight/]: Initialized block sets in 7ms
[18Jun2026 00:28:12.506] [Render thread/INFO] [net.minecraftforge.gametest.ForgeGameTestHooks/]: Enabled Gametest Namespaces: [mana_sub_zero]
[18Jun2026 00:28:12.819] [Render thread/INFO] [net.minecraft.server.packs.resources.ReloadableResourceManager/]: Reloading ResourceManager: vanilla, mod_resources, Moonlight Mods Dynamic Assets
[18Jun2026 00:28:12.827] [Worker-Main-1/INFO] [Moonlight/]: Starting runtime resource generation for pack type CLIENT_RESOURCES with generators from mods [moonlight, moonlight]: [net.mehvahdjukaar.moonlight.core.MoonlightClient$MLDynamicClientResources@56a8ea18]
[18Jun2026 00:28:12.827] [Worker-Main-1/INFO] [Moonlight/]: Generating runtime assets for pack Moonlight Mods Dynamic Assets (moonlight)
[18Jun2026 00:28:12.832] [Worker-Main-1/INFO] [Moonlight/]: Generated runtime CLIENT_RESOURCES for pack Moonlight Mods Dynamic Assets (moonlight) in: 4 ms (debug resource dump on) (multithreaded)
[18Jun2026 00:28:12.832] [Worker-Main-1/INFO] [Moonlight/]: Finished runtime resources generation for 2 packs in a total of 4 ms
[18Jun2026 00:28:13.064] [Worker-Main-5/WARN] [net.minecraft.client.sounds.SoundManager/]: File irons_spellbooks:sounds/dead_king/music/drums.ogg does not exist, cannot add it to event irons_spellbooks:entity.dead_king.music.drum_loop
[18Jun2026 00:28:13.064] [Worker-Main-5/WARN] [net.minecraft.client.sounds.SoundManager/]: File irons_spellbooks:sounds/dead_king/music/finale.ogg does not exist, cannot add it to event irons_spellbooks:entity.dead_king.music.finale
[18Jun2026 00:28:13.064] [Worker-Main-5/WARN] [net.minecraft.client.sounds.SoundManager/]: File irons_spellbooks:sounds/trial_spawner/hit1.ogg does not exist, cannot add it to event irons_spellbooks:block.trial_spawner.hit
[18Jun2026 00:28:13.064] [Worker-Main-5/WARN] [net.minecraft.client.sounds.SoundManager/]: File irons_spellbooks:sounds/trial_spawner/fall1.ogg does not exist, cannot add it to event irons_spellbooks:block.trial_spawner.fall
[18Jun2026 00:28:13.064] [Worker-Main-5/WARN] [net.minecraft.client.sounds.SoundManager/]: File irons_spellbooks:sounds/trial_spawner/about_to_spawn_item1.ogg does not exist, cannot add it to event irons_spellbooks:block.trial_spawner.about_to_spawn_item
[18Jun2026 00:28:13.064] [Worker-Main-5/WARN] [net.minecraft.client.sounds.SoundManager/]: File irons_spellbooks:sounds/trial_spawner/spawn_item1.ogg does not exist, cannot add it to event irons_spellbooks:block.trial_spawner.spawn_item
[18Jun2026 00:28:13.064] [Worker-Main-5/WARN] [net.minecraft.client.sounds.SoundManager/]: File irons_spellbooks:sounds/trial_spawner/spawn_item_begin1.ogg does not exist, cannot add it to event irons_spellbooks:block.trial_spawner.spawn_item_begin
[18Jun2026 00:28:13.064] [Worker-Main-5/WARN] [net.minecraft.client.sounds.SoundManager/]: File irons_spellbooks:sounds/trial_spawner/ominous_activate1.ogg does not exist, cannot add it to event irons_spellbooks:block.trial_spawner.ominous_activate
[18Jun2026 00:28:13.064] [Worker-Main-5/WARN] [net.minecraft.client.sounds.SoundManager/]: File irons_spellbooks:sounds/trial_spawner/ambient_ominous1.ogg does not exist, cannot add it to event irons_spellbooks:block.trial_spawner.ambient_ominous
[18Jun2026 00:28:13.064] [Worker-Main-5/WARN] [net.minecraft.client.sounds.SoundManager/]: File irons_spellbooks:sounds/vault/close_shutter.ogg does not exist, cannot add it to event irons_spellbooks:block.vault.close_shutter
[18Jun2026 00:28:13.064] [Worker-Main-5/WARN] [net.minecraft.client.sounds.SoundManager/]: File irons_spellbooks:sounds/vault/reject_rewarded_player.ogg does not exist, cannot add it to event irons_spellbooks:block.vault.reject_rewarded_player
[18Jun2026 00:28:13.064] [Worker-Main-5/WARN] [net.minecraft.client.sounds.SoundManager/]: File irons_spellbooks:sounds/vault/fall.ogg does not exist, cannot add it to event irons_spellbooks:block.vault.fall
[18Jun2026 00:28:13.064] [Worker-Main-5/WARN] [net.minecraft.client.sounds.SoundManager/]: File irons_spellbooks:sounds/vault/hit.ogg does not exist, cannot add it to event irons_spellbooks:block.vault.hit
[18Jun2026 00:28:13.121] [Worker-Main-10/INFO] [net.minecraft.client.gui.font.providers.UnihexProvider/]: Found unifont_all_no_pua-15.0.06.hex, loading
[18Jun2026 00:28:13.148] [Forge Version Check/INFO] [net.minecraftforge.fml.VersionChecker/]: [configured] Starting version check at https://mrcrayfish.com/modupdatejson?id=configured
[18Jun2026 00:28:13.264] [Render thread/INFO] [Moonlight/]: Initialized color sets in 17ms
[18Jun2026 00:28:13.321] [Placebo Patreon Trail Loader/INFO] [placebo/]: Loading patreon trails data...
[18Jun2026 00:28:13.327] [Placebo Patreon Wing Loader/INFO] [placebo/]: Loading patreon wing data...
[18Jun2026 00:28:13.329] [Worker-Main-11/WARN] [net.minecraft.client.renderer.texture.SpriteContents/]: Unused frames in sprite irons_spellbooks:item/upgrade_orb_ender: [1, 5, 6, 7]
[18Jun2026 00:28:13.333] [Worker-Main-7/WARN] [net.minecraft.client.renderer.texture.SpriteContents/]: Unused frames in sprite irons_spellbooks:item/energized_core_energy: [11]
[18Jun2026 00:28:13.486] [Placebo Patreon Trail Loader/INFO] [placebo/]: Loaded 49 patreon trails.
[18Jun2026 00:28:13.487] [Placebo Patreon Wing Loader/INFO] [placebo/]: Loaded 43 patreon wings.
[18Jun2026 00:28:13.705] [Forge Version Check/WARN] [net.minecraftforge.fml.VersionChecker/]: Failed to process update information
com.google.gson.JsonSyntaxException: java.lang.IllegalStateException: Expected BEGIN_OBJECT but was STRING at line 1 column 1 path $
	at com.google.gson.Gson.fromJson(Gson.java:1226) ~[gson-2.10.jar%23134!/:?]
	at com.google.gson.Gson.fromJson(Gson.java:1124) ~[gson-2.10.jar%23134!/:?]
	at com.google.gson.Gson.fromJson(Gson.java:1034) ~[gson-2.10.jar%23134!/:?]
	at com.google.gson.Gson.fromJson(Gson.java:969) ~[gson-2.10.jar%23134!/:?]
	at net.minecraftforge.fml.VersionChecker$1.process(VersionChecker.java:186) ~[fmlcore-1.20.1-47.4.10.jar%23195!/:?]
	at java.lang.Iterable.forEach(Iterable.java:75) ~[?:?]
	at net.minecraftforge.fml.VersionChecker$1.run(VersionChecker.java:117) ~[fmlcore-1.20.1-47.4.10.jar%23195!/:?]
Caused by: java.lang.IllegalStateException: Expected BEGIN_OBJECT but was STRING at line 1 column 1 path $
	at com.google.gson.stream.JsonReader.beginObject(JsonReader.java:393) ~[gson-2.10.jar%23134!/:?]
	at com.google.gson.internal.bind.MapTypeAdapterFactory$Adapter.read(MapTypeAdapterFactory.java:182) ~[gson-2.10.jar%23134!/:?]
	at com.google.gson.internal.bind.MapTypeAdapterFactory$Adapter.read(MapTypeAdapterFactory.java:144) ~[gson-2.10.jar%23134!/:?]
	at com.google.gson.Gson.fromJson(Gson.java:1214) ~[gson-2.10.jar%23134!/:?]
	... 6 more
[18Jun2026 00:28:13.706] [Forge Version Check/INFO] [net.minecraftforge.fml.VersionChecker/]: [moonlight] Starting version check at https://api.modrinth.com/updates/moonlight/forge_updates.json
[18Jun2026 00:28:13.819] [Worker-Main-4/WARN] [net.minecraft.client.resources.model.ModelBakery/]: Unable to load model: 'irons_spellbooks:item/template_open_spell_book_model' referenced from: irons_spellbooks:item/template_open_spell_book_model: java.io.FileNotFoundException: irons_spellbooks:models/item/template_open_spell_book_model.json
[18Jun2026 00:28:13.890] [Forge Version Check/INFO] [net.minecraftforge.fml.VersionChecker/]: [moonlight] Found status: OUTDATED Current: 1.20-2.16.28 Target: 1.20-2.16.34-forge
[18Jun2026 00:28:13.890] [Forge Version Check/INFO] [net.minecraftforge.fml.VersionChecker/]: [forge] Starting version check at https://files.minecraftforge.net/net/minecraftforge/forge/promotions_slim.json
[18Jun2026 00:28:14.030] [Forge Version Check/INFO] [net.minecraftforge.fml.VersionChecker/]: [forge] Found status: UP_TO_DATE Current: 47.4.10 Target: null
[18Jun2026 00:28:14.030] [Forge Version Check/INFO] [net.minecraftforge.fml.VersionChecker/]: [aquamirae] Starting version check at https://raw.githubusercontent.com/ObscuriaLithium/modding/main/versions/aquamirae.json
[18Jun2026 00:28:14.103] [Forge Version Check/INFO] [net.minecraftforge.fml.VersionChecker/]: [aquamirae] Found status: UP_TO_DATE Current: 6.4.0 Target: null
[18Jun2026 00:28:14.325] [Worker-Main-14/INFO] [io.redspace.ironsspellbooks.IronsSpellbooks/]: Got IMC []
[18Jun2026 00:28:14.382] [Worker-Main-14/INFO] [Jade/]: Start loading plugin at snownee.jade.addon.vanilla.VanillaPlugin
[18Jun2026 00:28:14.422] [Worker-Main-14/INFO] [Jade/]: Start loading plugin at snownee.jade.addon.universal.UniversalPlugin
[18Jun2026 00:28:14.429] [Worker-Main-14/INFO] [Jade/]: Start loading plugin at snownee.jade.addon.core.CorePlugin
[18Jun2026 00:28:14.436] [Worker-Main-14/INFO] [Jade/]: Dev environment detected, loading test plugin
[18Jun2026 00:28:14.473] [Render thread/INFO] [Configured/]: Successfully loaded config provider: com.mrcrayfish.configured.impl.forge.ForgeConfigProvider
[18Jun2026 00:28:14.474] [Render thread/INFO] [Configured/]: Successfully loaded config provider: com.mrcrayfish.configured.impl.framework.FrameworkConfigProvider
[18Jun2026 00:28:14.474] [Render thread/INFO] [Configured/]: Successfully loaded config provider: com.mrcrayfish.configured.impl.jei.JeiConfigProvider
[18Jun2026 00:28:14.474] [Render thread/INFO] [Configured/]: Creating config GUI factories...
[18Jun2026 00:28:14.479] [Render thread/INFO] [Configured/]: Registering config factory for mod irons_spellbooks. Found 2 config(s)
[18Jun2026 00:28:14.480] [Render thread/INFO] [Configured/]: Registering config factory for mod moonlight. Found 2 config(s)
[18Jun2026 00:28:14.481] [Render thread/INFO] [Configured/]: Registering config factory for mod jei. Found 5 config(s)
[18Jun2026 00:28:14.481] [Render thread/INFO] [Configured/]: Registering config factory for mod forge. Found 2 config(s)
[18Jun2026 00:28:14.481] [Render thread/INFO] [Configured/]: Registering config factory for mod dummmmmmy. Found 2 config(s)
[18Jun2026 00:28:14.481] [Render thread/INFO] [Configured/]: Registering config factory for mod curios. Found 2 config(s)
[18Jun2026 00:28:14.481] [Render thread/INFO] [Configured/]: Registering config factory for mod mana_sub_zero. Found 1 config(s)
[18Jun2026 00:28:14.481] [Render thread/INFO] [Configured/]: Registering config factory for mod mobhealthbar. Found 1 config(s)
[18Jun2026 00:28:15.143] [Render thread/WARN] [net.minecraft.client.sounds.SoundEngine/]: Missing sound for event: minecraft:item.goat_horn.play
[18Jun2026 00:28:15.143] [Render thread/WARN] [net.minecraft.client.sounds.SoundEngine/]: Missing sound for event: minecraft:entity.goat.screaming.horn_break
[18Jun2026 00:28:15.144] [Render thread/WARN] [net.minecraft.client.sounds.SoundEngine/]: Missing sound for event: irons_spellbooks:entity.generic.swing_weird
[18Jun2026 00:28:15.607] [Render thread/INFO] [com.mojang.blaze3d.audio.Library/]: OpenAL initialized on device OpenAL Soft on Headphones (Realtek(R) Audio)
[18Jun2026 00:28:15.607] [Render thread/INFO] [net.minecraft.client.sounds.SoundEngine/SOUNDS]: Sound engine started
[18Jun2026 00:28:15.738] [Render thread/INFO] [net.minecraft.client.renderer.texture.TextureAtlas/]: Created: 1024x1024x4 minecraft:textures/atlas/blocks.png-atlas
[18Jun2026 00:28:15.745] [Render thread/INFO] [net.minecraft.client.renderer.texture.TextureAtlas/]: Created: 256x256x4 minecraft:textures/atlas/signs.png-atlas
[18Jun2026 00:28:15.748] [Render thread/INFO] [net.minecraft.client.renderer.texture.TextureAtlas/]: Created: 512x512x4 minecraft:textures/atlas/banner_patterns.png-atlas
[18Jun2026 00:28:15.748] [Render thread/INFO] [net.minecraft.client.renderer.texture.TextureAtlas/]: Created: 512x512x4 minecraft:textures/atlas/shield_patterns.png-atlas
[18Jun2026 00:28:15.749] [Render thread/INFO] [net.minecraft.client.renderer.texture.TextureAtlas/]: Created: 1024x1024x4 minecraft:textures/atlas/armor_trims.png-atlas
[18Jun2026 00:28:15.751] [Render thread/INFO] [net.minecraft.client.renderer.texture.TextureAtlas/]: Created: 256x256x4 minecraft:textures/atlas/chest.png-atlas
[18Jun2026 00:28:15.752] [Render thread/INFO] [net.minecraft.client.renderer.texture.TextureAtlas/]: Created: 128x64x4 minecraft:textures/atlas/decorated_pot.png-atlas
[18Jun2026 00:28:15.752] [Render thread/INFO] [net.minecraft.client.renderer.texture.TextureAtlas/]: Created: 512x256x4 minecraft:textures/atlas/beds.png-atlas
[18Jun2026 00:28:15.753] [Render thread/INFO] [net.minecraft.client.renderer.texture.TextureAtlas/]: Created: 512x256x4 minecraft:textures/atlas/shulker_boxes.png-atlas
[18Jun2026 00:28:15.872] [Render thread/WARN] [net.minecraft.client.renderer.ShaderInstance/]: Shader rendertype_entity_translucent_emissive could not find sampler named Sampler2 in the specified shader program.
[18Jun2026 00:28:15.897] [Render thread/WARN] [net.minecraft.client.renderer.ShaderInstance/]: Shader moonlight:text_alpha_color could not find sampler named Sampler2 in the specified shader program.
[18Jun2026 00:28:15.897] [Render thread/WARN] [net.minecraft.client.renderer.ShaderInstance/]: Shader moonlight:text_alpha_color could not find uniform named IViewRotMat in the specified shader program.
[18Jun2026 00:28:15.913] [Render thread/INFO] [net.minecraft.client.renderer.texture.TextureAtlas/]: Created: 512x512x0 minecraft:textures/atlas/particles.png-atlas
[18Jun2026 00:28:15.914] [Render thread/INFO] [net.minecraft.client.renderer.texture.TextureAtlas/]: Created: 256x256x0 minecraft:textures/atlas/paintings.png-atlas
[18Jun2026 00:28:15.914] [Render thread/INFO] [net.minecraft.client.renderer.texture.TextureAtlas/]: Created: 256x128x0 minecraft:textures/atlas/mob_effects.png-atlas
[18Jun2026 00:28:15.915] [Render thread/INFO] [net.minecraft.client.renderer.texture.TextureAtlas/]: Created: 256x256x0 moonlight:textures/atlas/map_markers.png-atlas
[18Jun2026 00:28:15.939] [Render thread/INFO] [net.minecraft.client.renderer.texture.TextureAtlas/]: Created: 256x256x0 jei:textures/atlas/gui.png-atlas
[18Jun2026 00:28:16.188] [Realms Notification Availability checker #1/INFO] [com.mojang.realmsclient.client.RealmsClient/]: Could not authorize you against Realms server: java.lang.RuntimeException: Failed to parse into SignedJWT: 0
[18Jun2026 00:28:21.311] [Render thread/INFO] [net.minecraftforge.registries.GameData/REGISTRIES]: Injecting existing registry data into this CLIENT instance
[18Jun2026 00:28:21.625] [Render thread/INFO] [Moonlight/]: Starting runtime resource generation for pack type SERVER_DATA with generators from mods [moonlight, moonlight]: [net.mehvahdjukaar.moonlight.core.Moonlight$MlTestGen@47a5ca1]
[18Jun2026 00:28:21.626] [Render thread/INFO] [Moonlight/]: Generating runtime assets for pack Moonlight Generated Pack (moonlight)
[18Jun2026 00:28:21.639] [Render thread/INFO] [Moonlight/]: Generated runtime SERVER_DATA for pack Moonlight Generated Pack (moonlight) in: 13 ms (debug resource dump on) (multithreaded)
[18Jun2026 00:28:21.639] [Render thread/INFO] [Moonlight/]: Finished runtime resources generation for 2 packs in a total of 13 ms
[18Jun2026 00:28:22.521] [Worker-Main-10/ERROR] [net.minecraftforge.common.ForgeHooks/]: Couldn't parse element loot_tables:irons_spellbooks:chests/citadel/citadel_tomes
com.google.gson.JsonSyntaxException: Unknown type 'minecraft:set_written_book_pages'
	at net.minecraft.world.level.storage.loot.GsonAdapterFactory$JsonAdapter.deserialize(GsonAdapterFactory.java:94) ~[forge-1.20.1-47.4.10_mapped_official_1.20.1-recomp.jar%23191!/:?]
	at com.google.gson.internal.bind.TreeTypeAdapter.read(TreeTypeAdapter.java:76) ~[gson-2.10.jar%23134!/:?]
	at com.google.gson.internal.bind.TypeAdapterRuntimeTypeWrapper.read(TypeAdapterRuntimeTypeWrapper.java:40) ~[gson-2.10.jar%23134!/:?]
	at com.google.gson.internal.bind.ArrayTypeAdapter.read(ArrayTypeAdapter.java:72) ~[gson-2.10.jar%23134!/:?]
	at com.google.gson.Gson.fromJson(Gson.java:1214) ~[gson-2.10.jar%23134!/:?]
	at com.google.gson.Gson.fromJson(Gson.java:1319) ~[gson-2.10.jar%23134!/:?]
	at com.google.gson.Gson.fromJson(Gson.java:1290) ~[gson-2.10.jar%23134!/:?]
	at com.google.gson.internal.bind.TreeTypeAdapter$GsonContextImpl.deserialize(TreeTypeAdapter.java:179) ~[gson-2.10.jar%23134!/:?]
	at net.minecraft.util.GsonHelper.convertToObject(GsonHelper.java:383) ~[forge-1.20.1-47.4.10_mapped_official_1.20.1-recomp.jar%23191!/:?]
	at net.minecraft.util.GsonHelper.getAsObject(GsonHelper.java:400) ~[forge-1.20.1-47.4.10_mapped_official_1.20.1-recomp.jar%23191!/:?]
	at net.minecraft.world.level.storage.loot.entries.LootPoolSingletonContainer$Serializer.deserializeCustom(LootPoolSingletonContainer.java:137) ~[forge-1.20.1-47.4.10_mapped_official_1.20.1-recomp.jar%23191!/:?]
	at net.minecraft.world.level.storage.loot.entries.LootPoolSingletonContainer$Serializer.deserializeCustom(LootPoolSingletonContainer.java:118) ~[forge-1.20.1-47.4.10_mapped_official_1.20.1-recomp.jar%23191!/:?]
	at net.minecraft.world.level.storage.loot.entries.LootPoolEntryContainer$Serializer.deserialize(LootPoolEntryContainer.java:83) ~[forge-1.20.1-47.4.10_mapped_official_1.20.1-recomp.jar%23191!/:?]
	at net.minecraft.world.level.storage.loot.entries.LootPoolEntryContainer$Serializer.deserialize(LootPoolEntryContainer.java:72) ~[forge-1.20.1-47.4.10_mapped_official_1.20.1-recomp.jar%23191!/:?]
	at net.minecraft.world.level.storage.loot.GsonAdapterFactory$JsonAdapter.deserialize(GsonAdapterFactory.java:96) ~[forge-1.20.1-47.4.10_mapped_official_1.20.1-recomp.jar%23191!/:?]
	at com.google.gson.internal.bind.TreeTypeAdapter.read(TreeTypeAdapter.java:76) ~[gson-2.10.jar%23134!/:?]
	at com.google.gson.internal.bind.TypeAdapterRuntimeTypeWrapper.read(TypeAdapterRuntimeTypeWrapper.java:40) ~[gson-2.10.jar%23134!/:?]
	at com.google.gson.internal.bind.ArrayTypeAdapter.read(ArrayTypeAdapter.java:72) ~[gson-2.10.jar%23134!/:?]
	at com.google.gson.Gson.fromJson(Gson.java:1214) ~[gson-2.10.jar%23134!/:?]
	at com.google.gson.Gson.fromJson(Gson.java:1319) ~[gson-2.10.jar%23134!/:?]
	at com.google.gson.Gson.fromJson(Gson.java:1290) ~[gson-2.10.jar%23134!/:?]
	at com.google.gson.internal.bind.TreeTypeAdapter$GsonContextImpl.deserialize(TreeTypeAdapter.java:179) ~[gson-2.10.jar%23134!/:?]
	at net.minecraft.util.GsonHelper.convertToObject(GsonHelper.java:383) ~[forge-1.20.1-47.4.10_mapped_official_1.20.1-recomp.jar%23191!/:?]
	at net.minecraft.util.GsonHelper.getAsObject(GsonHelper.java:391) ~[forge-1.20.1-47.4.10_mapped_official_1.20.1-recomp.jar%23191!/:?]
	at net.minecraft.world.level.storage.loot.LootPool$Serializer.deserialize(LootPool.java:192) ~[forge-1.20.1-47.4.10_mapped_official_1.20.1-recomp.jar%23191!/:?]
	at net.minecraft.world.level.storage.loot.LootPool$Serializer.deserialize(LootPool.java:189) ~[forge-1.20.1-47.4.10_mapped_official_1.20.1-recomp.jar%23191!/:?]
	at com.google.gson.internal.bind.TreeTypeAdapter.read(TreeTypeAdapter.java:76) ~[gson-2.10.jar%23134!/:?]
	at com.google.gson.internal.bind.TypeAdapterRuntimeTypeWrapper.read(TypeAdapterRuntimeTypeWrapper.java:40) ~[gson-2.10.jar%23134!/:?]
	at com.google.gson.internal.bind.ArrayTypeAdapter.read(ArrayTypeAdapter.java:72) ~[gson-2.10.jar%23134!/:?]
	at com.google.gson.Gson.fromJson(Gson.java:1214) ~[gson-2.10.jar%23134!/:?]
	at com.google.gson.Gson.fromJson(Gson.java:1319) ~[gson-2.10.jar%23134!/:?]
	at com.google.gson.Gson.fromJson(Gson.java:1290) ~[gson-2.10.jar%23134!/:?]
	at com.google.gson.internal.bind.TreeTypeAdapter$GsonContextImpl.deserialize(TreeTypeAdapter.java:179) ~[gson-2.10.jar%23134!/:?]
	at net.minecraft.util.GsonHelper.convertToObject(GsonHelper.java:383) ~[forge-1.20.1-47.4.10_mapped_official_1.20.1-recomp.jar%23191!/:?]
	at net.minecraft.util.GsonHelper.getAsObject(GsonHelper.java:400) ~[forge-1.20.1-47.4.10_mapped_official_1.20.1-recomp.jar%23191!/:?]
	at net.minecraft.world.level.storage.loot.LootTable$Serializer.deserialize(LootTable.java:294) ~[forge-1.20.1-47.4.10_mapped_official_1.20.1-recomp.jar%23191!/:?]
	at net.minecraft.world.level.storage.loot.LootTable$Serializer.deserialize(LootTable.java:291) ~[forge-1.20.1-47.4.10_mapped_official_1.20.1-recomp.jar%23191!/:?]
	at com.google.gson.internal.bind.TreeTypeAdapter.read(TreeTypeAdapter.java:76) ~[gson-2.10.jar%23134!/:?]
	at com.google.gson.Gson.fromJson(Gson.java:1214) ~[gson-2.10.jar%23134!/:?]
	at com.google.gson.Gson.fromJson(Gson.java:1319) ~[gson-2.10.jar%23134!/:?]
	at com.google.gson.Gson.fromJson(Gson.java:1261) ~[gson-2.10.jar%23134!/:?]
	at net.minecraftforge.common.ForgeHooks.loadLootTable(ForgeHooks.java:874) ~[forge-1.20.1-47.4.10_mapped_official_1.20.1-recomp.jar%23190%23197!/:?]
	at net.minecraftforge.common.ForgeHooks.lambda$getLootTableDeserializer$3(ForgeHooks.java:851) ~[forge-1.20.1-47.4.10_mapped_official_1.20.1-recomp.jar%23190%23197!/:?]
	at net.minecraft.world.level.storage.loot.LootDataType.deserialize(LootDataType.java:45) ~[forge-1.20.1-47.4.10_mapped_official_1.20.1-recomp.jar%23191!/:?]
	at net.minecraft.world.level.storage.loot.LootDataManager.lambda$scheduleElementParse$4(LootDataManager.java:56) ~[forge-1.20.1-47.4.10_mapped_official_1.20.1-recomp.jar%23191!/:?]
	at java.util.HashMap.forEach(HashMap.java:1421) ~[?:?]
	at net.minecraft.world.level.storage.loot.LootDataManager.lambda$scheduleElementParse$5(LootDataManager.java:55) ~[forge-1.20.1-47.4.10_mapped_official_1.20.1-recomp.jar%23191!/:?]
	at java.util.concurrent.CompletableFuture$AsyncRun.run(CompletableFuture.java:1804) ~[?:?]
	at java.util.concurrent.CompletableFuture$AsyncRun.exec(CompletableFuture.java:1796) ~[?:?]
	at java.util.concurrent.ForkJoinTask.doExec(ForkJoinTask.java:373) ~[?:?]
	at java.util.concurrent.ForkJoinPool$WorkQueue.topLevelExec(ForkJoinPool.java:1182) ~[?:?]
	at java.util.concurrent.ForkJoinPool.scan(ForkJoinPool.java:1655) ~[?:?]
	at java.util.concurrent.ForkJoinPool.runWorker(ForkJoinPool.java:1622) ~[?:?]
	at java.util.concurrent.ForkJoinWorkerThread.run(ForkJoinWorkerThread.java:165) ~[?:?]
[18Jun2026 00:28:22.533] [Worker-Main-10/ERROR] [net.minecraftforge.common.ForgeHooks/]: Couldn't parse element loot_tables:irons_spellbooks:chests/trial_chambers/additional_ominous_vault_loot
com.google.gson.JsonSyntaxException: Expected name to be an item, was unknown string 'irons_spellbooks:expulsion_ring'
	at net.minecraft.util.GsonHelper.lambda$convertToItem$0(GsonHelper.java:116) ~[forge-1.20.1-47.4.10_mapped_official_1.20.1-recomp.jar%23191!/:?]
	at java.util.Optional.orElseThrow(Optional.java:403) ~[?:?]
	at net.minecraft.util.GsonHelper.convertToItem(GsonHelper.java:115) ~[forge-1.20.1-47.4.10_mapped_official_1.20.1-recomp.jar%23191!/:?]
	at net.minecraft.util.GsonHelper.getAsItem(GsonHelper.java:125) ~[forge-1.20.1-47.4.10_mapped_official_1.20.1-recomp.jar%23191!/:?]
	at net.minecraft.world.level.storage.loot.entries.LootItem$Serializer.deserialize(LootItem.java:51) ~[forge-1.20.1-47.4.10_mapped_official_1.20.1-recomp.jar%23191!/:?]
	at net.minecraft.world.level.storage.loot.entries.LootItem$Serializer.deserialize(LootItem.java:39) ~[forge-1.20.1-47.4.10_mapped_official_1.20.1-recomp.jar%23191!/:?]
	at net.minecraft.world.level.storage.loot.entries.LootPoolSingletonContainer$Serializer.deserializeCustom(LootPoolSingletonContainer.java:138) ~[forge-1.20.1-47.4.10_mapped_official_1.20.1-recomp.jar%23191!/:?]
	at net.minecraft.world.level.storage.loot.entries.LootPoolSingletonContainer$Serializer.deserializeCustom(LootPoolSingletonContainer.java:118) ~[forge-1.20.1-47.4.10_mapped_official_1.20.1-recomp.jar%23191!/:?]
	at net.minecraft.world.level.storage.loot.entries.LootPoolEntryContainer$Serializer.deserialize(LootPoolEntryContainer.java:83) ~[forge-1.20.1-47.4.10_mapped_official_1.20.1-recomp.jar%23191!/:?]
	at net.minecraft.world.level.storage.loot.entries.LootPoolEntryContainer$Serializer.deserialize(LootPoolEntryContainer.java:72) ~[forge-1.20.1-47.4.10_mapped_official_1.20.1-recomp.jar%23191!/:?]
	at net.minecraft.world.level.storage.loot.GsonAdapterFactory$JsonAdapter.deserialize(GsonAdapterFactory.java:96) ~[forge-1.20.1-47.4.10_mapped_official_1.20.1-recomp.jar%23191!/:?]
	at com.google.gson.internal.bind.TreeTypeAdapter.read(TreeTypeAdapter.java:76) ~[gson-2.10.jar%23134!/:?]
	at com.google.gson.internal.bind.TypeAdapterRuntimeTypeWrapper.read(TypeAdapterRuntimeTypeWrapper.java:40) ~[gson-2.10.jar%23134!/:?]
	at com.google.gson.internal.bind.ArrayTypeAdapter.read(ArrayTypeAdapter.java:72) ~[gson-2.10.jar%23134!/:?]
	at com.google.gson.Gson.fromJson(Gson.java:1214) ~[gson-2.10.jar%23134!/:?]
	at com.google.gson.Gson.fromJson(Gson.java:1319) ~[gson-2.10.jar%23134!/:?]
	at com.google.gson.Gson.fromJson(Gson.java:1290) ~[gson-2.10.jar%23134!/:?]
	at com.google.gson.internal.bind.TreeTypeAdapter$GsonContextImpl.deserialize(TreeTypeAdapter.java:179) ~[gson-2.10.jar%23134!/:?]
	at net.minecraft.util.GsonHelper.convertToObject(GsonHelper.java:383) ~[forge-1.20.1-47.4.10_mapped_official_1.20.1-recomp.jar%23191!/:?]
	at net.minecraft.util.GsonHelper.getAsObject(GsonHelper.java:391) ~[forge-1.20.1-47.4.10_mapped_official_1.20.1-recomp.jar%23191!/:?]
	at net.minecraft.world.level.storage.loot.LootPool$Serializer.deserialize(LootPool.java:192) ~[forge-1.20.1-47.4.10_mapped_official_1.20.1-recomp.jar%23191!/:?]
	at net.minecraft.world.level.storage.loot.LootPool$Serializer.deserialize(LootPool.java:189) ~[forge-1.20.1-47.4.10_mapped_official_1.20.1-recomp.jar%23191!/:?]
	at com.google.gson.internal.bind.TreeTypeAdapter.read(TreeTypeAdapter.java:76) ~[gson-2.10.jar%23134!/:?]
	at com.google.gson.internal.bind.TypeAdapterRuntimeTypeWrapper.read(TypeAdapterRuntimeTypeWrapper.java:40) ~[gson-2.10.jar%23134!/:?]
	at com.google.gson.internal.bind.ArrayTypeAdapter.read(ArrayTypeAdapter.java:72) ~[gson-2.10.jar%23134!/:?]
	at com.google.gson.Gson.fromJson(Gson.java:1214) ~[gson-2.10.jar%23134!/:?]
	at com.google.gson.Gson.fromJson(Gson.java:1319) ~[gson-2.10.jar%23134!/:?]
	at com.google.gson.Gson.fromJson(Gson.java:1290) ~[gson-2.10.jar%23134!/:?]
	at com.google.gson.internal.bind.TreeTypeAdapter$GsonContextImpl.deserialize(TreeTypeAdapter.java:179) ~[gson-2.10.jar%23134!/:?]
	at net.minecraft.util.GsonHelper.convertToObject(GsonHelper.java:383) ~[forge-1.20.1-47.4.10_mapped_official_1.20.1-recomp.jar%23191!/:?]
	at net.minecraft.util.GsonHelper.getAsObject(GsonHelper.java:400) ~[forge-1.20.1-47.4.10_mapped_official_1.20.1-recomp.jar%23191!/:?]
	at net.minecraft.world.level.storage.loot.LootTable$Serializer.deserialize(LootTable.java:294) ~[forge-1.20.1-47.4.10_mapped_official_1.20.1-recomp.jar%23191!/:?]
	at net.minecraft.world.level.storage.loot.LootTable$Serializer.deserialize(LootTable.java:291) ~[forge-1.20.1-47.4.10_mapped_official_1.20.1-recomp.jar%23191!/:?]
	at com.google.gson.internal.bind.TreeTypeAdapter.read(TreeTypeAdapter.java:76) ~[gson-2.10.jar%23134!/:?]
	at com.google.gson.Gson.fromJson(Gson.java:1214) ~[gson-2.10.jar%23134!/:?]
	at com.google.gson.Gson.fromJson(Gson.java:1319) ~[gson-2.10.jar%23134!/:?]
	at com.google.gson.Gson.fromJson(Gson.java:1261) ~[gson-2.10.jar%23134!/:?]
	at net.minecraftforge.common.ForgeHooks.loadLootTable(ForgeHooks.java:874) ~[forge-1.20.1-47.4.10_mapped_official_1.20.1-recomp.jar%23190%23197!/:?]
	at net.minecraftforge.common.ForgeHooks.lambda$getLootTableDeserializer$3(ForgeHooks.java:851) ~[forge-1.20.1-47.4.10_mapped_official_1.20.1-recomp.jar%23190%23197!/:?]
	at net.minecraft.world.level.storage.loot.LootDataType.deserialize(LootDataType.java:45) ~[forge-1.20.1-47.4.10_mapped_official_1.20.1-recomp.jar%23191!/:?]
	at net.minecraft.world.level.storage.loot.LootDataManager.lambda$scheduleElementParse$4(LootDataManager.java:56) ~[forge-1.20.1-47.4.10_mapped_official_1.20.1-recomp.jar%23191!/:?]
	at java.util.HashMap.forEach(HashMap.java:1421) ~[?:?]
	at net.minecraft.world.level.storage.loot.LootDataManager.lambda$scheduleElementParse$5(LootDataManager.java:55) ~[forge-1.20.1-47.4.10_mapped_official_1.20.1-recomp.jar%23191!/:?]
	at java.util.concurrent.CompletableFuture$AsyncRun.run(CompletableFuture.java:1804) ~[?:?]
	at java.util.concurrent.CompletableFuture$AsyncRun.exec(CompletableFuture.java:1796) ~[?:?]
	at java.util.concurrent.ForkJoinTask.doExec(ForkJoinTask.java:373) ~[?:?]
	at java.util.concurrent.ForkJoinPool$WorkQueue.topLevelExec(ForkJoinPool.java:1182) ~[?:?]
	at java.util.concurrent.ForkJoinPool.scan(ForkJoinPool.java:1655) ~[?:?]
	at java.util.concurrent.ForkJoinPool.runWorker(ForkJoinPool.java:1622) ~[?:?]
	at java.util.concurrent.ForkJoinWorkerThread.run(ForkJoinWorkerThread.java:165) ~[?:?]
[18Jun2026 00:28:22.563] [Render thread/WARN] [net.minecraft.world.level.storage.loot.LootDataManager/]: Found loot table element validation problem in {loot_tables:irons_spellbooks:chests/citadel/citadel_bookshelf}.pools[8].entries[0]: Unknown loot table called irons_spellbooks:chests/citadel/citadel_tomes
[18Jun2026 00:28:22.609] [Render thread/ERROR] [net.minecraft.world.item.crafting.RecipeManager/]: Parsing error loading recipe irons_spellbooks:expulsion_ring
com.google.gson.JsonSyntaxException: Unknown item 'minecraft:wind_charge'
	at net.minecraft.world.item.crafting.ShapedRecipe.lambda$itemFromJson$2(ShapedRecipe.java:292) ~[forge-1.20.1-47.4.10_mapped_official_1.20.1-recomp.jar:?]
	at java.util.Optional.orElseThrow(Optional.java:403) ~[?:?]
	at net.minecraft.world.item.crafting.ShapedRecipe.itemFromJson(ShapedRecipe.java:291) ~[forge-1.20.1-47.4.10_mapped_official_1.20.1-recomp.jar:?]
	at net.minecraft.world.item.crafting.Ingredient.valueFromJson(Ingredient.java:219) ~[forge-1.20.1-47.4.10_mapped_official_1.20.1-recomp.jar:?]
	at net.minecraftforge.common.crafting.VanillaIngredientSerializer.parse(VanillaIngredientSerializer.java:27) ~[forge-1.20.1-47.4.10_mapped_official_1.20.1-recomp.jar:?]
	at net.minecraftforge.common.crafting.CraftingHelper.getIngredient(CraftingHelper.java:148) ~[forge-1.20.1-47.4.10_mapped_official_1.20.1-recomp.jar:?]
	at net.minecraft.world.item.crafting.Ingredient.fromJson(Ingredient.java:194) ~[forge-1.20.1-47.4.10_mapped_official_1.20.1-recomp.jar:?]
	at net.minecraft.world.item.crafting.ShapedRecipe.keyFromJson(ShapedRecipe.java:278) ~[forge-1.20.1-47.4.10_mapped_official_1.20.1-recomp.jar:?]
	at net.minecraft.world.item.crafting.ShapedRecipe$Serializer.fromJson(ShapedRecipe.java:306) ~[forge-1.20.1-47.4.10_mapped_official_1.20.1-recomp.jar:?]
	at net.minecraft.world.item.crafting.ShapedRecipe$Serializer.fromJson(ShapedRecipe.java:301) ~[forge-1.20.1-47.4.10_mapped_official_1.20.1-recomp.jar:?]
	at net.minecraftforge.common.extensions.IForgeRecipeSerializer.fromJson(IForgeRecipeSerializer.java:23) ~[forge-1.20.1-47.4.10_mapped_official_1.20.1-recomp.jar:?]
	at net.minecraft.world.item.crafting.RecipeManager.fromJson(RecipeManager.java:171) ~[forge-1.20.1-47.4.10_mapped_official_1.20.1-recomp.jar:?]
	at net.minecraft.world.item.crafting.RecipeManager.apply(RecipeManager.java:67) ~[forge-1.20.1-47.4.10_mapped_official_1.20.1-recomp.jar:?]
	at net.minecraft.world.item.crafting.RecipeManager.apply(RecipeManager.java:34) ~[forge-1.20.1-47.4.10_mapped_official_1.20.1-recomp.jar:?]
	at net.minecraft.server.packs.resources.SimplePreparableReloadListener.lambda$reload$1(SimplePreparableReloadListener.java:12) ~[forge-1.20.1-47.4.10_mapped_official_1.20.1-recomp.jar:?]
	at java.util.concurrent.CompletableFuture$UniAccept.tryFire(CompletableFuture.java:718) ~[?:?]
	at java.util.concurrent.CompletableFuture$Completion.run(CompletableFuture.java:482) ~[?:?]
	at net.minecraft.server.packs.resources.SimpleReloadInstance.lambda$new$3(SimpleReloadInstance.java:65) ~[forge-1.20.1-47.4.10_mapped_official_1.20.1-recomp.jar:?]
	at net.minecraft.util.thread.BlockableEventLoop.doRunTask(BlockableEventLoop.java:143) ~[forge-1.20.1-47.4.10_mapped_official_1.20.1-recomp.jar:?]
	at net.minecraft.util.thread.ReentrantBlockableEventLoop.doRunTask(ReentrantBlockableEventLoop.java:22) ~[forge-1.20.1-47.4.10_mapped_official_1.20.1-recomp.jar:?]
	at net.minecraft.util.thread.BlockableEventLoop.pollTask(BlockableEventLoop.java:116) ~[forge-1.20.1-47.4.10_mapped_official_1.20.1-recomp.jar:?]
	at net.minecraft.util.thread.BlockableEventLoop.managedBlock(BlockableEventLoop.java:126) ~[forge-1.20.1-47.4.10_mapped_official_1.20.1-recomp.jar:?]
	at net.minecraft.client.gui.screens.worldselection.WorldOpenFlows.loadWorldDataBlocking(WorldOpenFlows.java:163) ~[forge-1.20.1-47.4.10_mapped_official_1.20.1-recomp.jar:?]
	at net.minecraft.client.gui.screens.worldselection.WorldOpenFlows.loadWorldStem(WorldOpenFlows.java:113) ~[forge-1.20.1-47.4.10_mapped_official_1.20.1-recomp.jar:?]
	at net.minecraft.client.gui.screens.worldselection.WorldOpenFlows.doLoadLevel(WorldOpenFlows.java:181) ~[forge-1.20.1-47.4.10_mapped_official_1.20.1-recomp.jar:?]
	at net.minecraft.client.gui.screens.worldselection.WorldOpenFlows.doLoadLevel(WorldOpenFlows.java:169) ~[forge-1.20.1-47.4.10_mapped_official_1.20.1-recomp.jar:?]
	at net.minecraft.client.gui.screens.worldselection.WorldOpenFlows.loadLevel(WorldOpenFlows.java:65) ~[forge-1.20.1-47.4.10_mapped_official_1.20.1-recomp.jar:?]
	at net.minecraft.client.gui.screens.worldselection.WorldSelectionList$WorldListEntry.loadWorld(WorldSelectionList.java:575) ~[forge-1.20.1-47.4.10_mapped_official_1.20.1-recomp.jar:?]
	at net.minecraft.client.gui.screens.worldselection.WorldSelectionList$WorldListEntry.joinWorld(WorldSelectionList.java:474) ~[forge-1.20.1-47.4.10_mapped_official_1.20.1-recomp.jar:?]
	at net.minecraft.client.gui.screens.worldselection.WorldSelectionList$WorldListEntry.mouseClicked(WorldSelectionList.java:413) ~[forge-1.20.1-47.4.10_mapped_official_1.20.1-recomp.jar:?]
	at net.minecraft.client.gui.components.AbstractSelectionList.mouseClicked(AbstractSelectionList.java:298) ~[forge-1.20.1-47.4.10_mapped_official_1.20.1-recomp.jar:?]
	at net.minecraft.client.gui.components.events.ContainerEventHandler.mouseClicked(ContainerEventHandler.java:39) ~[forge-1.20.1-47.4.10_mapped_official_1.20.1-recomp.jar:?]
	at net.minecraft.client.MouseHandler.lambda$onPress$0(MouseHandler.java:92) ~[forge-1.20.1-47.4.10_mapped_official_1.20.1-recomp.jar:?]
	at net.minecraft.client.gui.screens.Screen.wrapScreenError(Screen.java:437) ~[forge-1.20.1-47.4.10_mapped_official_1.20.1-recomp.jar:?]
	at net.minecraft.client.MouseHandler.onPress(MouseHandler.java:89) ~[forge-1.20.1-47.4.10_mapped_official_1.20.1-recomp.jar:?]
	at net.minecraft.client.MouseHandler.lambda$setup$4(MouseHandler.java:189) ~[forge-1.20.1-47.4.10_mapped_official_1.20.1-recomp.jar:?]
	at net.minecraft.util.thread.BlockableEventLoop.execute(BlockableEventLoop.java:90) ~[forge-1.20.1-47.4.10_mapped_official_1.20.1-recomp.jar:?]
	at net.minecraft.client.MouseHandler.lambda$setup$5(MouseHandler.java:188) ~[forge-1.20.1-47.4.10_mapped_official_1.20.1-recomp.jar:?]
	at org.lwjgl.glfw.GLFWMouseButtonCallbackI.callback(GLFWMouseButtonCallbackI.java:43) ~[lwjgl-glfw-3.3.1.jar:build 7]
	at org.lwjgl.system.JNI.invokeV(Native Method) ~[lwjgl-3.3.1.jar:build 7]
	at org.lwjgl.glfw.GLFW.glfwWaitEventsTimeout(GLFW.java:3474) ~[lwjgl-glfw-3.3.1.jar:build 7]
	at com.mojang.blaze3d.systems.RenderSystem.limitDisplayFPS(RenderSystem.java:207) ~[forge-1.20.1-47.4.10_mapped_official_1.20.1-recomp.jar:?]
	at net.minecraft.client.Minecraft.runTick(Minecraft.java:1173) ~[forge-1.20.1-47.4.10_mapped_official_1.20.1-recomp.jar:?]
	at net.minecraft.client.Minecraft.run(Minecraft.java:718) ~[forge-1.20.1-47.4.10_mapped_official_1.20.1-recomp.jar:?]
	at net.minecraft.client.main.Main.main(Main.java:218) ~[forge-1.20.1-47.4.10_mapped_official_1.20.1-recomp.jar:?]
	at jdk.internal.reflect.NativeMethodAccessorImpl.invoke0(Native Method) ~[?:?]
	at jdk.internal.reflect.NativeMethodAccessorImpl.invoke(NativeMethodAccessorImpl.java:77) ~[?:?]
	at jdk.internal.reflect.DelegatingMethodAccessorImpl.invoke(DelegatingMethodAccessorImpl.java:43) ~[?:?]
	at java.lang.reflect.Method.invoke(Method.java:569) ~[?:?]
	at net.minecraftforge.fml.loading.targets.CommonLaunchHandler.runTarget(CommonLaunchHandler.java:111) ~[fmlloader-1.20.1-47.4.10.jar:?]
	at net.minecraftforge.fml.loading.targets.CommonLaunchHandler.clientService(CommonLaunchHandler.java:99) ~[fmlloader-1.20.1-47.4.10.jar:?]
	at net.minecraftforge.fml.loading.targets.ForgeClientUserdevLaunchHandler.devService(ForgeClientUserdevLaunchHandler.java:19) ~[fmlloader-1.20.1-47.4.10.jar:?]
	at net.minecraftforge.fml.loading.targets.CommonDevLaunchHandler.lambda$makeService$7(CommonDevLaunchHandler.java:135) ~[fmlloader-1.20.1-47.4.10.jar:?]
	at cpw.mods.modlauncher.LaunchServiceHandlerDecorator.launch(LaunchServiceHandlerDecorator.java:30) ~[modlauncher-10.0.10.jar:?]
	at cpw.mods.modlauncher.LaunchServiceHandler.launch(LaunchServiceHandler.java:53) ~[modlauncher-10.0.10.jar:?]
	at cpw.mods.modlauncher.LaunchServiceHandler.launch(LaunchServiceHandler.java:71) ~[modlauncher-10.0.10.jar:?]
	at cpw.mods.modlauncher.Launcher.run(Launcher.java:108) ~[modlauncher-10.0.10.jar:?]
	at cpw.mods.modlauncher.Launcher.main(Launcher.java:78) ~[modlauncher-10.0.10.jar:?]
	at cpw.mods.modlauncher.BootstrapLaunchConsumer.accept(BootstrapLaunchConsumer.java:26) ~[modlauncher-10.0.10.jar:?]
	at cpw.mods.modlauncher.BootstrapLaunchConsumer.accept(BootstrapLaunchConsumer.java:23) ~[modlauncher-10.0.10.jar:?]
	at cpw.mods.bootstraplauncher.BootstrapLauncher.main(BootstrapLauncher.java:141) ~[bootstraplauncher-1.1.2.jar:?]
[18Jun2026 00:28:22.656] [Render thread/INFO] [net.minecraft.world.item.crafting.RecipeManager/]: Loaded 10 recipes
[18Jun2026 00:28:22.707] [Render thread/INFO] [net.minecraft.advancements.AdvancementList/]: Loaded 1333 advancements
[18Jun2026 00:28:22.710] [Render thread/INFO] [placebo/]: Registered 0 additional recipes.
[18Jun2026 00:28:22.715] [Render thread/INFO] [top.theillusivec4.curios.Curios/]: Loaded 11 curio slots
[18Jun2026 00:28:22.717] [Render thread/INFO] [top.theillusivec4.curios.Curios/]: Loaded 1 curio entities
[18Jun2026 00:28:22.727] [Render thread/INFO] [placebo/]: Registered 0 gear_sets.
[18Jun2026 00:28:23.030] [Server thread/INFO] [net.minecraft.client.server.IntegratedServer/]: Starting integrated minecraft server version 1.20.1
[18Jun2026 00:28:23.030] [Server thread/INFO] [net.minecraft.server.MinecraftServer/]: Generating keypair
[18Jun2026 00:28:23.364] [Server thread/INFO] [net.minecraft.server.MinecraftServer/]: Preparing start region for dimension minecraft:overworld
[18Jun2026 00:28:24.643] [Render thread/INFO] [net.minecraft.server.level.progress.LoggerChunkProgressListener/]: Preparing spawn area: 0%
[18Jun2026 00:28:24.643] [Render thread/INFO] [net.minecraft.server.level.progress.LoggerChunkProgressListener/]: Preparing spawn area: 0%
[18Jun2026 00:28:24.643] [Render thread/INFO] [net.minecraft.server.level.progress.LoggerChunkProgressListener/]: Preparing spawn area: 0%
[18Jun2026 00:28:24.893] [Render thread/INFO] [net.minecraft.server.level.progress.LoggerChunkProgressListener/]: Preparing spawn area: 23%
[18Jun2026 00:28:25.112] [Server thread/INFO] [net.minecraftforge.server.permission.PermissionAPI/]: Successfully initialized permission handler forge:default_handler
[18Jun2026 00:28:25.128] [Render thread/INFO] [net.minecraft.server.level.progress.LoggerChunkProgressListener/]: Time elapsed: 1744 ms
[18Jun2026 00:28:25.141] [Server thread/INFO] [net.bettercombat.logic.WeaponRegistry/]: Encoded Weapon Attribute registry size (with package overhead): 28971 bytes (in 3 string chunks with the size of 10000)
[18Jun2026 00:28:25.234] [Server thread/INFO] [net.minecraft.client.server.IntegratedServer/]: Changing view distance to 12, from 10
[18Jun2026 00:28:25.235] [Server thread/INFO] [net.minecraft.client.server.IntegratedServer/]: Changing simulation distance to 12, from 0
[18Jun2026 00:28:25.318] [Render thread/WARN] [io.netty.util.internal.SystemPropertyUtil/]: Unable to parse the boolean system property 'java.net.preferIPv6Addresses':system - using the default value: false
[18Jun2026 00:28:25.905] [Netty Local Client IO #0/INFO] [net.minecraftforge.network.NetworkHooks/]: Connected to a modded server.
[18Jun2026 00:28:25.946] [Server thread/INFO] [net.minecraft.server.players.PlayerList/]: Dev[local:E:b23d922c] logged in with entity id 3 at (0.3486721813948812, 56.0, 1.5131831627097165)
[18Jun2026 00:28:26.028] [Server thread/INFO] [net.minecraft.server.MinecraftServer/]: Dev joined the game
[18Jun2026 00:28:26.085] [Server thread/INFO] [Jade/]: Syncing config to Dev (380df991-f603-344c-a090-369bad2a924a)
[18Jun2026 00:28:26.090] [Netty Local Client IO #0/INFO] [net.bettercombat.logic.WeaponRegistry/]: Decoded Weapon Attribute registry in 3 string chunks
[18Jun2026 00:28:26.302] [Render thread/INFO] [mezz.jei.forge.startup.StartEventObserver/]: JEI StartEventObserver received class net.minecraftforge.client.event.ClientPlayerNetworkEvent$LoggingIn
[18Jun2026 00:28:26.302] [Render thread/INFO] [mezz.jei.forge.startup.StartEventObserver/]: JEI StartEventObserver transitioning state from DISABLED to ENABLED
[18Jun2026 00:28:26.465] [Render thread/INFO] [mezz.jei.forge.startup.StartEventObserver/]: JEI StartEventObserver received class net.minecraftforge.client.event.RecipesUpdatedEvent
[18Jun2026 00:28:26.477] [Render thread/INFO] [mezz.jei.forge.startup.StartEventObserver/]: JEI StartEventObserver received class net.minecraftforge.event.TagsUpdatedEvent
[18Jun2026 00:28:26.477] [Render thread/INFO] [mezz.jei.forge.startup.StartEventObserver/]: JEI StartEventObserver transitioning state from ENABLED to JEI_STARTED
[18Jun2026 00:28:26.477] [Render thread/INFO] [mezz.jei.core.util.LoggedTimer/]: Starting JEI...
[18Jun2026 00:28:26.483] [Render thread/INFO] [mezz.jei.library.load.PluginCaller/]: Registering item subtypes...
[18Jun2026 00:28:26.488] [Render thread/INFO] [mezz.jei.library.load.PluginCaller/]: Registering item subtypes took 3.911 ms
[18Jun2026 00:28:26.488] [Render thread/INFO] [mezz.jei.library.load.PluginCaller/]: Registering fluid subtypes...
[18Jun2026 00:28:26.489] [Render thread/INFO] [mezz.jei.library.load.PluginCaller/]: Registering fluid subtypes took 1.281 ms
[18Jun2026 00:28:26.491] [Render thread/INFO] [mezz.jei.library.load.PluginCaller/]: Registering ingredients...
[18Jun2026 00:28:26.523] [Render thread/WARN] [mezz.jei.library.plugins.vanilla.ingredients.ItemStackListFactory/]: Item Group has no display items and no search tab display items. Items from this group will be missing from the JEI ingredient list. Operator Utilities
[18Jun2026 00:28:26.526] [Render thread/WARN] [mezz.jei.library.plugins.vanilla.ingredients.ItemStackListFactory/]: 1 duplicate items were found in 'Iron's Spellbooks Materials' creative tab's: displayItems
This may indicate that these types of item need a subtype interpreter added to JEI:
[furled_map]
[18Jun2026 00:28:26.546] [Render thread/WARN] [mezz.jei.library.plugins.vanilla.ingredients.ItemStackListFactory/]: 4 duplicate items were found in 'Aquamirae' creative tab's: displayItems
This may indicate that these types of item need a subtype interpreter added to JEI:
[poisoned_chakra, written_book, maze_rose]
[18Jun2026 00:28:26.562] [Render thread/INFO] [mezz.jei.library.load.PluginCallerTimerRunnable/]: Registering ingredients: jei:minecraft took 70.05 milliseconds
[18Jun2026 00:28:26.562] [Render thread/INFO] [mezz.jei.library.load.PluginCaller/]: Registering ingredients took 70.59 ms
[18Jun2026 00:28:26.562] [Render thread/INFO] [mezz.jei.library.load.PluginCaller/]: Registering extra ingredients...
[18Jun2026 00:28:26.563] [Render thread/INFO] [mezz.jei.library.load.PluginCaller/]: Registering extra ingredients took 376.8 μs
[18Jun2026 00:28:26.563] [Render thread/INFO] [mezz.jei.library.load.PluginCaller/]: Registering search ingredient aliases...
[18Jun2026 00:28:26.564] [Render thread/INFO] [mezz.jei.library.load.PluginCaller/]: Registering search ingredient aliases took 729.4 μs
[18Jun2026 00:28:26.581] [Render thread/INFO] [mezz.jei.library.load.PluginCaller/]: Registering categories...
[18Jun2026 00:28:26.604] [Render thread/INFO] [mezz.jei.library.load.PluginCallerTimerRunnable/]: Registering categories: jei:minecraft took 22.94 milliseconds
[18Jun2026 00:28:26.621] [Render thread/INFO] [mezz.jei.library.load.PluginCaller/]: Registering categories took 39.66 ms
[18Jun2026 00:28:26.622] [Render thread/INFO] [mezz.jei.library.load.PluginCaller/]: Registering vanilla category extensions...
[18Jun2026 00:28:26.626] [Render thread/INFO] [mezz.jei.library.load.PluginCaller/]: Registering vanilla category extensions took 3.803 ms
[18Jun2026 00:28:26.627] [Render thread/INFO] [mezz.jei.library.load.PluginCaller/]: Registering recipe catalysts...
[18Jun2026 00:28:26.628] [Render thread/INFO] [mezz.jei.library.load.PluginCaller/]: Registering recipe catalysts took 1.020 ms
[18Jun2026 00:28:26.628] [Render thread/INFO] [mezz.jei.core.util.LoggedTimer/]: Building recipe registry...
[18Jun2026 00:28:26.638] [Render thread/INFO] [mezz.jei.core.util.LoggedTimer/]: Building recipe registry took 9.467 ms
[18Jun2026 00:28:26.639] [Render thread/INFO] [mezz.jei.library.load.PluginCaller/]: Registering advanced plugins...
[18Jun2026 00:28:26.641] [Render thread/INFO] [mezz.jei.library.load.registration.AdvancedRegistration/]: Added recipe manager plugin: class io.redspace.ironsspellbooks.jei.AlchemistCauldronAdvancedHandler
[18Jun2026 00:28:26.641] [Render thread/INFO] [mezz.jei.library.load.PluginCaller/]: Registering advanced plugins took 1.553 ms
[18Jun2026 00:28:26.642] [Render thread/INFO] [mezz.jei.library.load.PluginCaller/]: Registering recipes...
[18Jun2026 00:28:26.845] [Render thread/INFO] [mezz.jei.library.load.PluginCallerTimerRunnable/]: Registering recipes: jei:minecraft took 203.7 milliseconds
[18Jun2026 00:28:27.389] [Render thread/INFO] [mezz.jei.library.load.PluginCallerTimerRunnable/]: Registering recipes: irons_spellbooks:jei_plugin took 543.0 milliseconds
[18Jun2026 00:28:27.418] [Render thread/INFO] [mezz.jei.library.load.PluginCallerTimerRunnable/]: Registering recipes: jei:internal took 27.49 milliseconds
[18Jun2026 00:28:27.419] [Render thread/INFO] [mezz.jei.library.load.PluginCaller/]: Registering recipes took 777.4 ms
[18Jun2026 00:28:27.425] [Render thread/INFO] [mezz.jei.library.load.PluginCaller/]: Registering recipes transfer handlers...
[18Jun2026 00:28:27.428] [Render thread/INFO] [mezz.jei.library.load.PluginCaller/]: Registering recipes transfer handlers took 2.467 ms
[18Jun2026 00:28:27.436] [Render thread/INFO] [mezz.jei.core.util.LoggedTimer/]: Building runtime...
[18Jun2026 00:28:27.437] [Render thread/INFO] [mezz.jei.library.load.PluginCaller/]: Registering gui handlers...
[18Jun2026 00:28:27.443] [Render thread/INFO] [mezz.jei.library.load.PluginCaller/]: Registering gui handlers took 5.934 ms
[18Jun2026 00:28:27.445] [Render thread/INFO] [mezz.jei.library.load.PluginCaller/]: Registering Runtime...
[18Jun2026 00:28:27.465] [Render thread/INFO] [mezz.jei.library.load.PluginCallerTimerRunnable/]: Registering Runtime: configured:jei_plugin took 18.68 milliseconds
[18Jun2026 00:28:27.467] [Render thread/INFO] [mezz.jei.gui.startup.JeiGuiStarter/]: Starting JEI GUI
[18Jun2026 00:28:27.468] [Render thread/INFO] [mezz.jei.core.util.LoggedTimer/]: Building ingredient list...
[18Jun2026 00:28:27.497] [Render thread/INFO] [mezz.jei.core.util.LoggedTimer/]: Building ingredient list took 29.28 ms
[18Jun2026 00:28:27.497] [Render thread/INFO] [mezz.jei.core.util.LoggedTimer/]: Building ingredient filter...
[18Jun2026 00:28:27.525] [Render thread/INFO] [mezz.jei.gui.ingredients.IngredientFilter/]: Adding 2641 ingredients
[18Jun2026 00:28:27.824] [Render thread/INFO] [mezz.jei.gui.ingredients.IngredientFilter/]: Added 2641 ingredients
[18Jun2026 00:28:27.825] [Render thread/INFO] [mezz.jei.core.util.LoggedTimer/]: Building ingredient filter took 328.0 ms
[18Jun2026 00:28:27.900] [Render thread/INFO] [mezz.jei.library.load.PluginCallerTimerRunnable/]: Registering Runtime: jei:forge_gui took 433.9 milliseconds
[18Jun2026 00:28:27.900] [Render thread/INFO] [mezz.jei.library.load.PluginCaller/]: Registering Runtime took 453.4 ms
[18Jun2026 00:28:27.901] [Render thread/INFO] [mezz.jei.core.util.LoggedTimer/]: Building runtime took 464.0 ms
[18Jun2026 00:28:27.901] [Render thread/INFO] [mezz.jei.library.load.PluginCaller/]: Sending Runtime...
[18Jun2026 00:28:27.901] [Render thread/INFO] [mezz.jei.library.load.PluginCaller/]: Sending Runtime took 348.6 μs
[18Jun2026 00:28:27.901] [Render thread/INFO] [mezz.jei.core.util.LoggedTimer/]: Starting JEI took 1.423 s
[18Jun2026 00:28:27.939] [Render thread/INFO] [Jade/]: Received config from the server: 
[18Jun2026 00:28:27.943] [Render thread/INFO] [net.minecraft.advancements.AdvancementList/]: Loaded 15 advancements
[18Jun2026 00:28:28.227] [Render thread/WARN] [net.minecraft.client.renderer.texture.TextureManager/]: Failed to load texture: minecraft:textures/models/armor/mana_sub_zeroterrible_warlock_armor_layer_1.png
java.io.FileNotFoundException: minecraft:textures/models/armor/mana_sub_zeroterrible_warlock_armor_layer_1.png
	at net.minecraft.server.packs.resources.ResourceProvider.lambda$getResourceOrThrow$0(ResourceProvider.java:17) ~[forge-1.20.1-47.4.10_mapped_official_1.20.1-recomp.jar:?]
	at java.util.Optional.orElseThrow(Optional.java:403) ~[?:?]
	at net.minecraft.server.packs.resources.ResourceProvider.getResourceOrThrow(ResourceProvider.java:16) ~[forge-1.20.1-47.4.10_mapped_official_1.20.1-recomp.jar:?]
	at software.bernie.geckolib.cache.texture.AnimatableTexture.load(AnimatableTexture.java:40) ~[geckolib-forge-1.20.1-4.8_mapped_official_1.20.1.jar:4.8]
	at net.minecraft.client.renderer.texture.TextureManager.loadTexture(TextureManager.java:96) ~[forge-1.20.1-47.4.10_mapped_official_1.20.1-recomp.jar:?]
	at net.minecraft.client.renderer.texture.TextureManager.register(TextureManager.java:66) ~[forge-1.20.1-47.4.10_mapped_official_1.20.1-recomp.jar:?]
	at net.minecraft.client.renderer.texture.TextureManager.handler$zcm000$wrapAnimatableTexture(TextureManager.java:529) ~[forge-1.20.1-47.4.10_mapped_official_1.20.1-recomp.jar:?]
	at net.minecraft.client.renderer.texture.TextureManager.getTexture(TextureManager.java) ~[forge-1.20.1-47.4.10_mapped_official_1.20.1-recomp.jar:?]
	at net.minecraft.client.renderer.RenderStateShard$TextureStateShard.lambda$new$0(RenderStateShard.java:520) ~[forge-1.20.1-47.4.10_mapped_official_1.20.1-recomp.jar:?]
	at net.minecraft.client.renderer.RenderStateShard.setupRenderState(RenderStateShard.java:254) ~[forge-1.20.1-47.4.10_mapped_official_1.20.1-recomp.jar:?]
	at com.google.common.collect.ImmutableList.forEach(ImmutableList.java:422) ~[guava-31.1-jre.jar:?]
	at net.minecraft.client.renderer.RenderType$CompositeRenderType.lambda$new$1(RenderType.java:490) ~[forge-1.20.1-47.4.10_mapped_official_1.20.1-recomp.jar:?]
	at net.minecraft.client.renderer.RenderStateShard.setupRenderState(RenderStateShard.java:254) ~[forge-1.20.1-47.4.10_mapped_official_1.20.1-recomp.jar:?]
	at net.minecraft.client.renderer.RenderType.end(RenderType.java:433) ~[forge-1.20.1-47.4.10_mapped_official_1.20.1-recomp.jar:?]
	at net.minecraft.client.renderer.MultiBufferSource$BufferSource.endBatch(MultiBufferSource.java:96) ~[forge-1.20.1-47.4.10_mapped_official_1.20.1-recomp.jar:?]
	at net.minecraft.client.renderer.MultiBufferSource$BufferSource.getBuffer(MultiBufferSource.java:46) ~[forge-1.20.1-47.4.10_mapped_official_1.20.1-recomp.jar:?]
	at net.minecraft.client.renderer.entity.ItemRenderer.getArmorFoilBuffer(ItemRenderer.java:163) ~[forge-1.20.1-47.4.10_mapped_official_1.20.1-recomp.jar:?]
	at software.bernie.geckolib.renderer.GeoArmorRenderer.renderToBuffer(GeoArmorRenderer.java:298) ~[geckolib-forge-1.20.1-4.8_mapped_official_1.20.1.jar:4.8]
	at net.minecraft.client.renderer.entity.layers.HumanoidArmorLayer.renderModel(HumanoidArmorLayer.java:110) ~[forge-1.20.1-47.4.10_mapped_official_1.20.1-recomp.jar:?]
	at net.minecraft.client.renderer.entity.layers.HumanoidArmorLayer.renderArmorPiece(HumanoidArmorLayer.java:67) ~[forge-1.20.1-47.4.10_mapped_official_1.20.1-recomp.jar:?]
	at net.minecraft.client.renderer.entity.layers.HumanoidArmorLayer.render(HumanoidArmorLayer.java:44) ~[forge-1.20.1-47.4.10_mapped_official_1.20.1-recomp.jar:?]
	at net.minecraft.client.renderer.entity.layers.HumanoidArmorLayer.render(HumanoidArmorLayer.java:29) ~[forge-1.20.1-47.4.10_mapped_official_1.20.1-recomp.jar:?]
	at net.minecraft.client.renderer.entity.LivingEntityRenderer.render(LivingEntityRenderer.java:131) ~[forge-1.20.1-47.4.10_mapped_official_1.20.1-recomp.jar:?]
	at net.minecraft.client.renderer.entity.LivingEntityRenderer.render(LivingEntityRenderer.java:30) ~[forge-1.20.1-47.4.10_mapped_official_1.20.1-recomp.jar:?]
	at net.minecraft.client.renderer.entity.EntityRenderDispatcher.render(EntityRenderDispatcher.java:140) ~[forge-1.20.1-47.4.10_mapped_official_1.20.1-recomp.jar:?]
	at net.minecraft.client.renderer.LevelRenderer.renderEntity(LevelRenderer.java:1440) ~[forge-1.20.1-47.4.10_mapped_official_1.20.1-recomp.jar:?]
	at net.minecraft.client.renderer.LevelRenderer.renderLevel(LevelRenderer.java:1223) ~[forge-1.20.1-47.4.10_mapped_official_1.20.1-recomp.jar:?]
	at net.minecraft.client.renderer.GameRenderer.renderLevel(GameRenderer.java:1126) ~[forge-1.20.1-47.4.10_mapped_official_1.20.1-recomp.jar:?]
	at net.minecraft.client.renderer.GameRenderer.render(GameRenderer.java:909) ~[forge-1.20.1-47.4.10_mapped_official_1.20.1-recomp.jar:?]
	at net.minecraft.client.Minecraft.runTick(Minecraft.java:1146) ~[forge-1.20.1-47.4.10_mapped_official_1.20.1-recomp.jar:?]
	at net.minecraft.client.Minecraft.run(Minecraft.java:718) ~[forge-1.20.1-47.4.10_mapped_official_1.20.1-recomp.jar:?]
	at net.minecraft.client.main.Main.main(Main.java:218) ~[forge-1.20.1-47.4.10_mapped_official_1.20.1-recomp.jar:?]
	at jdk.internal.reflect.NativeMethodAccessorImpl.invoke0(Native Method) ~[?:?]
	at jdk.internal.reflect.NativeMethodAccessorImpl.invoke(NativeMethodAccessorImpl.java:77) ~[?:?]
	at jdk.internal.reflect.DelegatingMethodAccessorImpl.invoke(DelegatingMethodAccessorImpl.java:43) ~[?:?]
	at java.lang.reflect.Method.invoke(Method.java:569) ~[?:?]
	at net.minecraftforge.fml.loading.targets.CommonLaunchHandler.runTarget(CommonLaunchHandler.java:111) ~[fmlloader-1.20.1-47.4.10.jar:?]
	at net.minecraftforge.fml.loading.targets.CommonLaunchHandler.clientService(CommonLaunchHandler.java:99) ~[fmlloader-1.20.1-47.4.10.jar:?]
	at net.minecraftforge.fml.loading.targets.ForgeClientUserdevLaunchHandler.devService(ForgeClientUserdevLaunchHandler.java:19) ~[fmlloader-1.20.1-47.4.10.jar:?]
	at net.minecraftforge.fml.loading.targets.CommonDevLaunchHandler.lambda$makeService$7(CommonDevLaunchHandler.java:135) ~[fmlloader-1.20.1-47.4.10.jar:?]
	at cpw.mods.modlauncher.LaunchServiceHandlerDecorator.launch(LaunchServiceHandlerDecorator.java:30) ~[modlauncher-10.0.10.jar:?]
	at cpw.mods.modlauncher.LaunchServiceHandler.launch(LaunchServiceHandler.java:53) ~[modlauncher-10.0.10.jar:?]
	at cpw.mods.modlauncher.LaunchServiceHandler.launch(LaunchServiceHandler.java:71) ~[modlauncher-10.0.10.jar:?]
	at cpw.mods.modlauncher.Launcher.run(Launcher.java:108) ~[modlauncher-10.0.10.jar:?]
	at cpw.mods.modlauncher.Launcher.main(Launcher.java:78) ~[modlauncher-10.0.10.jar:?]
	at cpw.mods.modlauncher.BootstrapLaunchConsumer.accept(BootstrapLaunchConsumer.java:26) ~[modlauncher-10.0.10.jar:?]
	at cpw.mods.modlauncher.BootstrapLaunchConsumer.accept(BootstrapLaunchConsumer.java:23) ~[modlauncher-10.0.10.jar:?]
	at cpw.mods.bootstraplauncher.BootstrapLauncher.main(BootstrapLauncher.java:141) ~[bootstraplauncher-1.1.2.jar:?]
[18Jun2026 00:28:28.259] [Render thread/WARN] [net.minecraft.client.renderer.texture.TextureManager/]: Failed to load texture: minecraft:textures/models/armor/mana_sub_zeroterrible_warlock_armor_layer_1.png
java.io.FileNotFoundException: minecraft:textures/models/armor/mana_sub_zeroterrible_warlock_armor_layer_1.png
	at net.minecraft.server.packs.resources.ResourceProvider.lambda$getResourceOrThrow$0(ResourceProvider.java:17) ~[forge-1.20.1-47.4.10_mapped_official_1.20.1-recomp.jar:?]
	at java.util.Optional.orElseThrow(Optional.java:403) ~[?:?]
	at net.minecraft.server.packs.resources.ResourceProvider.getResourceOrThrow(ResourceProvider.java:16) ~[forge-1.20.1-47.4.10_mapped_official_1.20.1-recomp.jar:?]
	at net.minecraft.client.renderer.texture.SimpleTexture$TextureImage.load(SimpleTexture.java:85) ~[forge-1.20.1-47.4.10_mapped_official_1.20.1-recomp.jar:?]
	at net.minecraft.client.renderer.texture.SimpleTexture.getTextureImage(SimpleTexture.java:59) ~[forge-1.20.1-47.4.10_mapped_official_1.20.1-recomp.jar:?]
	at net.minecraft.client.renderer.texture.SimpleTexture.load(SimpleTexture.java:29) ~[forge-1.20.1-47.4.10_mapped_official_1.20.1-recomp.jar:?]
	at net.minecraft.client.renderer.texture.TextureManager.loadTexture(TextureManager.java:96) ~[forge-1.20.1-47.4.10_mapped_official_1.20.1-recomp.jar:?]
	at net.minecraft.client.renderer.texture.TextureManager.register(TextureManager.java:66) ~[forge-1.20.1-47.4.10_mapped_official_1.20.1-recomp.jar:?]
	at net.minecraft.client.renderer.texture.TextureManager.getTexture(TextureManager.java:119) ~[forge-1.20.1-47.4.10_mapped_official_1.20.1-recomp.jar:?]
	at net.minecraft.client.renderer.RenderStateShard$TextureStateShard.lambda$new$0(RenderStateShard.java:520) ~[forge-1.20.1-47.4.10_mapped_official_1.20.1-recomp.jar:?]
	at net.minecraft.client.renderer.RenderStateShard.setupRenderState(RenderStateShard.java:254) ~[forge-1.20.1-47.4.10_mapped_official_1.20.1-recomp.jar:?]
	at com.google.common.collect.ImmutableList.forEach(ImmutableList.java:422) ~[guava-31.1-jre.jar:?]
	at net.minecraft.client.renderer.RenderType$CompositeRenderType.lambda$new$1(RenderType.java:490) ~[forge-1.20.1-47.4.10_mapped_official_1.20.1-recomp.jar:?]
	at net.minecraft.client.renderer.RenderStateShard.setupRenderState(RenderStateShard.java:254) ~[forge-1.20.1-47.4.10_mapped_official_1.20.1-recomp.jar:?]
	at net.minecraft.client.renderer.RenderType.end(RenderType.java:433) ~[forge-1.20.1-47.4.10_mapped_official_1.20.1-recomp.jar:?]
	at net.minecraft.client.renderer.MultiBufferSource$BufferSource.endBatch(MultiBufferSource.java:96) ~[forge-1.20.1-47.4.10_mapped_official_1.20.1-recomp.jar:?]
	at net.minecraft.client.renderer.MultiBufferSource$BufferSource.getBuffer(MultiBufferSource.java:46) ~[forge-1.20.1-47.4.10_mapped_official_1.20.1-recomp.jar:?]
	at net.minecraft.client.renderer.entity.ItemRenderer.getArmorFoilBuffer(ItemRenderer.java:163) ~[forge-1.20.1-47.4.10_mapped_official_1.20.1-recomp.jar:?]
	at software.bernie.geckolib.renderer.GeoArmorRenderer.renderToBuffer(GeoArmorRenderer.java:298) ~[geckolib-forge-1.20.1-4.8_mapped_official_1.20.1.jar:4.8]
	at net.minecraft.client.renderer.entity.layers.HumanoidArmorLayer.renderModel(HumanoidArmorLayer.java:110) ~[forge-1.20.1-47.4.10_mapped_official_1.20.1-recomp.jar:?]
	at net.minecraft.client.renderer.entity.layers.HumanoidArmorLayer.renderArmorPiece(HumanoidArmorLayer.java:67) ~[forge-1.20.1-47.4.10_mapped_official_1.20.1-recomp.jar:?]
	at net.minecraft.client.renderer.entity.layers.HumanoidArmorLayer.render(HumanoidArmorLayer.java:44) ~[forge-1.20.1-47.4.10_mapped_official_1.20.1-recomp.jar:?]
	at net.minecraft.client.renderer.entity.layers.HumanoidArmorLayer.render(HumanoidArmorLayer.java:29) ~[forge-1.20.1-47.4.10_mapped_official_1.20.1-recomp.jar:?]
	at net.minecraft.client.renderer.entity.LivingEntityRenderer.render(LivingEntityRenderer.java:131) ~[forge-1.20.1-47.4.10_mapped_official_1.20.1-recomp.jar:?]
	at net.minecraft.client.renderer.entity.LivingEntityRenderer.render(LivingEntityRenderer.java:30) ~[forge-1.20.1-47.4.10_mapped_official_1.20.1-recomp.jar:?]
	at net.minecraft.client.renderer.entity.EntityRenderDispatcher.render(EntityRenderDispatcher.java:140) ~[forge-1.20.1-47.4.10_mapped_official_1.20.1-recomp.jar:?]
	at net.minecraft.client.renderer.LevelRenderer.renderEntity(LevelRenderer.java:1440) ~[forge-1.20.1-47.4.10_mapped_official_1.20.1-recomp.jar:?]
	at net.minecraft.client.renderer.LevelRenderer.renderLevel(LevelRenderer.java:1223) ~[forge-1.20.1-47.4.10_mapped_official_1.20.1-recomp.jar:?]
	at net.minecraft.client.renderer.GameRenderer.renderLevel(GameRenderer.java:1126) ~[forge-1.20.1-47.4.10_mapped_official_1.20.1-recomp.jar:?]
	at net.minecraft.client.renderer.GameRenderer.render(GameRenderer.java:909) ~[forge-1.20.1-47.4.10_mapped_official_1.20.1-recomp.jar:?]
	at net.minecraft.client.Minecraft.runTick(Minecraft.java:1146) ~[forge-1.20.1-47.4.10_mapped_official_1.20.1-recomp.jar:?]
	at net.minecraft.client.Minecraft.run(Minecraft.java:718) ~[forge-1.20.1-47.4.10_mapped_official_1.20.1-recomp.jar:?]
	at net.minecraft.client.main.Main.main(Main.java:218) ~[forge-1.20.1-47.4.10_mapped_official_1.20.1-recomp.jar:?]
	at jdk.internal.reflect.NativeMethodAccessorImpl.invoke0(Native Method) ~[?:?]
	at jdk.internal.reflect.NativeMethodAccessorImpl.invoke(NativeMethodAccessorImpl.java:77) ~[?:?]
	at jdk.internal.reflect.DelegatingMethodAccessorImpl.invoke(DelegatingMethodAccessorImpl.java:43) ~[?:?]
	at java.lang.reflect.Method.invoke(Method.java:569) ~[?:?]
	at net.minecraftforge.fml.loading.targets.CommonLaunchHandler.runTarget(CommonLaunchHandler.java:111) ~[fmlloader-1.20.1-47.4.10.jar:?]
	at net.minecraftforge.fml.loading.targets.CommonLaunchHandler.clientService(CommonLaunchHandler.java:99) ~[fmlloader-1.20.1-47.4.10.jar:?]
	at net.minecraftforge.fml.loading.targets.ForgeClientUserdevLaunchHandler.devService(ForgeClientUserdevLaunchHandler.java:19) ~[fmlloader-1.20.1-47.4.10.jar:?]
	at net.minecraftforge.fml.loading.targets.CommonDevLaunchHandler.lambda$makeService$7(CommonDevLaunchHandler.java:135) ~[fmlloader-1.20.1-47.4.10.jar:?]
	at cpw.mods.modlauncher.LaunchServiceHandlerDecorator.launch(LaunchServiceHandlerDecorator.java:30) ~[modlauncher-10.0.10.jar:?]
	at cpw.mods.modlauncher.LaunchServiceHandler.launch(LaunchServiceHandler.java:53) ~[modlauncher-10.0.10.jar:?]
	at cpw.mods.modlauncher.LaunchServiceHandler.launch(LaunchServiceHandler.java:71) ~[modlauncher-10.0.10.jar:?]
	at cpw.mods.modlauncher.Launcher.run(Launcher.java:108) ~[modlauncher-10.0.10.jar:?]
	at cpw.mods.modlauncher.Launcher.main(Launcher.java:78) ~[modlauncher-10.0.10.jar:?]
	at cpw.mods.modlauncher.BootstrapLaunchConsumer.accept(BootstrapLaunchConsumer.java:26) ~[modlauncher-10.0.10.jar:?]
	at cpw.mods.modlauncher.BootstrapLaunchConsumer.accept(BootstrapLaunchConsumer.java:23) ~[modlauncher-10.0.10.jar:?]
	at cpw.mods.bootstraplauncher.BootstrapLauncher.main(BootstrapLauncher.java:141) ~[bootstraplauncher-1.1.2.jar:?]
[18Jun2026 00:28:28.275] [Render thread/WARN] [net.minecraft.client.renderer.texture.TextureManager/]: Failed to load texture: minecraft:textures/models/armor/mana_sub_zeroterrible_warlock_armor_layer_2.png
java.io.FileNotFoundException: minecraft:textures/models/armor/mana_sub_zeroterrible_warlock_armor_layer_2.png
	at net.minecraft.server.packs.resources.ResourceProvider.lambda$getResourceOrThrow$0(ResourceProvider.java:17) ~[forge-1.20.1-47.4.10_mapped_official_1.20.1-recomp.jar:?]
	at java.util.Optional.orElseThrow(Optional.java:403) ~[?:?]
	at net.minecraft.server.packs.resources.ResourceProvider.getResourceOrThrow(ResourceProvider.java:16) ~[forge-1.20.1-47.4.10_mapped_official_1.20.1-recomp.jar:?]
	at software.bernie.geckolib.cache.texture.AnimatableTexture.load(AnimatableTexture.java:40) ~[geckolib-forge-1.20.1-4.8_mapped_official_1.20.1.jar:4.8]
	at net.minecraft.client.renderer.texture.TextureManager.loadTexture(TextureManager.java:96) ~[forge-1.20.1-47.4.10_mapped_official_1.20.1-recomp.jar:?]
	at net.minecraft.client.renderer.texture.TextureManager.register(TextureManager.java:66) ~[forge-1.20.1-47.4.10_mapped_official_1.20.1-recomp.jar:?]
	at net.minecraft.client.renderer.texture.TextureManager.handler$zcm000$wrapAnimatableTexture(TextureManager.java:529) ~[forge-1.20.1-47.4.10_mapped_official_1.20.1-recomp.jar:?]
	at net.minecraft.client.renderer.texture.TextureManager.getTexture(TextureManager.java) ~[forge-1.20.1-47.4.10_mapped_official_1.20.1-recomp.jar:?]
	at net.minecraft.client.renderer.RenderStateShard$TextureStateShard.lambda$new$0(RenderStateShard.java:520) ~[forge-1.20.1-47.4.10_mapped_official_1.20.1-recomp.jar:?]
	at net.minecraft.client.renderer.RenderStateShard.setupRenderState(RenderStateShard.java:254) ~[forge-1.20.1-47.4.10_mapped_official_1.20.1-recomp.jar:?]
	at com.google.common.collect.ImmutableList.forEach(ImmutableList.java:422) ~[guava-31.1-jre.jar:?]
	at net.minecraft.client.renderer.RenderType$CompositeRenderType.lambda$new$1(RenderType.java:490) ~[forge-1.20.1-47.4.10_mapped_official_1.20.1-recomp.jar:?]
	at net.minecraft.client.renderer.RenderStateShard.setupRenderState(RenderStateShard.java:254) ~[forge-1.20.1-47.4.10_mapped_official_1.20.1-recomp.jar:?]
	at net.minecraft.client.renderer.RenderType.end(RenderType.java:433) ~[forge-1.20.1-47.4.10_mapped_official_1.20.1-recomp.jar:?]
	at net.minecraft.client.renderer.MultiBufferSource$BufferSource.endBatch(MultiBufferSource.java:96) ~[forge-1.20.1-47.4.10_mapped_official_1.20.1-recomp.jar:?]
	at net.minecraft.client.renderer.MultiBufferSource$BufferSource.getBuffer(MultiBufferSource.java:46) ~[forge-1.20.1-47.4.10_mapped_official_1.20.1-recomp.jar:?]
	at net.minecraft.client.renderer.entity.ItemRenderer.getArmorFoilBuffer(ItemRenderer.java:163) ~[forge-1.20.1-47.4.10_mapped_official_1.20.1-recomp.jar:?]
	at software.bernie.geckolib.renderer.GeoArmorRenderer.renderToBuffer(GeoArmorRenderer.java:298) ~[geckolib-forge-1.20.1-4.8_mapped_official_1.20.1.jar:4.8]
	at net.minecraft.client.renderer.entity.layers.HumanoidArmorLayer.renderModel(HumanoidArmorLayer.java:110) ~[forge-1.20.1-47.4.10_mapped_official_1.20.1-recomp.jar:?]
	at net.minecraft.client.renderer.entity.layers.HumanoidArmorLayer.renderArmorPiece(HumanoidArmorLayer.java:67) ~[forge-1.20.1-47.4.10_mapped_official_1.20.1-recomp.jar:?]
	at net.minecraft.client.renderer.entity.layers.HumanoidArmorLayer.render(HumanoidArmorLayer.java:45) ~[forge-1.20.1-47.4.10_mapped_official_1.20.1-recomp.jar:?]
	at net.minecraft.client.renderer.entity.layers.HumanoidArmorLayer.render(HumanoidArmorLayer.java:29) ~[forge-1.20.1-47.4.10_mapped_official_1.20.1-recomp.jar:?]
	at net.minecraft.client.renderer.entity.LivingEntityRenderer.render(LivingEntityRenderer.java:131) ~[forge-1.20.1-47.4.10_mapped_official_1.20.1-recomp.jar:?]
	at net.minecraft.client.renderer.entity.LivingEntityRenderer.render(LivingEntityRenderer.java:30) ~[forge-1.20.1-47.4.10_mapped_official_1.20.1-recomp.jar:?]
	at net.minecraft.client.renderer.entity.EntityRenderDispatcher.render(EntityRenderDispatcher.java:140) ~[forge-1.20.1-47.4.10_mapped_official_1.20.1-recomp.jar:?]
	at net.minecraft.client.renderer.LevelRenderer.renderEntity(LevelRenderer.java:1440) ~[forge-1.20.1-47.4.10_mapped_official_1.20.1-recomp.jar:?]
	at net.minecraft.client.renderer.LevelRenderer.renderLevel(LevelRenderer.java:1223) ~[forge-1.20.1-47.4.10_mapped_official_1.20.1-recomp.jar:?]
	at net.minecraft.client.renderer.GameRenderer.renderLevel(GameRenderer.java:1126) ~[forge-1.20.1-47.4.10_mapped_official_1.20.1-recomp.jar:?]
	at net.minecraft.client.renderer.GameRenderer.render(GameRenderer.java:909) ~[forge-1.20.1-47.4.10_mapped_official_1.20.1-recomp.jar:?]
	at net.minecraft.client.Minecraft.runTick(Minecraft.java:1146) ~[forge-1.20.1-47.4.10_mapped_official_1.20.1-recomp.jar:?]
	at net.minecraft.client.Minecraft.run(Minecraft.java:718) ~[forge-1.20.1-47.4.10_mapped_official_1.20.1-recomp.jar:?]
	at net.minecraft.client.main.Main.main(Main.java:218) ~[forge-1.20.1-47.4.10_mapped_official_1.20.1-recomp.jar:?]
	at jdk.internal.reflect.NativeMethodAccessorImpl.invoke0(Native Method) ~[?:?]
	at jdk.internal.reflect.NativeMethodAccessorImpl.invoke(NativeMethodAccessorImpl.java:77) ~[?:?]
	at jdk.internal.reflect.DelegatingMethodAccessorImpl.invoke(DelegatingMethodAccessorImpl.java:43) ~[?:?]
	at java.lang.reflect.Method.invoke(Method.java:569) ~[?:?]
	at net.minecraftforge.fml.loading.targets.CommonLaunchHandler.runTarget(CommonLaunchHandler.java:111) ~[fmlloader-1.20.1-47.4.10.jar:?]
	at net.minecraftforge.fml.loading.targets.CommonLaunchHandler.clientService(CommonLaunchHandler.java:99) ~[fmlloader-1.20.1-47.4.10.jar:?]
	at net.minecraftforge.fml.loading.targets.ForgeClientUserdevLaunchHandler.devService(ForgeClientUserdevLaunchHandler.java:19) ~[fmlloader-1.20.1-47.4.10.jar:?]
	at net.minecraftforge.fml.loading.targets.CommonDevLaunchHandler.lambda$makeService$7(CommonDevLaunchHandler.java:135) ~[fmlloader-1.20.1-47.4.10.jar:?]
	at cpw.mods.modlauncher.LaunchServiceHandlerDecorator.launch(LaunchServiceHandlerDecorator.java:30) ~[modlauncher-10.0.10.jar:?]
	at cpw.mods.modlauncher.LaunchServiceHandler.launch(LaunchServiceHandler.java:53) ~[modlauncher-10.0.10.jar:?]
	at cpw.mods.modlauncher.LaunchServiceHandler.launch(LaunchServiceHandler.java:71) ~[modlauncher-10.0.10.jar:?]
	at cpw.mods.modlauncher.Launcher.run(Launcher.java:108) ~[modlauncher-10.0.10.jar:?]
	at cpw.mods.modlauncher.Launcher.main(Launcher.java:78) ~[modlauncher-10.0.10.jar:?]
	at cpw.mods.modlauncher.BootstrapLaunchConsumer.accept(BootstrapLaunchConsumer.java:26) ~[modlauncher-10.0.10.jar:?]
	at cpw.mods.modlauncher.BootstrapLaunchConsumer.accept(BootstrapLaunchConsumer.java:23) ~[modlauncher-10.0.10.jar:?]
	at cpw.mods.bootstraplauncher.BootstrapLauncher.main(BootstrapLauncher.java:141) ~[bootstraplauncher-1.1.2.jar:?]
[18Jun2026 00:28:28.277] [Render thread/WARN] [net.minecraft.client.renderer.texture.TextureManager/]: Failed to load texture: minecraft:textures/models/armor/mana_sub_zeroterrible_warlock_armor_layer_2.png
java.io.FileNotFoundException: minecraft:textures/models/armor/mana_sub_zeroterrible_warlock_armor_layer_2.png
	at net.minecraft.server.packs.resources.ResourceProvider.lambda$getResourceOrThrow$0(ResourceProvider.java:17) ~[forge-1.20.1-47.4.10_mapped_official_1.20.1-recomp.jar:?]
	at java.util.Optional.orElseThrow(Optional.java:403) ~[?:?]
	at net.minecraft.server.packs.resources.ResourceProvider.getResourceOrThrow(ResourceProvider.java:16) ~[forge-1.20.1-47.4.10_mapped_official_1.20.1-recomp.jar:?]
	at net.minecraft.client.renderer.texture.SimpleTexture$TextureImage.load(SimpleTexture.java:85) ~[forge-1.20.1-47.4.10_mapped_official_1.20.1-recomp.jar:?]
	at net.minecraft.client.renderer.texture.SimpleTexture.getTextureImage(SimpleTexture.java:59) ~[forge-1.20.1-47.4.10_mapped_official_1.20.1-recomp.jar:?]
	at net.minecraft.client.renderer.texture.SimpleTexture.load(SimpleTexture.java:29) ~[forge-1.20.1-47.4.10_mapped_official_1.20.1-recomp.jar:?]
	at net.minecraft.client.renderer.texture.TextureManager.loadTexture(TextureManager.java:96) ~[forge-1.20.1-47.4.10_mapped_official_1.20.1-recomp.jar:?]
	at net.minecraft.client.renderer.texture.TextureManager.register(TextureManager.java:66) ~[forge-1.20.1-47.4.10_mapped_official_1.20.1-recomp.jar:?]
	at net.minecraft.client.renderer.texture.TextureManager.getTexture(TextureManager.java:119) ~[forge-1.20.1-47.4.10_mapped_official_1.20.1-recomp.jar:?]
	at net.minecraft.client.renderer.RenderStateShard$TextureStateShard.lambda$new$0(RenderStateShard.java:520) ~[forge-1.20.1-47.4.10_mapped_official_1.20.1-recomp.jar:?]
	at net.minecraft.client.renderer.RenderStateShard.setupRenderState(RenderStateShard.java:254) ~[forge-1.20.1-47.4.10_mapped_official_1.20.1-recomp.jar:?]
	at com.google.common.collect.ImmutableList.forEach(ImmutableList.java:422) ~[guava-31.1-jre.jar:?]
	at net.minecraft.client.renderer.RenderType$CompositeRenderType.lambda$new$1(RenderType.java:490) ~[forge-1.20.1-47.4.10_mapped_official_1.20.1-recomp.jar:?]
	at net.minecraft.client.renderer.RenderStateShard.setupRenderState(RenderStateShard.java:254) ~[forge-1.20.1-47.4.10_mapped_official_1.20.1-recomp.jar:?]
	at net.minecraft.client.renderer.RenderType.end(RenderType.java:433) ~[forge-1.20.1-47.4.10_mapped_official_1.20.1-recomp.jar:?]
	at net.minecraft.client.renderer.MultiBufferSource$BufferSource.endBatch(MultiBufferSource.java:96) ~[forge-1.20.1-47.4.10_mapped_official_1.20.1-recomp.jar:?]
	at net.minecraft.client.renderer.MultiBufferSource$BufferSource.getBuffer(MultiBufferSource.java:46) ~[forge-1.20.1-47.4.10_mapped_official_1.20.1-recomp.jar:?]
	at net.minecraft.client.renderer.entity.ItemRenderer.getArmorFoilBuffer(ItemRenderer.java:163) ~[forge-1.20.1-47.4.10_mapped_official_1.20.1-recomp.jar:?]
	at software.bernie.geckolib.renderer.GeoArmorRenderer.renderToBuffer(GeoArmorRenderer.java:298) ~[geckolib-forge-1.20.1-4.8_mapped_official_1.20.1.jar:4.8]
	at net.minecraft.client.renderer.entity.layers.HumanoidArmorLayer.renderModel(HumanoidArmorLayer.java:110) ~[forge-1.20.1-47.4.10_mapped_official_1.20.1-recomp.jar:?]
	at net.minecraft.client.renderer.entity.layers.HumanoidArmorLayer.renderArmorPiece(HumanoidArmorLayer.java:67) ~[forge-1.20.1-47.4.10_mapped_official_1.20.1-recomp.jar:?]
	at net.minecraft.client.renderer.entity.layers.HumanoidArmorLayer.render(HumanoidArmorLayer.java:45) ~[forge-1.20.1-47.4.10_mapped_official_1.20.1-recomp.jar:?]
	at net.minecraft.client.renderer.entity.layers.HumanoidArmorLayer.render(HumanoidArmorLayer.java:29) ~[forge-1.20.1-47.4.10_mapped_official_1.20.1-recomp.jar:?]
	at net.minecraft.client.renderer.entity.LivingEntityRenderer.render(LivingEntityRenderer.java:131) ~[forge-1.20.1-47.4.10_mapped_official_1.20.1-recomp.jar:?]
	at net.minecraft.client.renderer.entity.LivingEntityRenderer.render(LivingEntityRenderer.java:30) ~[forge-1.20.1-47.4.10_mapped_official_1.20.1-recomp.jar:?]
	at net.minecraft.client.renderer.entity.EntityRenderDispatcher.render(EntityRenderDispatcher.java:140) ~[forge-1.20.1-47.4.10_mapped_official_1.20.1-recomp.jar:?]
	at net.minecraft.client.renderer.LevelRenderer.renderEntity(LevelRenderer.java:1440) ~[forge-1.20.1-47.4.10_mapped_official_1.20.1-recomp.jar:?]
	at net.minecraft.client.renderer.LevelRenderer.renderLevel(LevelRenderer.java:1223) ~[forge-1.20.1-47.4.10_mapped_official_1.20.1-recomp.jar:?]
	at net.minecraft.client.renderer.GameRenderer.renderLevel(GameRenderer.java:1126) ~[forge-1.20.1-47.4.10_mapped_official_1.20.1-recomp.jar:?]
	at net.minecraft.client.renderer.GameRenderer.render(GameRenderer.java:909) ~[forge-1.20.1-47.4.10_mapped_official_1.20.1-recomp.jar:?]
	at net.minecraft.client.Minecraft.runTick(Minecraft.java:1146) ~[forge-1.20.1-47.4.10_mapped_official_1.20.1-recomp.jar:?]
	at net.minecraft.client.Minecraft.run(Minecraft.java:718) ~[forge-1.20.1-47.4.10_mapped_official_1.20.1-recomp.jar:?]
	at net.minecraft.client.main.Main.main(Main.java:218) ~[forge-1.20.1-47.4.10_mapped_official_1.20.1-recomp.jar:?]
	at jdk.internal.reflect.NativeMethodAccessorImpl.invoke0(Native Method) ~[?:?]
	at jdk.internal.reflect.NativeMethodAccessorImpl.invoke(NativeMethodAccessorImpl.java:77) ~[?:?]
	at jdk.internal.reflect.DelegatingMethodAccessorImpl.invoke(DelegatingMethodAccessorImpl.java:43) ~[?:?]
	at java.lang.reflect.Method.invoke(Method.java:569) ~[?:?]
	at net.minecraftforge.fml.loading.targets.CommonLaunchHandler.runTarget(CommonLaunchHandler.java:111) ~[fmlloader-1.20.1-47.4.10.jar:?]
	at net.minecraftforge.fml.loading.targets.CommonLaunchHandler.clientService(CommonLaunchHandler.java:99) ~[fmlloader-1.20.1-47.4.10.jar:?]
	at net.minecraftforge.fml.loading.targets.ForgeClientUserdevLaunchHandler.devService(ForgeClientUserdevLaunchHandler.java:19) ~[fmlloader-1.20.1-47.4.10.jar:?]
	at net.minecraftforge.fml.loading.targets.CommonDevLaunchHandler.lambda$makeService$7(CommonDevLaunchHandler.java:135) ~[fmlloader-1.20.1-47.4.10.jar:?]
	at cpw.mods.modlauncher.LaunchServiceHandlerDecorator.launch(LaunchServiceHandlerDecorator.java:30) ~[modlauncher-10.0.10.jar:?]
	at cpw.mods.modlauncher.LaunchServiceHandler.launch(LaunchServiceHandler.java:53) ~[modlauncher-10.0.10.jar:?]
	at cpw.mods.modlauncher.LaunchServiceHandler.launch(LaunchServiceHandler.java:71) ~[modlauncher-10.0.10.jar:?]
	at cpw.mods.modlauncher.Launcher.run(Launcher.java:108) ~[modlauncher-10.0.10.jar:?]
	at cpw.mods.modlauncher.Launcher.main(Launcher.java:78) ~[modlauncher-10.0.10.jar:?]
	at cpw.mods.modlauncher.BootstrapLaunchConsumer.accept(BootstrapLaunchConsumer.java:26) ~[modlauncher-10.0.10.jar:?]
	at cpw.mods.modlauncher.BootstrapLaunchConsumer.accept(BootstrapLaunchConsumer.java:23) ~[modlauncher-10.0.10.jar:?]
	at cpw.mods.bootstraplauncher.BootstrapLauncher.main(BootstrapLauncher.java:141) ~[bootstraplauncher-1.1.2.jar:?]
[18Jun2026 00:28:28.301] [Render thread/WARN] [net.minecraft.client.renderer.texture.TextureManager/]: Failed to load texture: minecraft:textures/models/armor/mana_sub_zeroabyssal_warlock_armor_layer_1.png
java.io.FileNotFoundException: minecraft:textures/models/armor/mana_sub_zeroabyssal_warlock_armor_layer_1.png
	at net.minecraft.server.packs.resources.ResourceProvider.lambda$getResourceOrThrow$0(ResourceProvider.java:17) ~[forge-1.20.1-47.4.10_mapped_official_1.20.1-recomp.jar:?]
	at java.util.Optional.orElseThrow(Optional.java:403) ~[?:?]
	at net.minecraft.server.packs.resources.ResourceProvider.getResourceOrThrow(ResourceProvider.java:16) ~[forge-1.20.1-47.4.10_mapped_official_1.20.1-recomp.jar:?]
	at software.bernie.geckolib.cache.texture.AnimatableTexture.load(AnimatableTexture.java:40) ~[geckolib-forge-1.20.1-4.8_mapped_official_1.20.1.jar:4.8]
	at net.minecraft.client.renderer.texture.TextureManager.loadTexture(TextureManager.java:96) ~[forge-1.20.1-47.4.10_mapped_official_1.20.1-recomp.jar:?]
	at net.minecraft.client.renderer.texture.TextureManager.register(TextureManager.java:66) ~[forge-1.20.1-47.4.10_mapped_official_1.20.1-recomp.jar:?]
	at net.minecraft.client.renderer.texture.TextureManager.handler$zcm000$wrapAnimatableTexture(TextureManager.java:529) ~[forge-1.20.1-47.4.10_mapped_official_1.20.1-recomp.jar:?]
	at net.minecraft.client.renderer.texture.TextureManager.getTexture(TextureManager.java) ~[forge-1.20.1-47.4.10_mapped_official_1.20.1-recomp.jar:?]
	at net.minecraft.client.renderer.RenderStateShard$TextureStateShard.lambda$new$0(RenderStateShard.java:520) ~[forge-1.20.1-47.4.10_mapped_official_1.20.1-recomp.jar:?]
	at net.minecraft.client.renderer.RenderStateShard.setupRenderState(RenderStateShard.java:254) ~[forge-1.20.1-47.4.10_mapped_official_1.20.1-recomp.jar:?]
	at com.google.common.collect.ImmutableList.forEach(ImmutableList.java:422) ~[guava-31.1-jre.jar:?]
	at net.minecraft.client.renderer.RenderType$CompositeRenderType.lambda$new$1(RenderType.java:490) ~[forge-1.20.1-47.4.10_mapped_official_1.20.1-recomp.jar:?]
	at net.minecraft.client.renderer.RenderStateShard.setupRenderState(RenderStateShard.java:254) ~[forge-1.20.1-47.4.10_mapped_official_1.20.1-recomp.jar:?]
	at net.minecraft.client.renderer.RenderType.end(RenderType.java:433) ~[forge-1.20.1-47.4.10_mapped_official_1.20.1-recomp.jar:?]
	at net.minecraft.client.renderer.MultiBufferSource$BufferSource.endBatch(MultiBufferSource.java:96) ~[forge-1.20.1-47.4.10_mapped_official_1.20.1-recomp.jar:?]
	at net.minecraft.client.renderer.MultiBufferSource$BufferSource.getBuffer(MultiBufferSource.java:46) ~[forge-1.20.1-47.4.10_mapped_official_1.20.1-recomp.jar:?]
	at net.minecraft.client.renderer.entity.ItemRenderer.getArmorFoilBuffer(ItemRenderer.java:163) ~[forge-1.20.1-47.4.10_mapped_official_1.20.1-recomp.jar:?]
	at software.bernie.geckolib.renderer.GeoArmorRenderer.renderToBuffer(GeoArmorRenderer.java:298) ~[geckolib-forge-1.20.1-4.8_mapped_official_1.20.1.jar:4.8]
	at net.minecraft.client.renderer.entity.layers.HumanoidArmorLayer.renderModel(HumanoidArmorLayer.java:110) ~[forge-1.20.1-47.4.10_mapped_official_1.20.1-recomp.jar:?]
	at net.minecraft.client.renderer.entity.layers.HumanoidArmorLayer.renderArmorPiece(HumanoidArmorLayer.java:67) ~[forge-1.20.1-47.4.10_mapped_official_1.20.1-recomp.jar:?]
	at net.minecraft.client.renderer.entity.layers.HumanoidArmorLayer.render(HumanoidArmorLayer.java:44) ~[forge-1.20.1-47.4.10_mapped_official_1.20.1-recomp.jar:?]
	at net.minecraft.client.renderer.entity.layers.HumanoidArmorLayer.render(HumanoidArmorLayer.java:29) ~[forge-1.20.1-47.4.10_mapped_official_1.20.1-recomp.jar:?]
	at net.minecraft.client.renderer.entity.LivingEntityRenderer.render(LivingEntityRenderer.java:131) ~[forge-1.20.1-47.4.10_mapped_official_1.20.1-recomp.jar:?]
	at net.minecraft.client.renderer.entity.LivingEntityRenderer.render(LivingEntityRenderer.java:30) ~[forge-1.20.1-47.4.10_mapped_official_1.20.1-recomp.jar:?]
	at net.minecraft.client.renderer.entity.EntityRenderDispatcher.render(EntityRenderDispatcher.java:140) ~[forge-1.20.1-47.4.10_mapped_official_1.20.1-recomp.jar:?]
	at net.minecraft.client.renderer.LevelRenderer.renderEntity(LevelRenderer.java:1440) ~[forge-1.20.1-47.4.10_mapped_official_1.20.1-recomp.jar:?]
	at net.minecraft.client.renderer.LevelRenderer.renderLevel(LevelRenderer.java:1223) ~[forge-1.20.1-47.4.10_mapped_official_1.20.1-recomp.jar:?]
	at net.minecraft.client.renderer.GameRenderer.renderLevel(GameRenderer.java:1126) ~[forge-1.20.1-47.4.10_mapped_official_1.20.1-recomp.jar:?]
	at net.minecraft.client.renderer.GameRenderer.render(GameRenderer.java:909) ~[forge-1.20.1-47.4.10_mapped_official_1.20.1-recomp.jar:?]
	at net.minecraft.client.Minecraft.runTick(Minecraft.java:1146) ~[forge-1.20.1-47.4.10_mapped_official_1.20.1-recomp.jar:?]
	at net.minecraft.client.Minecraft.run(Minecraft.java:718) ~[forge-1.20.1-47.4.10_mapped_official_1.20.1-recomp.jar:?]
	at net.minecraft.client.main.Main.main(Main.java:218) ~[forge-1.20.1-47.4.10_mapped_official_1.20.1-recomp.jar:?]
	at jdk.internal.reflect.NativeMethodAccessorImpl.invoke0(Native Method) ~[?:?]
	at jdk.internal.reflect.NativeMethodAccessorImpl.invoke(NativeMethodAccessorImpl.java:77) ~[?:?]
	at jdk.internal.reflect.DelegatingMethodAccessorImpl.invoke(DelegatingMethodAccessorImpl.java:43) ~[?:?]
	at java.lang.reflect.Method.invoke(Method.java:569) ~[?:?]
	at net.minecraftforge.fml.loading.targets.CommonLaunchHandler.runTarget(CommonLaunchHandler.java:111) ~[fmlloader-1.20.1-47.4.10.jar:?]
	at net.minecraftforge.fml.loading.targets.CommonLaunchHandler.clientService(CommonLaunchHandler.java:99) ~[fmlloader-1.20.1-47.4.10.jar:?]
	at net.minecraftforge.fml.loading.targets.ForgeClientUserdevLaunchHandler.devService(ForgeClientUserdevLaunchHandler.java:19) ~[fmlloader-1.20.1-47.4.10.jar:?]
	at net.minecraftforge.fml.loading.targets.CommonDevLaunchHandler.lambda$makeService$7(CommonDevLaunchHandler.java:135) ~[fmlloader-1.20.1-47.4.10.jar:?]
	at cpw.mods.modlauncher.LaunchServiceHandlerDecorator.launch(LaunchServiceHandlerDecorator.java:30) ~[modlauncher-10.0.10.jar:?]
	at cpw.mods.modlauncher.LaunchServiceHandler.launch(LaunchServiceHandler.java:53) ~[modlauncher-10.0.10.jar:?]
	at cpw.mods.modlauncher.LaunchServiceHandler.launch(LaunchServiceHandler.java:71) ~[modlauncher-10.0.10.jar:?]
	at cpw.mods.modlauncher.Launcher.run(Launcher.java:108) ~[modlauncher-10.0.10.jar:?]
	at cpw.mods.modlauncher.Launcher.main(Launcher.java:78) ~[modlauncher-10.0.10.jar:?]
	at cpw.mods.modlauncher.BootstrapLaunchConsumer.accept(BootstrapLaunchConsumer.java:26) ~[modlauncher-10.0.10.jar:?]
	at cpw.mods.modlauncher.BootstrapLaunchConsumer.accept(BootstrapLaunchConsumer.java:23) ~[modlauncher-10.0.10.jar:?]
	at cpw.mods.bootstraplauncher.BootstrapLauncher.main(BootstrapLauncher.java:141) ~[bootstraplauncher-1.1.2.jar:?]
[18Jun2026 00:28:28.302] [Render thread/WARN] [net.minecraft.client.renderer.texture.TextureManager/]: Failed to load texture: minecraft:textures/models/armor/mana_sub_zeroabyssal_warlock_armor_layer_1.png
java.io.FileNotFoundException: minecraft:textures/models/armor/mana_sub_zeroabyssal_warlock_armor_layer_1.png
	at net.minecraft.server.packs.resources.ResourceProvider.lambda$getResourceOrThrow$0(ResourceProvider.java:17) ~[forge-1.20.1-47.4.10_mapped_official_1.20.1-recomp.jar:?]
	at java.util.Optional.orElseThrow(Optional.java:403) ~[?:?]
	at net.minecraft.server.packs.resources.ResourceProvider.getResourceOrThrow(ResourceProvider.java:16) ~[forge-1.20.1-47.4.10_mapped_official_1.20.1-recomp.jar:?]
	at net.minecraft.client.renderer.texture.SimpleTexture$TextureImage.load(SimpleTexture.java:85) ~[forge-1.20.1-47.4.10_mapped_official_1.20.1-recomp.jar:?]
	at net.minecraft.client.renderer.texture.SimpleTexture.getTextureImage(SimpleTexture.java:59) ~[forge-1.20.1-47.4.10_mapped_official_1.20.1-recomp.jar:?]
	at net.minecraft.client.renderer.texture.SimpleTexture.load(SimpleTexture.java:29) ~[forge-1.20.1-47.4.10_mapped_official_1.20.1-recomp.jar:?]
	at net.minecraft.client.renderer.texture.TextureManager.loadTexture(TextureManager.java:96) ~[forge-1.20.1-47.4.10_mapped_official_1.20.1-recomp.jar:?]
	at net.minecraft.client.renderer.texture.TextureManager.register(TextureManager.java:66) ~[forge-1.20.1-47.4.10_mapped_official_1.20.1-recomp.jar:?]
	at net.minecraft.client.renderer.texture.TextureManager.getTexture(TextureManager.java:119) ~[forge-1.20.1-47.4.10_mapped_official_1.20.1-recomp.jar:?]
	at net.minecraft.client.renderer.RenderStateShard$TextureStateShard.lambda$new$0(RenderStateShard.java:520) ~[forge-1.20.1-47.4.10_mapped_official_1.20.1-recomp.jar:?]
	at net.minecraft.client.renderer.RenderStateShard.setupRenderState(RenderStateShard.java:254) ~[forge-1.20.1-47.4.10_mapped_official_1.20.1-recomp.jar:?]
	at com.google.common.collect.ImmutableList.forEach(ImmutableList.java:422) ~[guava-31.1-jre.jar:?]
	at net.minecraft.client.renderer.RenderType$CompositeRenderType.lambda$new$1(RenderType.java:490) ~[forge-1.20.1-47.4.10_mapped_official_1.20.1-recomp.jar:?]
	at net.minecraft.client.renderer.RenderStateShard.setupRenderState(RenderStateShard.java:254) ~[forge-1.20.1-47.4.10_mapped_official_1.20.1-recomp.jar:?]
	at net.minecraft.client.renderer.RenderType.end(RenderType.java:433) ~[forge-1.20.1-47.4.10_mapped_official_1.20.1-recomp.jar:?]
	at net.minecraft.client.renderer.MultiBufferSource$BufferSource.endBatch(MultiBufferSource.java:96) ~[forge-1.20.1-47.4.10_mapped_official_1.20.1-recomp.jar:?]
	at net.minecraft.client.renderer.MultiBufferSource$BufferSource.getBuffer(MultiBufferSource.java:46) ~[forge-1.20.1-47.4.10_mapped_official_1.20.1-recomp.jar:?]
	at net.minecraft.client.renderer.entity.ItemRenderer.getArmorFoilBuffer(ItemRenderer.java:163) ~[forge-1.20.1-47.4.10_mapped_official_1.20.1-recomp.jar:?]
	at software.bernie.geckolib.renderer.GeoArmorRenderer.renderToBuffer(GeoArmorRenderer.java:298) ~[geckolib-forge-1.20.1-4.8_mapped_official_1.20.1.jar:4.8]
	at net.minecraft.client.renderer.entity.layers.HumanoidArmorLayer.renderModel(HumanoidArmorLayer.java:110) ~[forge-1.20.1-47.4.10_mapped_official_1.20.1-recomp.jar:?]
	at net.minecraft.client.renderer.entity.layers.HumanoidArmorLayer.renderArmorPiece(HumanoidArmorLayer.java:67) ~[forge-1.20.1-47.4.10_mapped_official_1.20.1-recomp.jar:?]
	at net.minecraft.client.renderer.entity.layers.HumanoidArmorLayer.render(HumanoidArmorLayer.java:44) ~[forge-1.20.1-47.4.10_mapped_official_1.20.1-recomp.jar:?]
	at net.minecraft.client.renderer.entity.layers.HumanoidArmorLayer.render(HumanoidArmorLayer.java:29) ~[forge-1.20.1-47.4.10_mapped_official_1.20.1-recomp.jar:?]
	at net.minecraft.client.renderer.entity.LivingEntityRenderer.render(LivingEntityRenderer.java:131) ~[forge-1.20.1-47.4.10_mapped_official_1.20.1-recomp.jar:?]
	at net.minecraft.client.renderer.entity.LivingEntityRenderer.render(LivingEntityRenderer.java:30) ~[forge-1.20.1-47.4.10_mapped_official_1.20.1-recomp.jar:?]
	at net.minecraft.client.renderer.entity.EntityRenderDispatcher.render(EntityRenderDispatcher.java:140) ~[forge-1.20.1-47.4.10_mapped_official_1.20.1-recomp.jar:?]
	at net.minecraft.client.renderer.LevelRenderer.renderEntity(LevelRenderer.java:1440) ~[forge-1.20.1-47.4.10_mapped_official_1.20.1-recomp.jar:?]
	at net.minecraft.client.renderer.LevelRenderer.renderLevel(LevelRenderer.java:1223) ~[forge-1.20.1-47.4.10_mapped_official_1.20.1-recomp.jar:?]
	at net.minecraft.client.renderer.GameRenderer.renderLevel(GameRenderer.java:1126) ~[forge-1.20.1-47.4.10_mapped_official_1.20.1-recomp.jar:?]
	at net.minecraft.client.renderer.GameRenderer.render(GameRenderer.java:909) ~[forge-1.20.1-47.4.10_mapped_official_1.20.1-recomp.jar:?]
	at net.minecraft.client.Minecraft.runTick(Minecraft.java:1146) ~[forge-1.20.1-47.4.10_mapped_official_1.20.1-recomp.jar:?]
	at net.minecraft.client.Minecraft.run(Minecraft.java:718) ~[forge-1.20.1-47.4.10_mapped_official_1.20.1-recomp.jar:?]
	at net.minecraft.client.main.Main.main(Main.java:218) ~[forge-1.20.1-47.4.10_mapped_official_1.20.1-recomp.jar:?]
	at jdk.internal.reflect.NativeMethodAccessorImpl.invoke0(Native Method) ~[?:?]
	at jdk.internal.reflect.NativeMethodAccessorImpl.invoke(NativeMethodAccessorImpl.java:77) ~[?:?]
	at jdk.internal.reflect.DelegatingMethodAccessorImpl.invoke(DelegatingMethodAccessorImpl.java:43) ~[?:?]
	at java.lang.reflect.Method.invoke(Method.java:569) ~[?:?]
	at net.minecraftforge.fml.loading.targets.CommonLaunchHandler.runTarget(CommonLaunchHandler.java:111) ~[fmlloader-1.20.1-47.4.10.jar:?]
	at net.minecraftforge.fml.loading.targets.CommonLaunchHandler.clientService(CommonLaunchHandler.java:99) ~[fmlloader-1.20.1-47.4.10.jar:?]
	at net.minecraftforge.fml.loading.targets.ForgeClientUserdevLaunchHandler.devService(ForgeClientUserdevLaunchHandler.java:19) ~[fmlloader-1.20.1-47.4.10.jar:?]
	at net.minecraftforge.fml.loading.targets.CommonDevLaunchHandler.lambda$makeService$7(CommonDevLaunchHandler.java:135) ~[fmlloader-1.20.1-47.4.10.jar:?]
	at cpw.mods.modlauncher.LaunchServiceHandlerDecorator.launch(LaunchServiceHandlerDecorator.java:30) ~[modlauncher-10.0.10.jar:?]
	at cpw.mods.modlauncher.LaunchServiceHandler.launch(LaunchServiceHandler.java:53) ~[modlauncher-10.0.10.jar:?]
	at cpw.mods.modlauncher.LaunchServiceHandler.launch(LaunchServiceHandler.java:71) ~[modlauncher-10.0.10.jar:?]
	at cpw.mods.modlauncher.Launcher.run(Launcher.java:108) ~[modlauncher-10.0.10.jar:?]
	at cpw.mods.modlauncher.Launcher.main(Launcher.java:78) ~[modlauncher-10.0.10.jar:?]
	at cpw.mods.modlauncher.BootstrapLaunchConsumer.accept(BootstrapLaunchConsumer.java:26) ~[modlauncher-10.0.10.jar:?]
	at cpw.mods.modlauncher.BootstrapLaunchConsumer.accept(BootstrapLaunchConsumer.java:23) ~[modlauncher-10.0.10.jar:?]
	at cpw.mods.bootstraplauncher.BootstrapLauncher.main(BootstrapLauncher.java:141) ~[bootstraplauncher-1.1.2.jar:?]
[18Jun2026 00:28:28.312] [Render thread/WARN] [net.minecraft.client.renderer.texture.TextureManager/]: Failed to load texture: minecraft:textures/models/armor/mana_sub_zeroabyssal_warlock_armor_layer_2.png
java.io.FileNotFoundException: minecraft:textures/models/armor/mana_sub_zeroabyssal_warlock_armor_layer_2.png
	at net.minecraft.server.packs.resources.ResourceProvider.lambda$getResourceOrThrow$0(ResourceProvider.java:17) ~[forge-1.20.1-47.4.10_mapped_official_1.20.1-recomp.jar:?]
	at java.util.Optional.orElseThrow(Optional.java:403) ~[?:?]
	at net.minecraft.server.packs.resources.ResourceProvider.getResourceOrThrow(ResourceProvider.java:16) ~[forge-1.20.1-47.4.10_mapped_official_1.20.1-recomp.jar:?]
	at software.bernie.geckolib.cache.texture.AnimatableTexture.load(AnimatableTexture.java:40) ~[geckolib-forge-1.20.1-4.8_mapped_official_1.20.1.jar:4.8]
	at net.minecraft.client.renderer.texture.TextureManager.loadTexture(TextureManager.java:96) ~[forge-1.20.1-47.4.10_mapped_official_1.20.1-recomp.jar:?]
	at net.minecraft.client.renderer.texture.TextureManager.register(TextureManager.java:66) ~[forge-1.20.1-47.4.10_mapped_official_1.20.1-recomp.jar:?]
	at net.minecraft.client.renderer.texture.TextureManager.handler$zcm000$wrapAnimatableTexture(TextureManager.java:529) ~[forge-1.20.1-47.4.10_mapped_official_1.20.1-recomp.jar:?]
	at net.minecraft.client.renderer.texture.TextureManager.getTexture(TextureManager.java) ~[forge-1.20.1-47.4.10_mapped_official_1.20.1-recomp.jar:?]
	at net.minecraft.client.renderer.RenderStateShard$TextureStateShard.lambda$new$0(RenderStateShard.java:520) ~[forge-1.20.1-47.4.10_mapped_official_1.20.1-recomp.jar:?]
	at net.minecraft.client.renderer.RenderStateShard.setupRenderState(RenderStateShard.java:254) ~[forge-1.20.1-47.4.10_mapped_official_1.20.1-recomp.jar:?]
	at com.google.common.collect.ImmutableList.forEach(ImmutableList.java:422) ~[guava-31.1-jre.jar:?]
	at net.minecraft.client.renderer.RenderType$CompositeRenderType.lambda$new$1(RenderType.java:490) ~[forge-1.20.1-47.4.10_mapped_official_1.20.1-recomp.jar:?]
	at net.minecraft.client.renderer.RenderStateShard.setupRenderState(RenderStateShard.java:254) ~[forge-1.20.1-47.4.10_mapped_official_1.20.1-recomp.jar:?]
	at net.minecraft.client.renderer.RenderType.end(RenderType.java:433) ~[forge-1.20.1-47.4.10_mapped_official_1.20.1-recomp.jar:?]
	at net.minecraft.client.renderer.MultiBufferSource$BufferSource.endBatch(MultiBufferSource.java:96) ~[forge-1.20.1-47.4.10_mapped_official_1.20.1-recomp.jar:?]
	at net.minecraft.client.renderer.MultiBufferSource$BufferSource.getBuffer(MultiBufferSource.java:46) ~[forge-1.20.1-47.4.10_mapped_official_1.20.1-recomp.jar:?]
	at net.minecraft.client.renderer.entity.ItemRenderer.getArmorFoilBuffer(ItemRenderer.java:163) ~[forge-1.20.1-47.4.10_mapped_official_1.20.1-recomp.jar:?]
	at software.bernie.geckolib.renderer.GeoArmorRenderer.renderToBuffer(GeoArmorRenderer.java:298) ~[geckolib-forge-1.20.1-4.8_mapped_official_1.20.1.jar:4.8]
	at net.minecraft.client.renderer.entity.layers.HumanoidArmorLayer.renderModel(HumanoidArmorLayer.java:110) ~[forge-1.20.1-47.4.10_mapped_official_1.20.1-recomp.jar:?]
	at net.minecraft.client.renderer.entity.layers.HumanoidArmorLayer.renderArmorPiece(HumanoidArmorLayer.java:67) ~[forge-1.20.1-47.4.10_mapped_official_1.20.1-recomp.jar:?]
	at net.minecraft.client.renderer.entity.layers.HumanoidArmorLayer.render(HumanoidArmorLayer.java:45) ~[forge-1.20.1-47.4.10_mapped_official_1.20.1-recomp.jar:?]
	at net.minecraft.client.renderer.entity.layers.HumanoidArmorLayer.render(HumanoidArmorLayer.java:29) ~[forge-1.20.1-47.4.10_mapped_official_1.20.1-recomp.jar:?]
	at net.minecraft.client.renderer.entity.LivingEntityRenderer.render(LivingEntityRenderer.java:131) ~[forge-1.20.1-47.4.10_mapped_official_1.20.1-recomp.jar:?]
	at net.minecraft.client.renderer.entity.LivingEntityRenderer.render(LivingEntityRenderer.java:30) ~[forge-1.20.1-47.4.10_mapped_official_1.20.1-recomp.jar:?]
	at net.minecraft.client.renderer.entity.EntityRenderDispatcher.render(EntityRenderDispatcher.java:140) ~[forge-1.20.1-47.4.10_mapped_official_1.20.1-recomp.jar:?]
	at net.minecraft.client.renderer.LevelRenderer.renderEntity(LevelRenderer.java:1440) ~[forge-1.20.1-47.4.10_mapped_official_1.20.1-recomp.jar:?]
	at net.minecraft.client.renderer.LevelRenderer.renderLevel(LevelRenderer.java:1223) ~[forge-1.20.1-47.4.10_mapped_official_1.20.1-recomp.jar:?]
	at net.minecraft.client.renderer.GameRenderer.renderLevel(GameRenderer.java:1126) ~[forge-1.20.1-47.4.10_mapped_official_1.20.1-recomp.jar:?]
	at net.minecraft.client.renderer.GameRenderer.render(GameRenderer.java:909) ~[forge-1.20.1-47.4.10_mapped_official_1.20.1-recomp.jar:?]
	at net.minecraft.client.Minecraft.runTick(Minecraft.java:1146) ~[forge-1.20.1-47.4.10_mapped_official_1.20.1-recomp.jar:?]
	at net.minecraft.client.Minecraft.run(Minecraft.java:718) ~[forge-1.20.1-47.4.10_mapped_official_1.20.1-recomp.jar:?]
	at net.minecraft.client.main.Main.main(Main.java:218) ~[forge-1.20.1-47.4.10_mapped_official_1.20.1-recomp.jar:?]
	at jdk.internal.reflect.NativeMethodAccessorImpl.invoke0(Native Method) ~[?:?]
	at jdk.internal.reflect.NativeMethodAccessorImpl.invoke(NativeMethodAccessorImpl.java:77) ~[?:?]
	at jdk.internal.reflect.DelegatingMethodAccessorImpl.invoke(DelegatingMethodAccessorImpl.java:43) ~[?:?]
	at java.lang.reflect.Method.invoke(Method.java:569) ~[?:?]
	at net.minecraftforge.fml.loading.targets.CommonLaunchHandler.runTarget(CommonLaunchHandler.java:111) ~[fmlloader-1.20.1-47.4.10.jar:?]
	at net.minecraftforge.fml.loading.targets.CommonLaunchHandler.clientService(CommonLaunchHandler.java:99) ~[fmlloader-1.20.1-47.4.10.jar:?]
	at net.minecraftforge.fml.loading.targets.ForgeClientUserdevLaunchHandler.devService(ForgeClientUserdevLaunchHandler.java:19) ~[fmlloader-1.20.1-47.4.10.jar:?]
	at net.minecraftforge.fml.loading.targets.CommonDevLaunchHandler.lambda$makeService$7(CommonDevLaunchHandler.java:135) ~[fmlloader-1.20.1-47.4.10.jar:?]
	at cpw.mods.modlauncher.LaunchServiceHandlerDecorator.launch(LaunchServiceHandlerDecorator.java:30) ~[modlauncher-10.0.10.jar:?]
	at cpw.mods.modlauncher.LaunchServiceHandler.launch(LaunchServiceHandler.java:53) ~[modlauncher-10.0.10.jar:?]
	at cpw.mods.modlauncher.LaunchServiceHandler.launch(LaunchServiceHandler.java:71) ~[modlauncher-10.0.10.jar:?]
	at cpw.mods.modlauncher.Launcher.run(Launcher.java:108) ~[modlauncher-10.0.10.jar:?]
	at cpw.mods.modlauncher.Launcher.main(Launcher.java:78) ~[modlauncher-10.0.10.jar:?]
	at cpw.mods.modlauncher.BootstrapLaunchConsumer.accept(BootstrapLaunchConsumer.java:26) ~[modlauncher-10.0.10.jar:?]
	at cpw.mods.modlauncher.BootstrapLaunchConsumer.accept(BootstrapLaunchConsumer.java:23) ~[modlauncher-10.0.10.jar:?]
	at cpw.mods.bootstraplauncher.BootstrapLauncher.main(BootstrapLauncher.java:141) ~[bootstraplauncher-1.1.2.jar:?]
[18Jun2026 00:28:28.312] [Render thread/WARN] [net.minecraft.client.renderer.texture.TextureManager/]: Failed to load texture: minecraft:textures/models/armor/mana_sub_zeroabyssal_warlock_armor_layer_2.png
java.io.FileNotFoundException: minecraft:textures/models/armor/mana_sub_zeroabyssal_warlock_armor_layer_2.png
	at net.minecraft.server.packs.resources.ResourceProvider.lambda$getResourceOrThrow$0(ResourceProvider.java:17) ~[forge-1.20.1-47.4.10_mapped_official_1.20.1-recomp.jar:?]
	at java.util.Optional.orElseThrow(Optional.java:403) ~[?:?]
	at net.minecraft.server.packs.resources.ResourceProvider.getResourceOrThrow(ResourceProvider.java:16) ~[forge-1.20.1-47.4.10_mapped_official_1.20.1-recomp.jar:?]
	at net.minecraft.client.renderer.texture.SimpleTexture$TextureImage.load(SimpleTexture.java:85) ~[forge-1.20.1-47.4.10_mapped_official_1.20.1-recomp.jar:?]
	at net.minecraft.client.renderer.texture.SimpleTexture.getTextureImage(SimpleTexture.java:59) ~[forge-1.20.1-47.4.10_mapped_official_1.20.1-recomp.jar:?]
	at net.minecraft.client.renderer.texture.SimpleTexture.load(SimpleTexture.java:29) ~[forge-1.20.1-47.4.10_mapped_official_1.20.1-recomp.jar:?]
	at net.minecraft.client.renderer.texture.TextureManager.loadTexture(TextureManager.java:96) ~[forge-1.20.1-47.4.10_mapped_official_1.20.1-recomp.jar:?]
	at net.minecraft.client.renderer.texture.TextureManager.register(TextureManager.java:66) ~[forge-1.20.1-47.4.10_mapped_official_1.20.1-recomp.jar:?]
	at net.minecraft.client.renderer.texture.TextureManager.getTexture(TextureManager.java:119) ~[forge-1.20.1-47.4.10_mapped_official_1.20.1-recomp.jar:?]
	at net.minecraft.client.renderer.RenderStateShard$TextureStateShard.lambda$new$0(RenderStateShard.java:520) ~[forge-1.20.1-47.4.10_mapped_official_1.20.1-recomp.jar:?]
	at net.minecraft.client.renderer.RenderStateShard.setupRenderState(RenderStateShard.java:254) ~[forge-1.20.1-47.4.10_mapped_official_1.20.1-recomp.jar:?]
	at com.google.common.collect.ImmutableList.forEach(ImmutableList.java:422) ~[guava-31.1-jre.jar:?]
	at net.minecraft.client.renderer.RenderType$CompositeRenderType.lambda$new$1(RenderType.java:490) ~[forge-1.20.1-47.4.10_mapped_official_1.20.1-recomp.jar:?]
	at net.minecraft.client.renderer.RenderStateShard.setupRenderState(RenderStateShard.java:254) ~[forge-1.20.1-47.4.10_mapped_official_1.20.1-recomp.jar:?]
	at net.minecraft.client.renderer.RenderType.end(RenderType.java:433) ~[forge-1.20.1-47.4.10_mapped_official_1.20.1-recomp.jar:?]
	at net.minecraft.client.renderer.MultiBufferSource$BufferSource.endBatch(MultiBufferSource.java:96) ~[forge-1.20.1-47.4.10_mapped_official_1.20.1-recomp.jar:?]
	at net.minecraft.client.renderer.MultiBufferSource$BufferSource.getBuffer(MultiBufferSource.java:46) ~[forge-1.20.1-47.4.10_mapped_official_1.20.1-recomp.jar:?]
	at net.minecraft.client.renderer.entity.ItemRenderer.getArmorFoilBuffer(ItemRenderer.java:163) ~[forge-1.20.1-47.4.10_mapped_official_1.20.1-recomp.jar:?]
	at software.bernie.geckolib.renderer.GeoArmorRenderer.renderToBuffer(GeoArmorRenderer.java:298) ~[geckolib-forge-1.20.1-4.8_mapped_official_1.20.1.jar:4.8]
	at net.minecraft.client.renderer.entity.layers.HumanoidArmorLayer.renderModel(HumanoidArmorLayer.java:110) ~[forge-1.20.1-47.4.10_mapped_official_1.20.1-recomp.jar:?]
	at net.minecraft.client.renderer.entity.layers.HumanoidArmorLayer.renderArmorPiece(HumanoidArmorLayer.java:67) ~[forge-1.20.1-47.4.10_mapped_official_1.20.1-recomp.jar:?]
	at net.minecraft.client.renderer.entity.layers.HumanoidArmorLayer.render(HumanoidArmorLayer.java:45) ~[forge-1.20.1-47.4.10_mapped_official_1.20.1-recomp.jar:?]
	at net.minecraft.client.renderer.entity.layers.HumanoidArmorLayer.render(HumanoidArmorLayer.java:29) ~[forge-1.20.1-47.4.10_mapped_official_1.20.1-recomp.jar:?]
	at net.minecraft.client.renderer.entity.LivingEntityRenderer.render(LivingEntityRenderer.java:131) ~[forge-1.20.1-47.4.10_mapped_official_1.20.1-recomp.jar:?]
	at net.minecraft.client.renderer.entity.LivingEntityRenderer.render(LivingEntityRenderer.java:30) ~[forge-1.20.1-47.4.10_mapped_official_1.20.1-recomp.jar:?]
	at net.minecraft.client.renderer.entity.EntityRenderDispatcher.render(EntityRenderDispatcher.java:140) ~[forge-1.20.1-47.4.10_mapped_official_1.20.1-recomp.jar:?]
	at net.minecraft.client.renderer.LevelRenderer.renderEntity(LevelRenderer.java:1440) ~[forge-1.20.1-47.4.10_mapped_official_1.20.1-recomp.jar:?]
	at net.minecraft.client.renderer.LevelRenderer.renderLevel(LevelRenderer.java:1223) ~[forge-1.20.1-47.4.10_mapped_official_1.20.1-recomp.jar:?]
	at net.minecraft.client.renderer.GameRenderer.renderLevel(GameRenderer.java:1126) ~[forge-1.20.1-47.4.10_mapped_official_1.20.1-recomp.jar:?]
	at net.minecraft.client.renderer.GameRenderer.render(GameRenderer.java:909) ~[forge-1.20.1-47.4.10_mapped_official_1.20.1-recomp.jar:?]
	at net.minecraft.client.Minecraft.runTick(Minecraft.java:1146) ~[forge-1.20.1-47.4.10_mapped_official_1.20.1-recomp.jar:?]
	at net.minecraft.client.Minecraft.run(Minecraft.java:718) ~[forge-1.20.1-47.4.10_mapped_official_1.20.1-recomp.jar:?]
	at net.minecraft.client.main.Main.main(Main.java:218) ~[forge-1.20.1-47.4.10_mapped_official_1.20.1-recomp.jar:?]
	at jdk.internal.reflect.NativeMethodAccessorImpl.invoke0(Native Method) ~[?:?]
	at jdk.internal.reflect.NativeMethodAccessorImpl.invoke(NativeMethodAccessorImpl.java:77) ~[?:?]
	at jdk.internal.reflect.DelegatingMethodAccessorImpl.invoke(DelegatingMethodAccessorImpl.java:43) ~[?:?]
	at java.lang.reflect.Method.invoke(Method.java:569) ~[?:?]
	at net.minecraftforge.fml.loading.targets.CommonLaunchHandler.runTarget(CommonLaunchHandler.java:111) ~[fmlloader-1.20.1-47.4.10.jar:?]
	at net.minecraftforge.fml.loading.targets.CommonLaunchHandler.clientService(CommonLaunchHandler.java:99) ~[fmlloader-1.20.1-47.4.10.jar:?]
	at net.minecraftforge.fml.loading.targets.ForgeClientUserdevLaunchHandler.devService(ForgeClientUserdevLaunchHandler.java:19) ~[fmlloader-1.20.1-47.4.10.jar:?]
	at net.minecraftforge.fml.loading.targets.CommonDevLaunchHandler.lambda$makeService$7(CommonDevLaunchHandler.java:135) ~[fmlloader-1.20.1-47.4.10.jar:?]
	at cpw.mods.modlauncher.LaunchServiceHandlerDecorator.launch(LaunchServiceHandlerDecorator.java:30) ~[modlauncher-10.0.10.jar:?]
	at cpw.mods.modlauncher.LaunchServiceHandler.launch(LaunchServiceHandler.java:53) ~[modlauncher-10.0.10.jar:?]
	at cpw.mods.modlauncher.LaunchServiceHandler.launch(LaunchServiceHandler.java:71) ~[modlauncher-10.0.10.jar:?]
	at cpw.mods.modlauncher.Launcher.run(Launcher.java:108) ~[modlauncher-10.0.10.jar:?]
	at cpw.mods.modlauncher.Launcher.main(Launcher.java:78) ~[modlauncher-10.0.10.jar:?]
	at cpw.mods.modlauncher.BootstrapLaunchConsumer.accept(BootstrapLaunchConsumer.java:26) ~[modlauncher-10.0.10.jar:?]
	at cpw.mods.modlauncher.BootstrapLaunchConsumer.accept(BootstrapLaunchConsumer.java:23) ~[modlauncher-10.0.10.jar:?]
	at cpw.mods.bootstraplauncher.BootstrapLauncher.main(BootstrapLauncher.java:141) ~[bootstraplauncher-1.1.2.jar:?]
[18Jun2026 00:28:33.492] [Server thread/INFO] [net.minecraft.client.server.IntegratedServer/]: Saving and pausing game...
[18Jun2026 00:28:33.503] [Server thread/INFO] [net.minecraft.server.MinecraftServer/]: Saving chunks for level 'ServerLevel[New World]'/minecraft:overworld
[18Jun2026 00:28:33.510] [Server thread/INFO] [net.minecraft.server.MinecraftServer/]: Saving chunks for level 'ServerLevel[New World]'/irons_spellbooks:pocket_dimension
[18Jun2026 00:28:33.511] [Server thread/INFO] [net.minecraft.server.MinecraftServer/]: Saving chunks for level 'ServerLevel[New World]'/minecraft:the_end
[18Jun2026 00:28:33.512] [Server thread/INFO] [net.minecraft.server.MinecraftServer/]: Saving chunks for level 'ServerLevel[New World]'/minecraft:the_nether
[18Jun2026 00:28:34.083] [Render thread/INFO] [mezz.jei.forge.startup.StartEventObserver/]: JEI StartEventObserver received class net.minecraftforge.client.event.ClientPlayerNetworkEvent$LoggingOut
[18Jun2026 00:28:34.083] [Render thread/INFO] [mezz.jei.forge.startup.StartEventObserver/]: JEI StartEventObserver transitioning state from JEI_STARTED to DISABLED
[18Jun2026 00:28:34.083] [Render thread/INFO] [mezz.jei.library.startup.JeiStarter/]: Stopping JEI
[18Jun2026 00:28:34.083] [Render thread/INFO] [mezz.jei.library.load.PluginCaller/]: Sending Runtime Unavailable...
[18Jun2026 00:28:34.084] [Render thread/INFO] [mezz.jei.forge.plugins.forge.ForgeGuiPlugin/]: Stopping JEI GUI
[18Jun2026 00:28:34.088] [Render thread/INFO] [mezz.jei.library.load.PluginCaller/]: Sending Runtime Unavailable took 5.107 ms
[18Jun2026 00:28:34.099] [Server thread/INFO] [net.minecraft.server.network.ServerGamePacketListenerImpl/]: Dev lost connection: Disconnected
[18Jun2026 00:28:34.100] [Server thread/INFO] [net.minecraft.server.MinecraftServer/]: Dev left the game
[18Jun2026 00:28:34.107] [Server thread/INFO] [net.minecraft.server.network.ServerGamePacketListenerImpl/]: Stopping singleplayer server as player logged out
[18Jun2026 00:28:34.142] [Server thread/INFO] [net.minecraft.server.MinecraftServer/]: Stopping server
[18Jun2026 00:28:34.143] [Server thread/INFO] [net.minecraft.server.MinecraftServer/]: Saving players
[18Jun2026 00:28:34.143] [Server thread/INFO] [net.minecraft.server.MinecraftServer/]: Saving worlds
[18Jun2026 00:28:34.429] [Server thread/INFO] [net.minecraft.server.MinecraftServer/]: Saving chunks for level 'ServerLevel[New World]'/minecraft:overworld
[18Jun2026 00:28:34.511] [Server thread/INFO] [net.minecraft.server.MinecraftServer/]: Saving chunks for level 'ServerLevel[New World]'/irons_spellbooks:pocket_dimension
[18Jun2026 00:28:34.512] [Server thread/INFO] [net.minecraft.server.MinecraftServer/]: Saving chunks for level 'ServerLevel[New World]'/minecraft:the_end
[18Jun2026 00:28:34.514] [Server thread/INFO] [net.minecraft.server.MinecraftServer/]: Saving chunks for level 'ServerLevel[New World]'/minecraft:the_nether
[18Jun2026 00:28:34.526] [Server thread/INFO] [net.minecraft.server.MinecraftServer/]: ThreadedAnvilChunkStorage (New World): All chunks are saved
[18Jun2026 00:28:34.526] [Server thread/INFO] [net.minecraft.server.MinecraftServer/]: ThreadedAnvilChunkStorage (pocket_dimension): All chunks are saved
[18Jun2026 00:28:34.526] [Server thread/INFO] [net.minecraft.server.MinecraftServer/]: ThreadedAnvilChunkStorage (DIM1): All chunks are saved
[18Jun2026 00:28:34.526] [Server thread/INFO] [net.minecraft.server.MinecraftServer/]: ThreadedAnvilChunkStorage (DIM-1): All chunks are saved
[18Jun2026 00:28:34.526] [Server thread/INFO] [net.minecraft.server.MinecraftServer/]: ThreadedAnvilChunkStorage: All dimensions are saved
[18Jun2026 00:28:36.047] [Render thread/INFO] [net.minecraft.client.Minecraft/]: Stopping!
